unsigned char rawData[81192] = {
0x00, 0x01, 0x00, 0x00, 0x00, 0x0F, 0x00, 0x80, 0x00, 0x03, 0x00, 0x70,
0x4F, 0x53, 0x2F, 0x32, 0x76, 0x90, 0x73, 0xBE, 0x00, 0x00, 0x01, 0x78,
0x00, 0x00, 0x00, 0x60, 0x56, 0x44, 0x4D, 0x58, 0x62, 0x20, 0x69, 0x79,
0x00, 0x00, 0x05, 0xD8, 0x00, 0x00, 0x05, 0xE0, 0x63, 0x6D, 0x61, 0x70,
0x1C, 0xE8, 0x2C, 0x8C, 0x00, 0x00, 0x0B, 0xB8, 0x00, 0x00, 0x03, 0xEA,
0x63, 0x76, 0x74, 0x20, 0x00, 0x56, 0x0E, 0x00, 0x00, 0x00, 0x11, 0x30,
0x00, 0x00, 0x00, 0x12, 0x66, 0x70, 0x67, 0x6D, 0x06, 0x50, 0x9C, 0x2E,
0x00, 0x00, 0x0F, 0xA4, 0x00, 0x00, 0x01, 0x73, 0x67, 0x61, 0x73, 0x70,
0x00, 0x17, 0x00, 0x09, 0x00, 0x01, 0x3D, 0x18, 0x00, 0x00, 0x00, 0x10,
0x67, 0x6C, 0x79, 0x66, 0x7E, 0xFF, 0x33, 0x08, 0x00, 0x00, 0x11, 0x44,
0x00, 0x01, 0x21, 0xC0, 0x68, 0x65, 0x61, 0x64, 0xE8, 0x0F, 0x8C, 0xB1,
0x00, 0x00, 0x00, 0xFC, 0x00, 0x00, 0x00, 0x36, 0x68, 0x68, 0x65, 0x61,
0x15, 0x02, 0x06, 0x01, 0x00, 0x00, 0x01, 0x34, 0x00, 0x00, 0x00, 0x24,
0x68, 0x6D, 0x74, 0x78, 0x00, 0x00, 0x7A, 0x00, 0x00, 0x00, 0x01, 0xD8,
0x00, 0x00, 0x04, 0x00, 0x6C, 0x6F, 0x63, 0x61, 0xB9, 0x72, 0x71, 0x72,
0x00, 0x01, 0x33, 0x04, 0x00, 0x00, 0x02, 0x02, 0x6D, 0x61, 0x78, 0x70,
0x03, 0x4B, 0x0F, 0xD0, 0x00, 0x00, 0x01, 0x58, 0x00, 0x00, 0x00, 0x20,
0x6E, 0x61, 0x6D, 0x65, 0x68, 0x9D, 0xDE, 0xC1, 0x00, 0x01, 0x35, 0x08,
0x00, 0x00, 0x04, 0x62, 0x70, 0x6F, 0x73, 0x74, 0x37, 0xD6, 0x9C, 0xAC,
0x00, 0x01, 0x39, 0x6C, 0x00, 0x00, 0x03, 0xAB, 0x70, 0x72, 0x65, 0x70,
0x1C, 0xFF, 0x7D, 0x9C, 0x00, 0x00, 0x11, 0x18, 0x00, 0x00, 0x00, 0x16,
0x00, 0x01, 0x00, 0x00, 0x00, 0x01, 0x00, 0x00, 0xC8, 0x5B, 0x58, 0xD2,
0x5F, 0x0F, 0x3C, 0xF5, 0x00, 0x09, 0x10, 0x00, 0x00, 0x00, 0x00, 0x00,
0xBB, 0x22, 0xC8, 0x17, 0x00, 0x00, 0x00, 0x00, 0xC4, 0xD1, 0x6F, 0xA5,
0x00, 0x00, 0xFC, 0x00, 0x09, 0x00, 0x0C, 0x00, 0x00, 0x00, 0x00, 0x00,
0x00, 0x00, 0x00, 0x00, 0x00, 0x00, 0x00, 0x00, 0x00, 0x01, 0x00, 0x00,
0x0C, 0x00, 0xFC, 0x00, 0x00, 0x00, 0x09, 0x00, 0x00, 0x00, 0x00, 0x00,
0x09, 0x00, 0x00, 0x01, 0x00, 0x00, 0x00, 0x00, 0x00, 0x00, 0x00, 0x00,
0x00, 0x00, 0x00, 0x00, 0x00, 0x00, 0x01, 0x00, 0x00, 0x01, 0x00, 0x00,
0x01, 0x00, 0x01, 0x3C, 0x00, 0x40, 0x00, 0x00, 0x00, 0x00, 0x00, 0x01,
0x00, 0x00, 0x00, 0x00, 0x00, 0x0A, 0x00, 0x00, 0x02, 0x00, 0x0E, 0x93,
0x00, 0x00, 0x00, 0x00, 0x00, 0x03, 0x09, 0x00, 0x01, 0x90, 0x00, 0x05,
0x00, 0x00, 0x02, 0x00, 0x02, 0x00, 0x00, 0x00, 0x04, 0x00, 0x02, 0x00,
0x02, 0x00, 0x00, 0x00, 0x04, 0x00, 0x02, 0x00, 0x08, 0x00, 0x00, 0x00,
0x02, 0x00, 0x00, 0x09, 0x00, 0x00, 0x00, 0x00, 0x00, 0x00, 0x80, 0x00,
0x00, 0x2F, 0x00, 0x00, 0x00, 0x4A, 0x00, 0x00, 0x00, 0x00, 0x00, 0x00,
0x00, 0x00, 0x53, 0x57, 0x41, 0x50, 0x00, 0x40, 0x00, 0x01, 0x22, 0x19,
0x0C, 0x00, 0xFC, 0x00, 0x00, 0x00, 0x0C, 0x00, 0x04, 0x00, 0x20, 0x00,
0x01, 0x11, 0x40, 0x00, 0x00, 0x00, 0x07, 0x00, 0x0C, 0x00, 0x00, 0x00,
0x00, 0x20, 0x00, 0x00, 0x09, 0x00, 0x00, 0x00, 0x09, 0x00, 0x00, 0x00,
0x09, 0x00, 0x00, 0x00, 0x09, 0x00, 0x00, 0x00, 0x09, 0x00, 0x00, 0x00,
0x09, 0x00, 0x00, 0x00, 0x09, 0x00, 0x02, 0x00, 0x09, 0x00, 0x00, 0x00,
0x09, 0x00, 0x01, 0x00, 0x09, 0x00, 0x00, 0x00, 0x09, 0x00, 0x00, 0x00,
0x09, 0x00, 0x00, 0x00, 0x09, 0x00, 0x00, 0x00, 0x09, 0x00, 0x00, 0x00,
0x09, 0x00, 0x00, 0x00, 0x09, 0x00, 0x00, 0x00, 0x09, 0x00, 0x00, 0x00,
0x09, 0x00, 0x01, 0x00, 0x09, 0x00, 0x01, 0x00, 0x09, 0x00, 0x00, 0x00,
0x09, 0x00, 0x00, 0x00, 0x09, 0x00, 0x00, 0x00, 0x09, 0x00, 0x01, 0x00,
0x09, 0x00, 0x01, 0x00, 0x09, 0x00, 0x01, 0x00, 0x09, 0x00, 0x00, 0x00,
0x09, 0x00, 0x00, 0x00, 0x09, 0x00, 0x00, 0x00, 0x09, 0x00, 0x00, 0x00,
0x09, 0x00, 0x00, 0x00, 0x09, 0x00, 0x00, 0x00, 0x09, 0x00, 0x00, 0x00,
0x09, 0x00, 0x02, 0x00, 0x09, 0x00, 0x01, 0x00, 0x09, 0x00, 0x00, 0x00,
0x09, 0x00, 0x00, 0x00, 0x09, 0x00, 0x00, 0x00, 0x09, 0x00, 0x00, 0x00,
0x09, 0x00, 0x01, 0x00, 0x09, 0x00, 0x02, 0x00, 0x09, 0x00, 0x02, 0x00,
0x09, 0x00, 0x00, 0x00, 0x09, 0x00, 0x01, 0x00, 0x09, 0x00, 0x02, 0x00,
0x09, 0x00, 0x00, 0x00, 0x09, 0x00, 0x03, 0x00, 0x09, 0x00, 0x00, 0x00,
0x09, 0x00, 0x00, 0x00, 0x09, 0x00, 0x01, 0x00, 0x09, 0x00, 0x00, 0x00,
0x09, 0x00, 0x00, 0x00, 0x09, 0x00, 0x00, 0x00, 0x09, 0x00, 0x00, 0x00,
0x09, 0x00, 0x00, 0x00, 0x09, 0x00, 0x00, 0x00, 0x09, 0x00, 0x00, 0x00,
0x09, 0x00, 0x00, 0x00, 0x09, 0x00, 0x03, 0x00, 0x09, 0x00, 0x02, 0x00,
0x09, 0x00, 0x01, 0x00, 0x09, 0x00, 0x01, 0x00, 0x09, 0x00, 0x01, 0x00,
0x09, 0x00, 0x00, 0x00, 0x09, 0x00, 0x00, 0x00, 0x09, 0x00, 0x00, 0x00,
0x09, 0x00, 0x00, 0x00, 0x09, 0x00, 0x00, 0x00, 0x09, 0x00, 0x00, 0x00,
0x09, 0x00, 0x00, 0x00, 0x09, 0x00, 0x00, 0x00, 0x09, 0x00, 0x00, 0x00,
0x09, 0x00, 0x00, 0x00, 0x09, 0x00, 0x02, 0x00, 0x09, 0x00, 0x00, 0x00,
0x09, 0x00, 0x00, 0x00, 0x09, 0x00, 0x00, 0x00, 0x09, 0x00, 0x00, 0x00,
0x09, 0x00, 0x00, 0x00, 0x09, 0x00, 0x00, 0x00, 0x09, 0x00, 0x00, 0x00,
0x09, 0x00, 0x00, 0x00, 0x09, 0x00, 0x00, 0x00, 0x09, 0x00, 0x00, 0x00,
0x09, 0x00, 0x01, 0x00, 0x09, 0x00, 0x00, 0x00, 0x09, 0x00, 0x00, 0x00,
0x09, 0x00, 0x00, 0x00, 0x09, 0x00, 0x00, 0x00, 0x09, 0x00, 0x01, 0x00,
0x09, 0x00, 0x00, 0x00, 0x09, 0x00, 0x02, 0x00, 0x09, 0x00, 0x00, 0x00,
0x09, 0x00, 0x02, 0x00, 0x09, 0x00, 0x00, 0x00, 0x09, 0x00, 0x00, 0x00,
0x09, 0x00, 0x02, 0x00, 0x09, 0x00, 0x00, 0x00, 0x09, 0x00, 0x00, 0x00,
0x09, 0x00, 0x00, 0x00, 0x09, 0x00, 0x00, 0x00, 0x09, 0x00, 0x00, 0x00,
0x09, 0x00, 0x01, 0x00, 0x09, 0x00, 0x00, 0x00, 0x09, 0x00, 0x00, 0x00,
0x09, 0x00, 0x02, 0x00, 0x09, 0x00, 0x01, 0x00, 0x09, 0x00, 0x00, 0x00,
0x09, 0x00, 0x02, 0x00, 0x09, 0x00, 0x00, 0x00, 0x09, 0x00, 0x00, 0x00,
0x09, 0x00, 0x00, 0x00, 0x09, 0x00, 0x00, 0x00, 0x09, 0x00, 0x00, 0x00,
0x09, 0x00, 0x00, 0x00, 0x09, 0x00, 0x00, 0x00, 0x09, 0x00, 0x00, 0x00,
0x09, 0x00, 0x00, 0x00, 0x09, 0x00, 0x00, 0x00, 0x09, 0x00, 0x00, 0x00,
0x09, 0x00, 0x00, 0x00, 0x09, 0x00, 0x00, 0x00, 0x09, 0x00, 0x00, 0x00,
0x09, 0x00, 0x01, 0x00, 0x09, 0x00, 0x03, 0x00, 0x09, 0x00, 0x01, 0x00,
0x09, 0x00, 0x00, 0x00, 0x09, 0x00, 0x00, 0x00, 0x09, 0x00, 0x00, 0x00,
0x09, 0x00, 0x00, 0x00, 0x09, 0x00, 0x00, 0x00, 0x09, 0x00, 0x00, 0x00,
0x09, 0x00, 0x00, 0x00, 0x09, 0x00, 0x00, 0x00, 0x09, 0x00, 0x00, 0x00,
0x09, 0x00, 0x00, 0x00, 0x09, 0x00, 0x00, 0x00, 0x09, 0x00, 0x00, 0x00,
0x09, 0x00, 0x00, 0x00, 0x09, 0x00, 0x01, 0x00, 0x09, 0x00, 0x01, 0x00,
0x09, 0x00, 0x01, 0x00, 0x09, 0x00, 0x00, 0x00, 0x09, 0x00, 0x00, 0x00,
0x09, 0x00, 0x00, 0x00, 0x09, 0x00, 0x00, 0x00, 0x09, 0x00, 0x00, 0x00,
0x09, 0x00, 0x00, 0x00, 0x09, 0x00, 0x00, 0x00, 0x09, 0x00, 0x00, 0x00,
0x09, 0x00, 0x00, 0x00, 0x09, 0x00, 0x00, 0x00, 0x09, 0x00, 0x00, 0x00,
0x09, 0x00, 0x00, 0x00, 0x09, 0x00, 0x00, 0x00, 0x09, 0x00, 0x00, 0x00,
0x09, 0x00, 0x00, 0x00, 0x09, 0x00, 0x01, 0x00, 0x09, 0x00, 0x00, 0x00,
0x09, 0x00, 0x00, 0x00, 0x09, 0x00, 0x00, 0x00, 0x09, 0x00, 0x02, 0x00,
0x09, 0x00, 0x00, 0x00, 0x09, 0x00, 0x00, 0x00, 0x09, 0x00, 0x00, 0x00,
0x09, 0x00, 0x00, 0x00, 0x09, 0x00, 0x01, 0x00, 0x09, 0x00, 0x01, 0x00,
0x09, 0x00, 0x00, 0x00, 0x09, 0x00, 0x00, 0x00, 0x09, 0x00, 0x00, 0x00,
0x09, 0x00, 0x00, 0x00, 0x09, 0x00, 0x00, 0x00, 0x09, 0x00, 0x02, 0x00,
0x09, 0x00, 0x00, 0x00, 0x09, 0x00, 0x00, 0x00, 0x09, 0x00, 0x01, 0x00,
0x09, 0x00, 0x00, 0x00, 0x09, 0x00, 0x00, 0x00, 0x09, 0x00, 0x03, 0x00,
0x09, 0x00, 0x00, 0x00, 0x09, 0x00, 0x00, 0x00, 0x09, 0x00, 0x00, 0x00,
0x09, 0x00, 0x00, 0x00, 0x09, 0x00, 0x00, 0x00, 0x09, 0x00, 0x00, 0x00,
0x09, 0x00, 0x02, 0x00, 0x09, 0x00, 0x00, 0x00, 0x09, 0x00, 0x00, 0x00,
0x09, 0x00, 0x00, 0x00, 0x09, 0x00, 0x00, 0x00, 0x09, 0x00, 0x00, 0x00,
0x09, 0x00, 0x03, 0x00, 0x09, 0x00, 0x00, 0x00, 0x09, 0x00, 0x00, 0x00,
0x09, 0x00, 0x03, 0x00, 0x09, 0x00, 0x00, 0x00, 0x09, 0x00, 0x00, 0x00,
0x09, 0x00, 0x03, 0x00, 0x09, 0x00, 0x02, 0x00, 0x09, 0x00, 0x02, 0x00,
0x09, 0x00, 0x02, 0x00, 0x09, 0x00, 0x00, 0x00, 0x09, 0x00, 0x00, 0x00,
0x09, 0x00, 0x02, 0x00, 0x09, 0x00, 0x00, 0x00, 0x09, 0x00, 0x00, 0x00,
0x09, 0x00, 0x00, 0x00, 0x09, 0x00, 0x00, 0x00, 0x09, 0x00, 0x00, 0x00,
0x09, 0x00, 0x00, 0x00, 0x09, 0x00, 0x02, 0x00, 0x09, 0x00, 0x03, 0x00,
0x09, 0x00, 0x03, 0x00, 0x09, 0x00, 0x02, 0x00, 0x09, 0x00, 0x00, 0x00,
0x09, 0x00, 0x00, 0x00, 0x09, 0x00, 0x00, 0x00, 0x09, 0x00, 0x03, 0x00,
0x09, 0x00, 0x00, 0x00, 0x09, 0x00, 0x00, 0x00, 0x09, 0x00, 0x00, 0x00,
0x09, 0x00, 0x04, 0x00, 0x09, 0x00, 0x00, 0x00, 0x09, 0x00, 0x00, 0x00,
0x09, 0x00, 0x00, 0x00, 0x09, 0x00, 0x00, 0x00, 0x09, 0x00, 0x00, 0x00,
0x09, 0x00, 0x00, 0x00, 0x09, 0x00, 0x00, 0x00, 0x09, 0x00, 0x00, 0x00,
0x09, 0x00, 0x00, 0x00, 0x09, 0x00, 0x01, 0x00, 0x09, 0x00, 0x00, 0x00,
0x09, 0x00, 0x00, 0x00, 0x09, 0x00, 0x01, 0x00, 0x09, 0x00, 0x00, 0x00,
0x09, 0x00, 0x00, 0x00, 0x09, 0x00, 0x01, 0x00, 0x09, 0x00, 0x00, 0x00,
0x09, 0x00, 0x00, 0x00, 0x09, 0x00, 0x01, 0x00, 0x09, 0x00, 0x01, 0x00,
0x09, 0x00, 0x01, 0x00, 0x09, 0x00, 0x03, 0x00, 0x09, 0x00, 0x00, 0x00,
0x09, 0x00, 0x01, 0x00, 0x09, 0x00, 0x00, 0x00, 0x09, 0x00, 0x01, 0x00,
0x09, 0x00, 0x03, 0x00, 0x09, 0x00, 0x03, 0x00, 0x09, 0x00, 0x00, 0x00,
0x09, 0x00, 0x01, 0x00, 0x09, 0x00, 0x01, 0x00, 0x09, 0x00, 0x01, 0x00,
0x09, 0x00, 0x00, 0x00, 0x09, 0x00, 0x00, 0x00, 0x00, 0x00, 0x00, 0x01,
0x00, 0x01, 0x01, 0x01, 0x01, 0x01, 0x00, 0x0C, 0x00, 0xF8, 0x08, 0xFF,
0x00, 0x08, 0x00, 0x06, 0xFF, 0xFE, 0x00, 0x09, 0x00, 0x07, 0xFF, 0xFD,
0x00, 0x0A, 0x00, 0x08, 0xFF, 0xFD, 0x00, 0x0B, 0x00, 0x09, 0xFF, 0xFD,
0x00, 0x0C, 0x00, 0x09, 0xFF, 0xFD, 0x00, 0x0D, 0x00, 0x0A, 0xFF, 0xFC,
0x00, 0x0E, 0x00, 0x0B, 0xFF, 0xFC, 0x00, 0x0F, 0x00, 0x0C, 0xFF, 0xFC,
0x00, 0x10, 0x00, 0x0C, 0xFF, 0xFC, 0x00, 0x11, 0x00, 0x0D, 0xFF, 0xFB,
0x00, 0x12, 0x00, 0x0E, 0xFF, 0xFB, 0x00, 0x13, 0x00, 0x0F, 0xFF, 0xFB,
0x00, 0x14, 0x00, 0x0F, 0xFF, 0xFB, 0x00, 0x15, 0x00, 0x10, 0xFF, 0xFA,
0x00, 0x16, 0x00, 0x11, 0xFF, 0xFA, 0x00, 0x17, 0x00, 0x12, 0xFF, 0xFA,
0x00, 0x18, 0x00, 0x12, 0xFF, 0xFA, 0x00, 0x19, 0x00, 0x13, 0xFF, 0xF9,
0x00, 0x1A, 0x00, 0x14, 0xFF, 0xF9, 0x00, 0x1B, 0x00, 0x15, 0xFF, 0xF9,
0x00, 0x1C, 0x00, 0x15, 0xFF, 0xF9, 0x00, 0x1D, 0x00, 0x16, 0xFF, 0xF8,
0x00, 0x1E, 0x00, 0x17, 0xFF, 0xF8, 0x00, 0x1F, 0x00, 0x18, 0xFF, 0xF8,
0x00, 0x20, 0x00, 0x18, 0xFF, 0xF8, 0x00, 0x21, 0x00, 0x19, 0xFF, 0xF7,
0x00, 0x22, 0x00, 0x1A, 0xFF, 0xF7, 0x00, 0x23, 0x00, 0x1B, 0xFF, 0xF7,
0x00, 0x24, 0x00, 0x1B, 0xFF, 0xF7, 0x00, 0x25, 0x00, 0x1C, 0xFF, 0xF6,
0x00, 0x26, 0x00, 0x1D, 0xFF, 0xF6, 0x00, 0x27, 0x00, 0x1E, 0xFF, 0xF6,
0x00, 0x28, 0x00, 0x1E, 0xFF, 0xF6, 0x00, 0x29, 0x00, 0x1F, 0xFF, 0xF5,
0x00, 0x2A, 0x00, 0x20, 0xFF, 0xF5, 0x00, 0x2B, 0x00, 0x21, 0xFF, 0xF5,
0x00, 0x2C, 0x00, 0x21, 0xFF, 0xF5, 0x00, 0x2D, 0x00, 0x22, 0xFF, 0xF4,
0x00, 0x2E, 0x00, 0x23, 0xFF, 0xF4, 0x00, 0x2F, 0x00, 0x24, 0xFF, 0xF4,
0x00, 0x30, 0x00, 0x24, 0xFF, 0xF4, 0x00, 0x31, 0x00, 0x25, 0xFF, 0xF3,
0x00, 0x32, 0x00, 0x26, 0xFF, 0xF3, 0x00, 0x33, 0x00, 0x27, 0xFF, 0xF3,
0x00, 0x34, 0x00, 0x27, 0xFF, 0xF3, 0x00, 0x35, 0x00, 0x28, 0xFF, 0xF2,
0x00, 0x36, 0x00, 0x29, 0xFF, 0xF2, 0x00, 0x37, 0x00, 0x2A, 0xFF, 0xF2,
0x00, 0x38, 0x00, 0x2A, 0xFF, 0xF2, 0x00, 0x39, 0x00, 0x2B, 0xFF, 0xF1,
0x00, 0x3A, 0x00, 0x2C, 0xFF, 0xF1, 0x00, 0x3B, 0x00, 0x2D, 0xFF, 0xF1,
0x00, 0x3C, 0x00, 0x2D, 0xFF, 0xF1, 0x00, 0x3D, 0x00, 0x2E, 0xFF, 0xF0,
0x00, 0x3E, 0x00, 0x2F, 0xFF, 0xF0, 0x00, 0x3F, 0x00, 0x30, 0xFF, 0xF0,
0x00, 0x40, 0x00, 0x30, 0xFF, 0xF0, 0x00, 0x41, 0x00, 0x31, 0xFF, 0xEF,
0x00, 0x42, 0x00, 0x32, 0xFF, 0xEF, 0x00, 0x43, 0x00, 0x33, 0xFF, 0xEF,
0x00, 0x44, 0x00, 0x33, 0xFF, 0xEF, 0x00, 0x45, 0x00, 0x34, 0xFF, 0xEE,
0x00, 0x46, 0x00, 0x35, 0xFF, 0xEE, 0x00, 0x47, 0x00, 0x36, 0xFF, 0xEE,
0x00, 0x48, 0x00, 0x36, 0xFF, 0xEE, 0x00, 0x49, 0x00, 0x37, 0xFF, 0xED,
0x00, 0x4A, 0x00, 0x38, 0xFF, 0xED, 0x00, 0x4B, 0x00, 0x39, 0xFF, 0xED,
0x00, 0x4C, 0x00, 0x39, 0xFF, 0xED, 0x00, 0x4D, 0x00, 0x3A, 0xFF, 0xEC,
0x00, 0x4E, 0x00, 0x3B, 0xFF, 0xEC, 0x00, 0x4F, 0x00, 0x3C, 0xFF, 0xEC,
0x00, 0x50, 0x00, 0x3C, 0xFF, 0xEC, 0x00, 0x51, 0x00, 0x3D, 0xFF, 0xEB,
0x00, 0x52, 0x00, 0x3E, 0xFF, 0xEB, 0x00, 0x53, 0x00, 0x3F, 0xFF, 0xEB,
0x00, 0x54, 0x00, 0x3F, 0xFF, 0xEB, 0x00, 0x55, 0x00, 0x40, 0xFF, 0xEA,
0x00, 0x56, 0x00, 0x41, 0xFF, 0xEA, 0x00, 0x57, 0x00, 0x42, 0xFF, 0xEA,
0x00, 0x58, 0x00, 0x42, 0xFF, 0xEA, 0x00, 0x59, 0x00, 0x43, 0xFF, 0xE9,
0x00, 0x5A, 0x00, 0x44, 0xFF, 0xE9, 0x00, 0x5B, 0x00, 0x45, 0xFF, 0xE9,
0x00, 0x5C, 0x00, 0x45, 0xFF, 0xE9, 0x00, 0x5D, 0x00, 0x46, 0xFF, 0xE8,
0x00, 0x5E, 0x00, 0x47, 0xFF, 0xE8, 0x00, 0x5F, 0x00, 0x48, 0xFF, 0xE8,
0x00, 0x60, 0x00, 0x48, 0xFF, 0xE8, 0x00, 0x61, 0x00, 0x49, 0xFF, 0xE7,
0x00, 0x62, 0x00, 0x4A, 0xFF, 0xE7, 0x00, 0x63, 0x00, 0x4B, 0xFF, 0xE7,
0x00, 0x64, 0x00, 0x4B, 0xFF, 0xE7, 0x00, 0x65, 0x00, 0x4C, 0xFF, 0xE6,
0x00, 0x66, 0x00, 0x4D, 0xFF, 0xE6, 0x00, 0x67, 0x00, 0x4E, 0xFF, 0xE6,
0x00, 0x68, 0x00, 0x4E, 0xFF, 0xE6, 0x00, 0x69, 0x00, 0x4F, 0xFF, 0xE5,
0x00, 0x6A, 0x00, 0x50, 0xFF, 0xE5, 0x00, 0x6B, 0x00, 0x51, 0xFF, 0xE5,
0x00, 0x6C, 0x00, 0x51, 0xFF, 0xE5, 0x00, 0x6D, 0x00, 0x52, 0xFF, 0xE4,
0x00, 0x6E, 0x00, 0x53, 0xFF, 0xE4, 0x00, 0x6F, 0x00, 0x54, 0xFF, 0xE4,
0x00, 0x70, 0x00, 0x54, 0xFF, 0xE4, 0x00, 0x71, 0x00, 0x55, 0xFF, 0xE3,
0x00, 0x72, 0x00, 0x56, 0xFF, 0xE3, 0x00, 0x73, 0x00, 0x57, 0xFF, 0xE3,
0x00, 0x74, 0x00, 0x57, 0xFF, 0xE3, 0x00, 0x75, 0x00, 0x58, 0xFF, 0xE2,
0x00, 0x76, 0x00, 0x59, 0xFF, 0xE2, 0x00, 0x77, 0x00, 0x5A, 0xFF, 0xE2,
0x00, 0x78, 0x00, 0x5A, 0xFF, 0xE2, 0x00, 0x79, 0x00, 0x5B, 0xFF, 0xE1,
0x00, 0x7A, 0x00, 0x5C, 0xFF, 0xE1, 0x00, 0x7B, 0x00, 0x5D, 0xFF, 0xE1,
0x00, 0x7C, 0x00, 0x5D, 0xFF, 0xE1, 0x00, 0x7D, 0x00, 0x5E, 0xFF, 0xE0,
0x00, 0x7E, 0x00, 0x5F, 0xFF, 0xE0, 0x00, 0x7F, 0x00, 0x60, 0xFF, 0xE0,
0x00, 0x80, 0x00, 0x60, 0xFF, 0xE0, 0x00, 0x81, 0x00, 0x61, 0xFF, 0xDF,
0x00, 0x82, 0x00, 0x62, 0xFF, 0xDF, 0x00, 0x83, 0x00, 0x63, 0xFF, 0xDF,
0x00, 0x84, 0x00, 0x63, 0xFF, 0xDF, 0x00, 0x85, 0x00, 0x64, 0xFF, 0xDE,
0x00, 0x86, 0x00, 0x65, 0xFF, 0xDE, 0x00, 0x87, 0x00, 0x66, 0xFF, 0xDE,
0x00, 0x88, 0x00, 0x66, 0xFF, 0xDE, 0x00, 0x89, 0x00, 0x67, 0xFF, 0xDD,
0x00, 0x8A, 0x00, 0x68, 0xFF, 0xDD, 0x00, 0x8B, 0x00, 0x69, 0xFF, 0xDD,
0x00, 0x8C, 0x00, 0x69, 0xFF, 0xDD, 0x00, 0x8D, 0x00, 0x6A, 0xFF, 0xDC,
0x00, 0x8E, 0x00, 0x6B, 0xFF, 0xDC, 0x00, 0x8F, 0x00, 0x6C, 0xFF, 0xDC,
0x00, 0x90, 0x00, 0x6C, 0xFF, 0xDC, 0x00, 0x91, 0x00, 0x6D, 0xFF, 0xDB,
0x00, 0x92, 0x00, 0x6E, 0xFF, 0xDB, 0x00, 0x93, 0x00, 0x6F, 0xFF, 0xDB,
0x00, 0x94, 0x00, 0x6F, 0xFF, 0xDB, 0x00, 0x95, 0x00, 0x70, 0xFF, 0xDA,
0x00, 0x96, 0x00, 0x71, 0xFF, 0xDA, 0x00, 0x97, 0x00, 0x72, 0xFF, 0xDA,
0x00, 0x98, 0x00, 0x72, 0xFF, 0xDA, 0x00, 0x99, 0x00, 0x73, 0xFF, 0xD9,
0x00, 0x9A, 0x00, 0x74, 0xFF, 0xD9, 0x00, 0x9B, 0x00, 0x75, 0xFF, 0xD9,
0x00, 0x9C, 0x00, 0x75, 0xFF, 0xD9, 0x00, 0x9D, 0x00, 0x76, 0xFF, 0xD8,
0x00, 0x9E, 0x00, 0x77, 0xFF, 0xD8, 0x00, 0x9F, 0x00, 0x78, 0xFF, 0xD8,
0x00, 0xA0, 0x00, 0x78, 0xFF, 0xD8, 0x00, 0xA1, 0x00, 0x79, 0xFF, 0xD7,
0x00, 0xA2, 0x00, 0x7A, 0xFF, 0xD7, 0x00, 0xA3, 0x00, 0x7B, 0xFF, 0xD7,
0x00, 0xA4, 0x00, 0x7B, 0xFF, 0xD7, 0x00, 0xA5, 0x00, 0x7C, 0xFF, 0xD6,
0x00, 0xA6, 0x00, 0x7D, 0xFF, 0xD6, 0x00, 0xA7, 0x00, 0x7E, 0xFF, 0xD6,
0x00, 0xA8, 0x00, 0x7E, 0xFF, 0xD6, 0x00, 0xA9, 0x00, 0x7F, 0xFF, 0xD5,
0x00, 0xAA, 0x00, 0x80, 0xFF, 0xD5, 0x00, 0xAB, 0x00, 0x81, 0xFF, 0xD5,
0x00, 0xAC, 0x00, 0x81, 0xFF, 0xD5, 0x00, 0xAD, 0x00, 0x82, 0xFF, 0xD4,
0x00, 0xAE, 0x00, 0x83, 0xFF, 0xD4, 0x00, 0xAF, 0x00, 0x84, 0xFF, 0xD4,
0x00, 0xB0, 0x00, 0x84, 0xFF, 0xD4, 0x00, 0xB1, 0x00, 0x85, 0xFF, 0xD3,
0x00, 0xB2, 0x00, 0x86, 0xFF, 0xD3, 0x00, 0xB3, 0x00, 0x87, 0xFF, 0xD3,
0x00, 0xB4, 0x00, 0x87, 0xFF, 0xD3, 0x00, 0xB5, 0x00, 0x88, 0xFF, 0xD2,
0x00, 0xB6, 0x00, 0x89, 0xFF, 0xD2, 0x00, 0xB7, 0x00, 0x8A, 0xFF, 0xD2,
0x00, 0xB8, 0x00, 0x8A, 0xFF, 0xD2, 0x00, 0xB9, 0x00, 0x8B, 0xFF, 0xD1,
0x00, 0xBA, 0x00, 0x8C, 0xFF, 0xD1, 0x00, 0xBB, 0x00, 0x8D, 0xFF, 0xD1,
0x00, 0xBC, 0x00, 0x8D, 0xFF, 0xD1, 0x00, 0xBD, 0x00, 0x8E, 0xFF, 0xD0,
0x00, 0xBE, 0x00, 0x8F, 0xFF, 0xD0, 0x00, 0xBF, 0x00, 0x90, 0xFF, 0xD0,
0x00, 0xC0, 0x00, 0x90, 0xFF, 0xD0, 0x00, 0xC1, 0x00, 0x91, 0xFF, 0xCF,
0x00, 0xC2, 0x00, 0x92, 0xFF, 0xCF, 0x00, 0xC3, 0x00, 0x93, 0xFF, 0xCF,
0x00, 0xC4, 0x00, 0x93, 0xFF, 0xCF, 0x00, 0xC5, 0x00, 0x94, 0xFF, 0xCE,
0x00, 0xC6, 0x00, 0x95, 0xFF, 0xCE, 0x00, 0xC7, 0x00, 0x96, 0xFF, 0xCE,
0x00, 0xC8, 0x00, 0x96, 0xFF, 0xCE, 0x00, 0xC9, 0x00, 0x97, 0xFF, 0xCD,
0x00, 0xCA, 0x00, 0x98, 0xFF, 0xCD, 0x00, 0xCB, 0x00, 0x99, 0xFF, 0xCD,
0x00, 0xCC, 0x00, 0x99, 0xFF, 0xCD, 0x00, 0xCD, 0x00, 0x9A, 0xFF, 0xCC,
0x00, 0xCE, 0x00, 0x9B, 0xFF, 0xCC, 0x00, 0xCF, 0x00, 0x9C, 0xFF, 0xCC,
0x00, 0xD0, 0x00, 0x9C, 0xFF, 0xCC, 0x00, 0xD1, 0x00, 0x9D, 0xFF, 0xCB,
0x00, 0xD2, 0x00, 0x9E, 0xFF, 0xCB, 0x00, 0xD3, 0x00, 0x9F, 0xFF, 0xCB,
0x00, 0xD4, 0x00, 0x9F, 0xFF, 0xCB, 0x00, 0xD5, 0x00, 0xA0, 0xFF, 0xCA,
0x00, 0xD6, 0x00, 0xA1, 0xFF, 0xCA, 0x00, 0xD7, 0x00, 0xA2, 0xFF, 0xCA,
0x00, 0xD8, 0x00, 0xA2, 0xFF, 0xCA, 0x00, 0xD9, 0x00, 0xA3, 0xFF, 0xC9,
0x00, 0xDA, 0x00, 0xA4, 0xFF, 0xC9, 0x00, 0xDB, 0x00, 0xA5, 0xFF, 0xC9,
0x00, 0xDC, 0x00, 0xA5, 0xFF, 0xC9, 0x00, 0xDD, 0x00, 0xA6, 0xFF, 0xC8,
0x00, 0xDE, 0x00, 0xA7, 0xFF, 0xC8, 0x00, 0xDF, 0x00, 0xA8, 0xFF, 0xC8,
0x00, 0xE0, 0x00, 0xA8, 0xFF, 0xC8, 0x00, 0xE1, 0x00, 0xA9, 0xFF, 0xC7,
0x00, 0xE2, 0x00, 0xAA, 0xFF, 0xC7, 0x00, 0xE3, 0x00, 0xAB, 0xFF, 0xC7,
0x00, 0xE4, 0x00, 0xAB, 0xFF, 0xC7, 0x00, 0xE5, 0x00, 0xAC, 0xFF, 0xC6,
0x00, 0xE6, 0x00, 0xAD, 0xFF, 0xC6, 0x00, 0xE7, 0x00, 0xAE, 0xFF, 0xC6,
0x00, 0xE8, 0x00, 0xAE, 0xFF, 0xC6, 0x00, 0xE9, 0x00, 0xAF, 0xFF, 0xC5,
0x00, 0xEA, 0x00, 0xB0, 0xFF, 0xC5, 0x00, 0xEB, 0x00, 0xB1, 0xFF, 0xC5,
0x00, 0xEC, 0x00, 0xB1, 0xFF, 0xC5, 0x00, 0xED, 0x00, 0xB2, 0xFF, 0xC4,
0x00, 0xEE, 0x00, 0xB3, 0xFF, 0xC4, 0x00, 0xEF, 0x00, 0xB4, 0xFF, 0xC4,
0x00, 0xF0, 0x00, 0xB4, 0xFF, 0xC4, 0x00, 0xF1, 0x00, 0xB5, 0xFF, 0xC3,
0x00, 0xF2, 0x00, 0xB6, 0xFF, 0xC3, 0x00, 0xF3, 0x00, 0xB7, 0xFF, 0xC3,
0x00, 0xF4, 0x00, 0xB7, 0xFF, 0xC3, 0x00, 0xF5, 0x00, 0xB8, 0xFF, 0xC2,
0x00, 0xF6, 0x00, 0xB9, 0xFF, 0xC2, 0x00, 0xF7, 0x00, 0xBA, 0xFF, 0xC2,
0x00, 0xF8, 0x00, 0xBA, 0xFF, 0xC2, 0x00, 0xF9, 0x00, 0xBB, 0xFF, 0xC1,
0x00, 0xFA, 0x00, 0xBC, 0xFF, 0xC1, 0x00, 0xFB, 0x00, 0xBD, 0xFF, 0xC1,
0x00, 0xFC, 0x00, 0xBD, 0xFF, 0xC1, 0x00, 0xFD, 0x00, 0xBE, 0xFF, 0xC0,
0x00, 0xFE, 0x00, 0xBF, 0xFF, 0xC0, 0x00, 0xFF, 0x00, 0xC0, 0xFF, 0xC0,
0x00, 0x00, 0x00, 0x03, 0x00, 0x00, 0x00, 0x03, 0x00, 0x00, 0x03, 0x02,
0x00, 0x01, 0x00, 0x00, 0x00, 0x00, 0x00, 0x1C, 0x00, 0x03, 0x00, 0x01,
0x00, 0x00, 0x02, 0x1A, 0x00, 0x06, 0x01, 0xFE, 0x00, 0x00, 0x00, 0x03,
0x00, 0xFA, 0x00, 0x02, 0x00, 0x03, 0x00, 0x04, 0x00, 0x05, 0x00, 0x06,
0x00, 0x07, 0x00, 0x08, 0x00, 0x09, 0x00, 0x0A, 0x00, 0x0B, 0x00, 0x0C,
0x00, 0x0D, 0x00, 0x0E, 0x00, 0x0F, 0x00, 0x10, 0x00, 0x11, 0x00, 0x12,
0x00, 0x13, 0x00, 0x14, 0x00, 0x15, 0x00, 0x16, 0x00, 0x17, 0x00, 0x18,
0x00, 0x19, 0x00, 0x1A, 0x00, 0x1B, 0x00, 0x1C, 0x00, 0x1D, 0x00, 0x1E,
0x00, 0x1F, 0x00, 0x20, 0x00, 0x21, 0x00, 0x22, 0x00, 0x23, 0x00, 0x24,
0x00, 0x25, 0x00, 0x26, 0x00, 0x27, 0x00, 0x28, 0x00, 0x29, 0x00, 0x2A,
0x00, 0x2B, 0x00, 0x2C, 0x00, 0x2D, 0x00, 0x2E, 0x00, 0x2F, 0x00, 0x30,
0x00, 0x31, 0x00, 0x32, 0x00, 0x33, 0x00, 0x34, 0x00, 0x35, 0x00, 0x36,
0x00, 0x37, 0x00, 0x38, 0x00, 0x39, 0x00, 0x3A, 0x00, 0x3B, 0x00, 0x3C,
0x00, 0x3D, 0x00, 0x3E, 0x00, 0x3F, 0x00, 0x40, 0x00, 0x41, 0x00, 0x42,
0x00, 0x43, 0x00, 0x44, 0x00, 0x45, 0x00, 0x46, 0x00, 0x47, 0x00, 0x48,
0x00, 0x49, 0x00, 0x4A, 0x00, 0x4B, 0x00, 0x4C, 0x00, 0x4D, 0x00, 0x4E,
0x00, 0x4F, 0x00, 0x50, 0x00, 0x51, 0x00, 0x52, 0x00, 0x53, 0x00, 0x54,
0x00, 0x55, 0x00, 0x56, 0x00, 0x57, 0x00, 0x58, 0x00, 0x59, 0x00, 0x5A,
0x00, 0x5B, 0x00, 0x5C, 0x00, 0x5D, 0x00, 0x5E, 0x00, 0x5F, 0x00, 0x60,
0x00, 0x61, 0x00, 0x62, 0x00, 0x63, 0x00, 0x64, 0x00, 0x65, 0x00, 0x66,
0x00, 0x67, 0x00, 0x68, 0x00, 0x69, 0x00, 0x6A, 0x00, 0x6B, 0x00, 0x6C,
0x00, 0x6D, 0x00, 0x6E, 0x00, 0x6F, 0x00, 0x70, 0x00, 0x71, 0x00, 0x72,
0x00, 0x73, 0x00, 0x74, 0x00, 0x75, 0x00, 0x76, 0x00, 0x77, 0x00, 0x78,
0x00, 0x79, 0x00, 0x7A, 0x00, 0x7B, 0x00, 0x7C, 0x00, 0x7D, 0x00, 0x00,
0x00, 0xC3, 0x00, 0xC4, 0x00, 0xC6, 0x00, 0xC8, 0x00, 0xD0, 0x00, 0xD5,
0x00, 0xDB, 0x00, 0xE0, 0x00, 0xDF, 0x00, 0xE1, 0x00, 0xE3, 0x00, 0xE2,
0x00, 0xE4, 0x00, 0xE6, 0x00, 0xE8, 0x00, 0xE7, 0x00, 0xE9, 0x00, 0xEA,
0x00, 0xEC, 0x00, 0xEB, 0x00, 0xED, 0x00, 0xEE, 0x00, 0xF0, 0x00, 0xF2,
0x00, 0xF1, 0x00, 0xF3, 0x00, 0xF5, 0x00, 0xF4, 0x00, 0xF9, 0x00, 0xF8,
0x00, 0xFA, 0x00, 0xFB, 0x00, 0x85, 0x00, 0xAF, 0x00, 0xA1, 0x00, 0xA2,
0x00, 0xA6, 0x00, 0x94, 0x00, 0xB5, 0x00, 0xDE, 0x00, 0xAD, 0x00, 0xA8,
0x00, 0x98, 0x00, 0xB3, 0x00, 0xA7, 0x00, 0x00, 0x00, 0xC5, 0x00, 0xD7,
0x00, 0x00, 0x00, 0xB0, 0x00, 0x00, 0x00, 0x00, 0x00, 0xA4, 0x00, 0xB4,
0x00, 0x00, 0x00, 0x00, 0x00, 0x00, 0x00, 0x00, 0x00, 0x00, 0x00, 0xA9,
0x00, 0xB9, 0x00, 0x00, 0x00, 0xE5, 0x00, 0xF7, 0x00, 0xBE, 0x00, 0xA0,
0x00, 0xAB, 0x00, 0x00, 0x00, 0x82, 0x00, 0x00, 0x00, 0x00, 0x00, 0xAA,
0x00, 0xBA, 0x00, 0x84, 0x00, 0x9F, 0x00, 0xBF, 0x00, 0xC2, 0x00, 0xD4,
0x00, 0x8B, 0x00, 0x9B, 0x00, 0x95, 0x00, 0x96, 0x00, 0x92, 0x00, 0x93,
0x00, 0x90, 0x00, 0x91, 0x00, 0xF6, 0x00, 0x00, 0x00, 0xFE, 0x00, 0x9E,
0x00, 0x00, 0x00, 0xA3, 0x00, 0x8A, 0x00, 0x9A, 0x00, 0x00, 0x00, 0x00,
0x00, 0x86, 0x00, 0xB6, 0x00, 0x81, 0x00, 0x83, 0x00, 0x88, 0x00, 0xC1,
0x00, 0xC9, 0x00, 0xC0, 0x00, 0xCA, 0x00, 0xC7, 0x00, 0xCC, 0x00, 0xCD,
0x00, 0xCE, 0x00, 0xCB, 0x00, 0xD2, 0x00, 0xD3, 0x00, 0x00, 0x00, 0xD1,
0x00, 0xD9, 0x00, 0xDA, 0x00, 0xD8, 0x00, 0x00, 0x00, 0x87, 0x00, 0x97,
0x00, 0xAE, 0x00, 0x00, 0x00, 0x00, 0x00, 0x00, 0x00, 0xB7, 0x00, 0x04,
0x00, 0xE8, 0x00, 0x00, 0x00, 0x2E, 0x00, 0x20, 0x00, 0x04, 0x00, 0x0E,
0x00, 0x01, 0x00, 0x7F, 0x00, 0x81, 0x00, 0x90, 0x00, 0x9E, 0x00, 0xFF,
0x01, 0x53, 0x01, 0x61, 0x01, 0x78, 0x01, 0x92, 0x02, 0xC6, 0x02, 0xDC,
0x20, 0x14, 0x20, 0x1A, 0x20, 0x1E, 0x20, 0x22, 0x20, 0x26, 0x20, 0x30,
0x20, 0x3A, 0x20, 0xAC, 0x21, 0x22, 0x22, 0x19, 0xFF, 0xFF, 0x00, 0x00,
0x00, 0x01, 0x00, 0x02, 0x00, 0x81, 0x00, 0x8D, 0x00, 0x9D, 0x00, 0xA0,
0x01, 0x52, 0x01, 0x60, 0x01, 0x78, 0x01, 0x92, 0x02, 0xC6, 0x02, 0xDC,
0x20, 0x13, 0x20, 0x18, 0x20, 0x1C, 0x20, 0x20, 0x20, 0x26, 0x20, 0x30,
0x20, 0x39, 0x20, 0xAC, 0x21, 0x22, 0x22, 0x19, 0xFF, 0xFF, 0x00, 0x00,
0xFF, 0xFF, 0xFF, 0xFF, 0xFF, 0xFF, 0xFF, 0xFF, 0xFF, 0xFF, 0x00, 0x00,
0x00, 0x00, 0xFF, 0x26, 0xFE, 0xF0, 0xFD, 0xC1, 0xFD, 0xBB, 0xE0, 0x82,
0x00, 0x00, 0x00, 0x00, 0x00, 0x00, 0xE0, 0x5E, 0xE0, 0x58, 0x00, 0x00,
0xDF, 0xD3, 0xDF, 0x76, 0xDE, 0x9D, 0x00, 0x01, 0x00, 0x2E, 0x00, 0x00,
0x00, 0x00, 0x00, 0x00, 0x00, 0x00, 0x00, 0x00, 0x00, 0x24, 0x00, 0x26,
0x00, 0x00, 0x00, 0x00, 0x00, 0x00, 0x00, 0x00, 0x00, 0x00, 0x00, 0x1E,
0x00, 0x22, 0x00, 0x26, 0x00, 0x00, 0x00, 0x00, 0x00, 0x26, 0x00, 0x00,
0x00, 0x00, 0x00, 0x00, 0x00, 0x00, 0x00, 0xFF, 0x00, 0x8B, 0x00, 0x9B,
0x00, 0x89, 0x00, 0x99, 0x00, 0x90, 0x00, 0x91, 0x00, 0x81, 0x00, 0x92,
0x00, 0x93, 0x00, 0x83, 0x00, 0x85, 0x00, 0x86, 0x00, 0x94, 0x00, 0x8A,
0x00, 0x9A, 0x00, 0x04, 0x00, 0xE8, 0x00, 0x00, 0x00, 0x2E, 0x00, 0x20,
0x00, 0x04, 0x00, 0x0E, 0x00, 0x01, 0x00, 0x7F, 0x00, 0x81, 0x00, 0x90,
0x00, 0x9E, 0x00, 0xFF, 0x01, 0x53, 0x01, 0x61, 0x01, 0x78, 0x01, 0x92,
0x02, 0xC6, 0x02, 0xDC, 0x20, 0x14, 0x20, 0x1A, 0x20, 0x1E, 0x20, 0x22,
0x20, 0x26, 0x20, 0x30, 0x20, 0x3A, 0x20, 0xAC, 0x21, 0x22, 0x22, 0x19,
0xFF, 0xFF, 0x00, 0x00, 0x00, 0x01, 0x00, 0x02, 0x00, 0x81, 0x00, 0x8D,
0x00, 0x9D, 0x00, 0xA0, 0x01, 0x52, 0x01, 0x60, 0x01, 0x78, 0x01, 0x92,
0x02, 0xC6, 0x02, 0xDC, 0x20, 0x13, 0x20, 0x18, 0x20, 0x1C, 0x20, 0x20,
0x20, 0x26, 0x20, 0x30, 0x20, 0x39, 0x20, 0xAC, 0x21, 0x22, 0x22, 0x19,
0xFF, 0xFF, 0x00, 0x00, 0xFF, 0xFF, 0xFF, 0xFF, 0xFF, 0xFF, 0xFF, 0xFF,
0xFF, 0xFF, 0x00, 0x00, 0x00, 0x00, 0xFF, 0x26, 0xFE, 0xF0, 0xFD, 0xC1,
0xFD, 0xBB, 0xE0, 0x82, 0x00, 0x00, 0x00, 0x00, 0x00, 0x00, 0xE0, 0x5E,
0xE0, 0x58, 0x00, 0x00, 0xDF, 0xD3, 0xDF, 0x76, 0xDE, 0x9D, 0x00, 0x01,
0x00, 0x2E, 0x00, 0x00, 0x00, 0x00, 0x00, 0x00, 0x00, 0x00, 0x00, 0x00,
0x00, 0x24, 0x00, 0x26, 0x00, 0x00, 0x00, 0x00, 0x00, 0x00, 0x00, 0x00,
0x00, 0x00, 0x00, 0x1E, 0x00, 0x22, 0x00, 0x26, 0x00, 0x00, 0x00, 0x00,
0x00, 0x26, 0x00, 0x00, 0x00, 0x00, 0x00, 0x00, 0x00, 0x00, 0x00, 0xFF,
0x00, 0x8B, 0x00, 0x9B, 0x00, 0x89, 0x00, 0x99, 0x00, 0x90, 0x00, 0x91,
0x00, 0x81, 0x00, 0x92, 0x00, 0x93, 0x00, 0x83, 0x00, 0x85, 0x00, 0x86,
0x00, 0x94, 0x00, 0x8A, 0x00, 0x9A, 0x00, 0x00, 0xB8, 0x00, 0x00, 0x2C,
0x4B, 0xB8, 0x00, 0x00, 0x50, 0x58, 0xB1, 0x01, 0x01, 0x8E, 0x59, 0xB8,
0x01, 0xFF, 0x85, 0xB8, 0x00, 0x44, 0x1D, 0xB9, 0x00, 0x00, 0x00, 0x03,
0x5F, 0x5E, 0x2D, 0xB8, 0x00, 0x01, 0x2C, 0x20, 0x20, 0x45, 0x69, 0x44,
0xB0, 0x01, 0x60, 0x2D, 0xB8, 0x00, 0x02, 0x2C, 0xB8, 0x00, 0x01, 0x2A,
0x21, 0x2D, 0xB8, 0x00, 0x03, 0x2C, 0x20, 0x46, 0xB0, 0x03, 0x25, 0x46,
0x52, 0x58, 0x23, 0x59, 0x20, 0x8A, 0x20, 0x8A, 0x49, 0x64, 0x8A, 0x20,
0x46, 0x20, 0x68, 0x61, 0x64, 0xB0, 0x04, 0x25, 0x46, 0x20, 0x68, 0x61,
0x64, 0x52, 0x58, 0x23, 0x65, 0x8A, 0x59, 0x2F, 0x20, 0xB0, 0x00, 0x53,
0x58, 0x69, 0x20, 0xB0, 0x00, 0x54, 0x58, 0x21, 0xB0, 0x40, 0x59, 0x1B,
0x69, 0x20, 0xB0, 0x00, 0x54, 0x58, 0x21, 0xB0, 0x40, 0x65, 0x59, 0x59,
0x3A, 0x2D, 0xB8, 0x00, 0x04, 0x2C, 0x20, 0x46, 0xB0, 0x04, 0x25, 0x46,
0x52, 0x58, 0x23, 0x8A, 0x59, 0x20, 0x46, 0x20, 0x6A, 0x61, 0x64, 0xB0,
0x04, 0x25, 0x46, 0x20, 0x6A, 0x61, 0x64, 0x52, 0x58, 0x23, 0x8A, 0x59,
0x2F, 0xFD, 0x2D, 0xB8, 0x00, 0x05, 0x2C, 0x4B, 0x20, 0xB0, 0x03, 0x26,
0x50, 0x58, 0x51, 0x58, 0xB0, 0x80, 0x44, 0x1B, 0xB0, 0x40, 0x44, 0x59,
0x1B, 0x21, 0x21, 0x20, 0x45, 0xB0, 0xC0, 0x50, 0x58, 0xB0, 0xC0, 0x44,
0x1B, 0x21, 0x59, 0x59, 0x2D, 0xB8, 0x00, 0x06, 0x2C, 0x20, 0x20, 0x45,
0x69, 0x44, 0xB0, 0x01, 0x60, 0x20, 0x20, 0x45, 0x7D, 0x69, 0x18, 0x44,
0xB0, 0x01, 0x60, 0x2D, 0xB8, 0x00, 0x07, 0x2C, 0xB8, 0x00, 0x06, 0x2A,
0x2D, 0xB8, 0x00, 0x08, 0x2C, 0x4B, 0x20, 0xB0, 0x03, 0x26, 0x53, 0x58,
0xB0, 0x40, 0x1B, 0xB0, 0x00, 0x59, 0x8A, 0x8A, 0x20, 0xB0, 0x03, 0x26,
0x53, 0x58, 0x23, 0x21, 0xB0, 0x80, 0x8A, 0x8A, 0x1B, 0x8A, 0x23, 0x59,
0x20, 0xB0, 0x03, 0x26, 0x53, 0x58, 0x23, 0x21, 0xB8, 0x00, 0xC0, 0x8A,
0x8A, 0x1B, 0x8A, 0x23, 0x59, 0x20, 0xB0, 0x03, 0x26, 0x53, 0x58, 0x23,
0x21, 0xB8, 0x01, 0x00, 0x8A, 0x8A, 0x1B, 0x8A, 0x23, 0x59, 0x20, 0xB0,
0x03, 0x26, 0x53, 0x58, 0x23, 0x21, 0xB8, 0x01, 0x40, 0x8A, 0x8A, 0x1B,
0x8A, 0x23, 0x59, 0x20, 0xB8, 0x00, 0x03, 0x26, 0x53, 0x58, 0xB0, 0x03,
0x25, 0x45, 0xB8, 0x01, 0x80, 0x50, 0x58, 0x23, 0x21, 0xB8, 0x01, 0x80,
0x23, 0x21, 0x1B, 0xB0, 0x03, 0x25, 0x45, 0x23, 0x21, 0x23, 0x21, 0x59,
0x1B, 0x21, 0x59, 0x44, 0x2D, 0xB8, 0x00, 0x09, 0x2C, 0x4B, 0x53, 0x58,
0x45, 0x44, 0x1B, 0x21, 0x21, 0x59, 0x2D, 0x00, 0xB8, 0x00, 0x00, 0x2B,
0x00, 0xBA, 0x00, 0x01, 0x00, 0x04, 0x00, 0x07, 0x2B, 0xB8, 0x00, 0x00,
0x20, 0x45, 0x7D, 0x69, 0x18, 0x44, 0x00, 0x00, 0x00, 0x55, 0x00, 0x00,
0x00, 0x00, 0xFD, 0x00, 0x00, 0x00, 0x07, 0x00, 0x00, 0x00, 0x0A, 0x00,
0x00, 0x00, 0x00, 0x00, 0x00, 0x04, 0x00, 0x00, 0x00, 0x00, 0x08, 0x00,
0x0A, 0x00, 0x00, 0x03, 0x00, 0x07, 0x00, 0x0F, 0x00, 0x1B, 0x00, 0xD3,
0xBA, 0x00, 0x06, 0x00, 0x10, 0x00, 0x03, 0x2B, 0xBA, 0x00, 0x03, 0x00,
0x04, 0x00, 0x03, 0x2B, 0xB8, 0x00, 0x03, 0x10, 0xB8, 0x00, 0x15, 0xDC,
0xB8, 0x00, 0x01, 0xDC, 0xB8, 0x00, 0x10, 0x10, 0xB8, 0x00, 0x05, 0xDC,
0xB8, 0x00, 0x03, 0x10, 0xB8, 0x00, 0x08, 0xD0, 0xB8, 0x00, 0x02, 0x10,
0xB8, 0x00, 0x09, 0xD0, 0xB8, 0x00, 0x01, 0x10, 0xB8, 0x00, 0x0A, 0xD0,
0xB8, 0x00, 0x06, 0x10, 0xB8, 0x00, 0x0C, 0xD0, 0xB8, 0x00, 0x04, 0x10,
0xB8, 0x00, 0x0E, 0xD0, 0xB8, 0x00, 0x05, 0x10, 0xB8, 0x00, 0x0F, 0xD0,
0x00, 0xB8, 0x00, 0x00, 0x45, 0x58, 0xB8, 0x00, 0x12, 0x2F, 0x1B, 0xB9,
0x00, 0x12, 0x00, 0x07, 0x3E, 0x59, 0xB8, 0x00, 0x00, 0x45, 0x58, 0xB8,
0x00, 0x00, 0x2F, 0x1B, 0xB9, 0x00, 0x00, 0x00, 0x05, 0x3E, 0x59, 0xB8,
0x00, 0x00, 0x45, 0x58, 0xB8, 0x00, 0x04, 0x2F, 0x1B, 0xB9, 0x00, 0x04,
0x00, 0x05, 0x3E, 0x59, 0xB8, 0x00, 0x00, 0x45, 0x58, 0xB8, 0x00, 0x18,
0x2F, 0x1B, 0xB9, 0x00, 0x18, 0x00, 0x01, 0x3E, 0x59, 0xB8, 0x00, 0x12,
0x10, 0xB8, 0x00, 0x01, 0xDC, 0xB8, 0x00, 0x05, 0xD0, 0xB8, 0x00, 0x06,
0xD0, 0xB8, 0x00, 0x18, 0x10, 0xB8, 0x00, 0x08, 0xDC, 0xB8, 0x00, 0x18,
0x10, 0xB8, 0x00, 0x09, 0xDC, 0xB8, 0x00, 0x00, 0x10, 0xB8, 0x00, 0x0B,
0xDC, 0xB8, 0x00, 0x0C, 0xD0, 0xB8, 0x00, 0x09, 0x10, 0xB8, 0x00, 0x0D,
0xD0, 0xB8, 0x00, 0x0E, 0xD0, 0x30, 0x31, 0x01, 0x11, 0x21, 0x11, 0x21,
0x11, 0x21, 0x11, 0x01, 0x11, 0x21, 0x11, 0x21, 0x11, 0x21, 0x11, 0x01,
0x21, 0x11, 0x21, 0x11, 0x21, 0x11, 0x21, 0x11, 0x21, 0x11, 0x21, 0x06,
0x00, 0xFF, 0x00, 0xFE, 0x00, 0xFF, 0x00, 0x03, 0x00, 0x01, 0x00, 0xFC,
0x00, 0x01, 0x00, 0xFD, 0x00, 0x01, 0x00, 0x06, 0x00, 0x01, 0x00, 0xFF,
0x00, 0xFA, 0x00, 0xFF, 0x00, 0x07, 0x00, 0x01, 0x00, 0xFF, 0x00, 0x01,
0x00, 0xFF, 0x00, 0xFC, 0x00, 0x01, 0x00, 0x01, 0x00, 0xFF, 0x00, 0xFF,
0x00, 0x06, 0x00, 0x01, 0x00, 0xFF, 0x00, 0xF8, 0x00, 0xFF, 0x00, 0x01,
0x00, 0x00, 0x00, 0x00, 0x00, 0x01, 0x00, 0x00, 0x00, 0x00, 0x07, 0x00,
0x08, 0x00, 0x00, 0x17, 0x00, 0x97, 0xBA, 0x00, 0x16, 0x00, 0x01, 0x00,
0x03, 0x2B, 0xB8, 0x00, 0x01, 0x10, 0xB8, 0x00, 0x05, 0xD0, 0xB8, 0x00,
0x16, 0x10, 0xB8, 0x00, 0x07, 0xD0, 0xB8, 0x00, 0x16, 0x10, 0xB8, 0x00,
0x0A, 0xDC, 0xB8, 0x00, 0x0C, 0xDC, 0xB8, 0x00, 0x0F, 0xD0, 0xB8, 0x00,
0x0A, 0x10, 0xB8, 0x00, 0x13, 0xD0, 0xB8, 0x00, 0x09, 0x10, 0xB8, 0x00,
0x14, 0xD0, 0x00, 0xB8, 0x00, 0x06, 0x2F, 0xB8, 0x00, 0x0A, 0x2F, 0xB8,
0x00, 0x00, 0x45, 0x58, 0xB8, 0x00, 0x04, 0x2F, 0x1B, 0xB9, 0x00, 0x04,
0x00, 0x05, 0x3E, 0x59, 0xB8, 0x00, 0x00, 0x45, 0x58, 0xB8, 0x00, 0x08,
0x2F, 0x1B, 0xB9, 0x00, 0x08, 0x00, 0x05, 0x3E, 0x59, 0xB8, 0x00, 0x00,
0x45, 0x58, 0xB8, 0x00, 0x0C, 0x2F, 0x1B, 0xB9, 0x00, 0x0C, 0x00, 0x05,
0x3E, 0x59, 0xB8, 0x00, 0x00, 0x45, 0x58, 0xB8, 0x00, 0x14, 0x2F, 0x1B,
0xB9, 0x00, 0x14, 0x00, 0x01, 0x3E, 0x59, 0xB8, 0x00, 0x04, 0x10, 0xB8,
0x00, 0x02, 0xDC, 0xB8, 0x00, 0x0E, 0xD0, 0xB8, 0x00, 0x0F, 0xD0, 0x30,
0x31, 0x01, 0x21, 0x11, 0x21, 0x11, 0x21, 0x11, 0x21, 0x11, 0x21, 0x11,
0x21, 0x11, 0x21, 0x11, 0x21, 0x11, 0x21, 0x11, 0x21, 0x11, 0x21, 0x11,
0x21, 0x02, 0x00, 0xFF, 0x00, 0xFF, 0x00, 0x01, 0x00, 0x02, 0x00, 0x01,
0x00, 0x02, 0x00, 0x01, 0x00, 0xFF, 0x00, 0xFF, 0x00, 0xFF, 0x00, 0xFF,
0x00, 0xFF, 0x00, 0x02, 0x00, 0x01, 0x00, 0x04, 0x00, 0x01, 0x00, 0xFF,
0x00, 0x01, 0x00, 0xFF, 0x00, 0xFC, 0x00, 0xFF, 0x00, 0xFF, 0x00, 0xFF,
0x00, 0x01, 0x00, 0x00, 0x00, 0x01, 0x00, 0x00, 0x01, 0x00, 0x07, 0x00,
0x08, 0x00, 0x00, 0x1B, 0x00, 0x8D, 0xBA, 0x00, 0x02, 0x00, 0x07, 0x00,
0x03, 0x2B, 0xBA, 0x00, 0x04, 0x00, 0x05, 0x00, 0x03, 0x2B, 0xB8, 0x00,
0x07, 0x10, 0xB8, 0x00, 0x0F, 0xD0, 0xB8, 0x00, 0x05, 0x10, 0xB8, 0x00,
0x11, 0xD0, 0xB8, 0x00, 0x04, 0x10, 0xB8, 0x00, 0x13, 0xD0, 0xB8, 0x00,
0x02, 0x10, 0xB8, 0x00, 0x15, 0xD0, 0x00, 0xB8, 0x00, 0x04, 0x2F, 0xB8,
0x00, 0x12, 0x2F, 0xB8, 0x00, 0x00, 0x45, 0x58, 0xB8, 0x00, 0x10, 0x2F,
0x1B, 0xB9, 0x00, 0x10, 0x00, 0x05, 0x3E, 0x59, 0xB8, 0x00, 0x00, 0x45,
0x58, 0xB8, 0x00, 0x14, 0x2F, 0x1B, 0xB9, 0x00, 0x14, 0x00, 0x05, 0x3E,
0x59, 0xBA, 0x00, 0x17, 0x00, 0x00, 0x00, 0x03, 0x2B, 0xBA, 0x00, 0x0D,
0x00, 0x0A, 0x00, 0x03, 0x2B, 0xB8, 0x00, 0x00, 0x10, 0xB8, 0x00, 0x08,
0xD0, 0xB8, 0x00, 0x17, 0x10, 0xB8, 0x00, 0x0E, 0xD0, 0xB8, 0x00, 0x0D,
0x10, 0xB8, 0x00, 0x18, 0xD0, 0xB8, 0x00, 0x0A, 0x10, 0xB8, 0x00, 0x1A,
0xD0, 0x30, 0x31, 0x01, 0x21, 0x11, 0x21, 0x11, 0x21, 0x11, 0x21, 0x11,
0x21, 0x11, 0x21, 0x11, 0x21, 0x11, 0x21, 0x11, 0x21, 0x11, 0x21, 0x11,
0x21, 0x11, 0x21, 0x11, 0x21, 0x11, 0x21, 0x06, 0x00, 0xFF, 0x00, 0xFF,
0x00, 0xFF, 0x00, 0xFF, 0x00, 0xFF, 0x00, 0xFF, 0x00, 0x01, 0x00, 0x01,
0x00, 0x01, 0x00, 0x01, 0x00, 0x01, 0x00, 0x01, 0x00, 0x01, 0x00, 0xFF,
0x00, 0x03, 0x00, 0xFF, 0x00, 0xFF, 0x00, 0x01, 0x00, 0x01, 0x00, 0x01,
0x00, 0x01, 0x00, 0x01, 0x00, 0x01, 0x00, 0x01, 0x00, 0xFF, 0x00, 0xFF,
0x00, 0xFF, 0x00, 0xFF, 0x00, 0x00, 0x00, 0x00, 0x00, 0x02, 0x00, 0x00,
0x00, 0x00, 0x08, 0x00, 0x09, 0x00, 0x00, 0x08, 0x00, 0x18, 0x00, 0xD8,
0xBA, 0x00, 0x13, 0x00, 0x14, 0x00, 0x03, 0x2B, 0xBA, 0x00, 0x02, 0x00,
0x03, 0x00, 0x03, 0x2B, 0xB8, 0x00, 0x13, 0x10, 0xB8, 0x00, 0x00, 0xDC,
0xB8, 0x00, 0x13, 0x10, 0xB8, 0x00, 0x05, 0xD0, 0xB8, 0x00, 0x13, 0x10,
0xB8, 0x00, 0x09, 0xD0, 0xB8, 0x00, 0x00, 0x10, 0xB8, 0x00, 0x0A, 0xD0,
0xB8, 0x00, 0x08, 0x10, 0xB8, 0x00, 0x0B, 0xD0, 0xB8, 0x00, 0x02, 0x10,
0xB8, 0x00, 0x0C, 0xD0, 0xB8, 0x00, 0x00, 0x10, 0xB8, 0x00, 0x0F, 0xDC,
0xB8, 0x00, 0x00, 0x10, 0xB8, 0x00, 0x10, 0xD0, 0xB8, 0x00, 0x08, 0x10,
0xB8, 0x00, 0x11, 0xD0, 0xB8, 0x00, 0x03, 0x10, 0xB8, 0x00, 0x16, 0xD0,
0xB8, 0x00, 0x05, 0x10, 0xB8, 0x00, 0x18, 0xD0, 0x00, 0xB8, 0x00, 0x00,
0x45, 0x58, 0xB8, 0x00, 0x02, 0x2F, 0x1B, 0xB9, 0x00, 0x02, 0x00, 0x01,
0x3E, 0x59, 0xBA, 0x00, 0x0A, 0x00, 0x11, 0x00, 0x03, 0x2B, 0xB8, 0x00,
0x02, 0x10, 0xB8, 0x00, 0x00, 0xDC, 0xB8, 0x00, 0x04, 0xD0, 0xB8, 0x00,
0x05, 0xD0, 0xB8, 0x00, 0x02, 0x10, 0xB8, 0x00, 0x07, 0xDC, 0xB8, 0x00,
0x0F, 0xD0, 0xB8, 0x00, 0x10, 0xD0, 0xB8, 0x00, 0x13, 0xD0, 0xB8, 0x00,
0x08, 0xD0, 0xB8, 0x00, 0x11, 0x10, 0xB8, 0x00, 0x0D, 0xD0, 0xB8, 0x00,
0x13, 0x10, 0xB8, 0x00, 0x12, 0xDC, 0xB8, 0x00, 0x0E, 0xD0, 0xB8, 0x00,
0x13, 0x10, 0xB8, 0x00, 0x14, 0xD0, 0xB8, 0x00, 0x11, 0x10, 0xB8, 0x00,
0x15, 0xD0, 0xB8, 0x00, 0x12, 0x10, 0xB8, 0x00, 0x16, 0xD0, 0x30, 0x31,
0x01, 0x21, 0x11, 0x21, 0x11, 0x21, 0x11, 0x37, 0x21, 0x01, 0x21, 0x11,
0x21, 0x11, 0x21, 0x11, 0x21, 0x11, 0x21, 0x11, 0x21, 0x11, 0x21, 0x11,
0x21, 0x05, 0x00, 0x01, 0x00, 0xFC, 0x00, 0x01, 0x00, 0x02, 0x01, 0xFE,
0xFE, 0x00, 0x02, 0x00, 0x01, 0x00, 0x02, 0x00, 0xFD, 0x00, 0xFE, 0x00,
0xFD, 0x00, 0x02, 0x00, 0x01, 0x00, 0x01, 0x00, 0xFF, 0x00, 0x01, 0x00,
0x01, 0xFE, 0x02, 0x06, 0x00, 0xFF, 0x00, 0xFE, 0x00, 0xFD, 0x00, 0x03,
0x00, 0xFD, 0x00, 0x03, 0x00, 0x02, 0x00, 0x00, 0x00, 0x01, 0x00, 0x00,
0x00, 0x00, 0x08, 0x00, 0x09, 0x00, 0x00, 0x1B, 0x00, 0xA6, 0xBA, 0x00,
0x0A, 0x00, 0x03, 0x00, 0x03, 0x2B, 0xBA, 0x00, 0x08, 0x00, 0x05, 0x00,
0x03, 0x2B, 0xB8, 0x00, 0x08, 0x10, 0xB8, 0x00, 0x11, 0xD0, 0xB8, 0x00,
0x0A, 0x10, 0xB8, 0x00, 0x13, 0xD0, 0xB8, 0x00, 0x03, 0x10, 0xB8, 0x00,
0x15, 0xD0, 0xB8, 0x00, 0x05, 0x10, 0xB8, 0x00, 0x17, 0xD0, 0x00, 0xB8,
0x00, 0x06, 0x2F, 0xB8, 0x00, 0x00, 0x45, 0x58, 0xB8, 0x00, 0x02, 0x2F,
0x1B, 0xB9, 0x00, 0x02, 0x00, 0x05, 0x3E, 0x59, 0xB8, 0x00, 0x00, 0x45,
0x58, 0xB8, 0x00, 0x0A, 0x2F, 0x1B, 0xB9, 0x00, 0x0A, 0x00, 0x05, 0x3E,
0x59, 0xB8, 0x00, 0x00, 0x45, 0x58, 0xB8, 0x00, 0x14, 0x2F, 0x1B, 0xB9,
0x00, 0x14, 0x00, 0x01, 0x3E, 0x59, 0xBA, 0x00, 0x0D, 0x00, 0x0E, 0x00,
0x03, 0x2B, 0xB8, 0x00, 0x0D, 0x10, 0xB8, 0x00, 0x00, 0xD0, 0xB8, 0x00,
0x0A, 0x10, 0xB8, 0x00, 0x10, 0xDC, 0xB8, 0x00, 0x14, 0x10, 0xB8, 0x00,
0x12, 0xDC, 0xB8, 0x00, 0x16, 0xD0, 0xB8, 0x00, 0x17, 0xD0, 0xB8, 0x00,
0x10, 0x10, 0xB8, 0x00, 0x18, 0xD0, 0xB8, 0x00, 0x19, 0xD0, 0xB8, 0x00,
0x0E, 0x10, 0xB8, 0x00, 0x1A, 0xD0, 0x30, 0x31, 0x11, 0x21, 0x11, 0x21,
0x11, 0x21, 0x11, 0x21, 0x11, 0x21, 0x11, 0x21, 0x11, 0x21, 0x11, 0x21,
0x11, 0x21, 0x11, 0x21, 0x11, 0x21, 0x11, 0x21, 0x11, 0x21, 0x11, 0x21,
0x01, 0x00, 0x01, 0x00, 0x01, 0x00, 0x02, 0x00, 0x01, 0x00, 0x01, 0x00,
0x01, 0x00, 0xFF, 0x00, 0xFE, 0x00, 0x01, 0x00, 0xFC, 0x00, 0x01, 0x00,
0xFE, 0x00, 0xFF, 0x00, 0x06, 0x00, 0x01, 0x00, 0x01, 0x00, 0x01, 0x00,
0xFF, 0x00, 0xFF, 0x00, 0xFF, 0x00, 0xFE, 0x00, 0xFF, 0x00, 0xFE, 0x00,
0xFF, 0x00, 0x01, 0x00, 0x02, 0x00, 0x01, 0x00, 0x00, 0x01, 0x02, 0x00,
0x02, 0x00, 0x06, 0x00, 0x06, 0x00, 0x00, 0x0B, 0x00, 0x43, 0xBA, 0x00,
0x05, 0x00, 0x00, 0x00, 0x03, 0x2B, 0xBA, 0x00, 0x04, 0x00, 0x01, 0x00,
0x03, 0x2B, 0xB8, 0x00, 0x04, 0x10, 0xB8, 0x00, 0x07, 0xD0, 0xB8, 0x00,
0x01, 0x10, 0xB8, 0x00, 0x09, 0xD0, 0x00, 0xBA, 0x00, 0x03, 0x00, 0x08,
0x00, 0x03, 0x2B, 0xBA, 0x00, 0x05, 0x00, 0x06, 0x00, 0x03, 0x2B, 0xB8,
0x00, 0x05, 0x10, 0xB8, 0x00, 0x00, 0xD0, 0xB8, 0x00, 0x06, 0x10, 0xB8,
0x00, 0x0A, 0xD0, 0x30, 0x31, 0x01, 0x21, 0x11, 0x21, 0x11, 0x21, 0x11,
0x21, 0x11, 0x21, 0x11, 0x21, 0x02, 0x00, 0x01, 0x00, 0x02, 0x00, 0x01,
0x00, 0xFF, 0x00, 0xFE, 0x00, 0xFF, 0x00, 0x05, 0x00, 0x01, 0x00, 0xFF,
0x00, 0xFE, 0x00, 0xFF, 0x00, 0x01, 0x00, 0x00, 0x00, 0x02, 0x00, 0x00,
0xFC, 0x00, 0x08, 0x00, 0x0C, 0x00, 0x00, 0x0B, 0x00, 0x0F, 0x00, 0x37,
0xBA, 0x00, 0x08, 0x00, 0x0C, 0x00, 0x03, 0x2B, 0xBA, 0x00, 0x0E, 0x00,
0x00, 0x00, 0x03, 0x2B, 0xB8, 0x00, 0x0E, 0x10, 0xB8, 0x00, 0x02, 0xDC,
0xB8, 0x00, 0x00, 0x10, 0xB8, 0x00, 0x04, 0xD0, 0xB8, 0x00, 0x0C, 0x10,
0xB8, 0x00, 0x06, 0xDC, 0xB8, 0x00, 0x0A, 0xD0, 0x00, 0xB8, 0x00, 0x0C,
0x2F, 0xB8, 0x00, 0x0E, 0x2F, 0x30, 0x31, 0x01, 0x11, 0x21, 0x11, 0x21,
0x11, 0x21, 0x11, 0x21, 0x11, 0x21, 0x11, 0x01, 0x21, 0x11, 0x21, 0x05,
0x00, 0x01, 0x00, 0xFF, 0x00, 0xFE, 0x00, 0xFF, 0x00, 0x01, 0x00, 0xFD,
0x00, 0x08, 0x00, 0xF8, 0x00, 0x02, 0x00, 0x01, 0x00, 0x02, 0x00, 0x01,
0x00, 0xFF, 0x00, 0xFE, 0x00, 0xFF, 0x00, 0x0A, 0x00, 0xF0, 0x00, 0x00,
0x00, 0x02, 0x01, 0x00, 0x01, 0x00, 0x07, 0x00, 0x07, 0x00, 0x00, 0x0B,
0x00, 0x17, 0x00, 0xD4, 0xBA, 0x00, 0x0D, 0x00, 0x0C, 0x00, 0x03, 0x2B,
0xBA, 0x00, 0x12, 0x00, 0x01, 0x00, 0x03, 0x2B, 0xB8, 0x00, 0x0C, 0x10,
0xB8, 0x00, 0x07, 0xDC, 0xB8, 0x00, 0x00, 0xD0, 0xB8, 0x00, 0x0D, 0x10,
0xB8, 0x00, 0x04, 0xDC, 0xB8, 0x00, 0x01, 0x10, 0xB8, 0x00, 0x05, 0xD0,
0xB8, 0x00, 0x0D, 0x10, 0xB8, 0x00, 0x09, 0xD0, 0xB8, 0x00, 0x04, 0x10,
0xB8, 0x00, 0x0F, 0xD0, 0xB8, 0x00, 0x04, 0x10, 0xB8, 0x00, 0x13, 0xD0,
0xB8, 0x00, 0x0D, 0x10, 0xB8, 0x00, 0x15, 0xD0, 0xB8, 0x00, 0x09, 0x10,
0xB8, 0x00, 0x16, 0xD0, 0x00, 0xB8, 0x00, 0x00, 0x45, 0x58, 0xB8, 0x00,
0x0E, 0x2F, 0x1B, 0xB9, 0x00, 0x0E, 0x00, 0x05, 0x3E, 0x59, 0xBA, 0x00,
0x03, 0x00, 0x14, 0x00, 0x03, 0x2B, 0xB8, 0x00, 0x14, 0x10, 0xB8, 0x00,
0x13, 0xDC, 0xB8, 0x00, 0x00, 0xD0, 0xB8, 0x00, 0x0E, 0x10, 0xB8, 0x00,
0x04, 0xDC, 0xB8, 0x00, 0x0E, 0x10, 0xB8, 0x00, 0x06, 0xDC, 0xB8, 0x00,
0x00, 0x10, 0xB8, 0x00, 0x07, 0xDC, 0xB8, 0x00, 0x04, 0x10, 0xB8, 0x00,
0x08, 0xD0, 0xB8, 0x00, 0x09, 0xD0, 0xB8, 0x00, 0x03, 0x10, 0xB8, 0x00,
0x0A, 0xD0, 0xB8, 0x00, 0x06, 0x10, 0xB8, 0x00, 0x0C, 0xD0, 0xB8, 0x00,
0x0D, 0xD0, 0xB8, 0x00, 0x10, 0xD0, 0xB8, 0x00, 0x11, 0xD0, 0xB8, 0x00,
0x00, 0x10, 0xB8, 0x00, 0x12, 0xD0, 0xB8, 0x00, 0x13, 0x10, 0xB8, 0x00,
0x16, 0xD0, 0xB8, 0x00, 0x00, 0x10, 0xB8, 0x00, 0x17, 0xD0, 0x30, 0x31,
0x01, 0x21, 0x11, 0x21, 0x11, 0x21, 0x11, 0x21, 0x11, 0x21, 0x11, 0x21,
0x01, 0x21, 0x11, 0x21, 0x11, 0x21, 0x11, 0x21, 0x11, 0x21, 0x11, 0x21,
0x03, 0x00, 0x02, 0x00, 0x01, 0x00, 0xFF, 0x00, 0xFE, 0x00, 0xFF, 0x00,
0x01, 0x00, 0xFE, 0x00, 0x01, 0x00, 0x04, 0x00, 0x01, 0x00, 0xFF, 0x00,
0xFC, 0x00, 0xFF, 0x00, 0x02, 0x00, 0x01, 0x00, 0x02, 0x00, 0x01, 0x00,
0xFF, 0x00, 0xFE, 0x00, 0x03, 0x00, 0x01, 0x00, 0xFF, 0x00, 0xFC, 0x00,
0xFF, 0x00, 0x01, 0x00, 0x00, 0x03, 0x00, 0x00, 0xFC, 0x00, 0x08, 0x00,
0x0C, 0x00, 0x00, 0x0B, 0x00, 0x17, 0x00, 0x1B, 0x00, 0xB8, 0xBA, 0x00,
0x14, 0x00, 0x18, 0x00, 0x03, 0x2B, 0xBA, 0x00, 0x0A, 0x00, 0x03, 0x00,
0x03, 0x2B, 0xBA, 0x00, 0x00, 0x00, 0x01, 0x00, 0x03, 0x2B, 0xB8, 0x00,
0x01, 0x10, 0xB8, 0x00, 0x05, 0xD0, 0xB8, 0x00, 0x00, 0x10, 0xB8, 0x00,
0x07, 0xD0, 0xB8, 0x00, 0x0A, 0x10, 0xB8, 0x00, 0x0C, 0xD0, 0xB8, 0x00,
0x11, 0x10, 0xB8, 0x00, 0x0D, 0xD0, 0xB8, 0x00, 0x0A, 0x10, 0xB8, 0x00,
0x19, 0xDC, 0xB8, 0x00, 0x0E, 0xDC, 0xB8, 0x00, 0x0A, 0x10, 0xB8, 0x00,
0x10, 0xD0, 0xB8, 0x00, 0x03, 0x10, 0xB8, 0x00, 0x12, 0xD0, 0xB8, 0x00,
0x03, 0x10, 0xB8, 0x00, 0x16, 0xD0, 0x00, 0xB8, 0x00, 0x1A, 0x2F, 0xB8,
0x00, 0x18, 0x2F, 0xB8, 0x00, 0x00, 0x45, 0x58, 0xB8, 0x00, 0x11, 0x2F,
0x1B, 0xB9, 0x00, 0x11, 0x00, 0x05, 0x3E, 0x59, 0xBA, 0x00, 0x07, 0x00,
0x00, 0x00, 0x03, 0x2B, 0xBA, 0x00, 0x05, 0x00, 0x02, 0x00, 0x03, 0x2B,
0xB8, 0x00, 0x05, 0x10, 0xB8, 0x00, 0x08, 0xD0, 0xB8, 0x00, 0x02, 0x10,
0xB8, 0x00, 0x0A, 0xD0, 0xB8, 0x00, 0x00, 0x10, 0xB8, 0x00, 0x0D, 0xD0,
0xB8, 0x00, 0x07, 0x10, 0xB8, 0x00, 0x0F, 0xD0, 0xB8, 0x00, 0x07, 0x10,
0xB8, 0x00, 0x13, 0xD0, 0xB8, 0x00, 0x00, 0x10, 0xB8, 0x00, 0x15, 0xD0,
0x30, 0x31, 0x01, 0x21, 0x11, 0x21, 0x11, 0x21, 0x11, 0x21, 0x11, 0x21,
0x11, 0x21, 0x01, 0x11, 0x21, 0x11, 0x21, 0x11, 0x21, 0x11, 0x21, 0x11,
0x21, 0x11, 0x01, 0x21, 0x11, 0x21, 0x05, 0x00, 0xFE, 0x00, 0xFF, 0x00,
0x01, 0x00, 0x02, 0x00, 0x01, 0x00, 0xFF, 0x00, 0x01, 0x00, 0x01, 0x00,
0xFF, 0x00, 0xFC, 0x00, 0xFF, 0x00, 0x01, 0x00, 0xFE, 0x00, 0x08, 0x00,
0xF8, 0x00, 0x02, 0x00, 0x01, 0x00, 0x02, 0x00, 0x01, 0x00, 0xFF, 0x00,
0xFE, 0x00, 0xFE, 0x00, 0x01, 0x00, 0x04, 0x00, 0x01, 0x00, 0xFF, 0x00,
0xFC, 0x00, 0xFF, 0x00, 0x0B, 0x00, 0xF0, 0x00, 0x00, 0x02, 0x00, 0x00,
0x00, 0x00, 0x07, 0x00, 0x0A, 0x00, 0x00, 0x03, 0x00, 0x1F, 0x01, 0x46,
0xBA, 0x00, 0x02, 0x00, 0x11, 0x00, 0x03, 0x2B, 0xBA, 0x00, 0x0E, 0x00,
0x0F, 0x00, 0x03, 0x2B, 0xB8, 0x00, 0x02, 0x10, 0xB8, 0x00, 0x00, 0xDC,
0xB8, 0x00, 0x0B, 0xDC, 0xB8, 0x00, 0x04, 0xD0, 0xB8, 0x00, 0x0E, 0x10,
0xB8, 0x00, 0x05, 0xD0, 0xB8, 0x00, 0x00, 0x10, 0xB8, 0x00, 0x07, 0xD0,
0xB8, 0x00, 0x0E, 0x10, 0xB8, 0x00, 0x09, 0xD0, 0xB8, 0x00, 0x06, 0x10,
0xB8, 0x00, 0x0A, 0xD0, 0xB8, 0x00, 0x04, 0x10, 0xB8, 0x00, 0x0C, 0xD0,
0xB8, 0x00, 0x0F, 0x10, 0xB8, 0x00, 0x13, 0xD0, 0xB8, 0x00, 0x02, 0x10,
0xB8, 0x00, 0x15, 0xD0, 0xB8, 0x00, 0x01, 0x10, 0xB8, 0x00, 0x16, 0xD0,
0xB8, 0x00, 0x0E, 0x10, 0xB8, 0x00, 0x17, 0xDC, 0xB8, 0x00, 0x00, 0x10,
0xB8, 0x00, 0x19, 0xD0, 0xB8, 0x00, 0x17, 0x10, 0xB8, 0x00, 0x1B, 0xD0,
0xB8, 0x00, 0x0B, 0x10, 0xB8, 0x00, 0x1D, 0xDC, 0x00, 0xB8, 0x00, 0x00,
0x45, 0x58, 0xB8, 0x00, 0x1C, 0x2F, 0x1B, 0xB9, 0x00, 0x1C, 0x00, 0x07,
0x3E, 0x59, 0xB8, 0x00, 0x00, 0x45, 0x58, 0xB8, 0x00, 0x07, 0x2F, 0x1B,
0xB9, 0x00, 0x07, 0x00, 0x05, 0x3E, 0x59, 0xB8, 0x00, 0x00, 0x45, 0x58,
0xB8, 0x00, 0x0E, 0x2F, 0x1B, 0xB9, 0x00, 0x0E, 0x00, 0x01, 0x3E, 0x59,
0xB8, 0x00, 0x07, 0x10, 0xB8, 0x00, 0x00, 0xDC, 0xB8, 0x00, 0x0E, 0x10,
0xB8, 0x00, 0x02, 0xDC, 0xB8, 0x00, 0x01, 0xDC, 0xB8, 0x00, 0x1C, 0x10,
0xB8, 0x00, 0x04, 0xDC, 0xB8, 0x00, 0x18, 0xD0, 0xB8, 0x00, 0x19, 0xD0,
0xB8, 0x00, 0x05, 0xD0, 0xB8, 0x00, 0x1C, 0x10, 0xB8, 0x00, 0x06, 0xDC,
0xB8, 0x00, 0x1C, 0x10, 0xB8, 0x00, 0x08, 0xDC, 0xB8, 0x00, 0x00, 0x10,
0xB8, 0x00, 0x0A, 0xD0, 0xB8, 0x00, 0x0B, 0xD0, 0xB8, 0x00, 0x02, 0x10,
0xB8, 0x00, 0x0C, 0xD0, 0xB8, 0x00, 0x0D, 0xD0, 0xB8, 0x00, 0x10, 0xD0,
0xB8, 0x00, 0x11, 0xD0, 0xB8, 0x00, 0x0B, 0x10, 0xB8, 0x00, 0x12, 0xD0,
0xB8, 0x00, 0x13, 0xD0, 0xB8, 0x00, 0x08, 0x10, 0xB8, 0x00, 0x14, 0xD0,
0xB8, 0x00, 0x15, 0xD0, 0xB8, 0x00, 0x06, 0x10, 0xB8, 0x00, 0x16, 0xD0,
0xB8, 0x00, 0x17, 0xD0, 0xB8, 0x00, 0x1C, 0x10, 0xB8, 0x00, 0x1A, 0xDC,
0xB8, 0x00, 0x15, 0x10, 0xB8, 0x00, 0x1E, 0xD0, 0xB8, 0x00, 0x1F, 0xD0,
0x30, 0x31, 0x01, 0x21, 0x11, 0x21, 0x01, 0x21, 0x11, 0x21, 0x11, 0x21,
0x11, 0x21, 0x11, 0x21, 0x11, 0x21, 0x11, 0x21, 0x11, 0x21, 0x11, 0x21,
0x11, 0x21, 0x11, 0x21, 0x11, 0x21, 0x11, 0x21, 0x11, 0x21, 0x04, 0x00,
0xFE, 0x00, 0x02, 0x00, 0x02, 0x00, 0xFF, 0x00, 0xFF, 0x00, 0x01, 0x00,
0x01, 0x00, 0xFF, 0x00, 0xFC, 0x00, 0xFF, 0x00, 0x01, 0x00, 0x01, 0x00,
0x01, 0x00, 0x01, 0x00, 0xFF, 0x00, 0x04, 0x00, 0xFF, 0x00, 0x05, 0x00,
0xFC, 0x00, 0x07, 0x00, 0xFF, 0x00, 0xFF, 0x00, 0xFF, 0x00, 0xFC, 0x00,
0xFF, 0x00, 0x01, 0x00, 0x04, 0x00, 0x01, 0x00, 0x01, 0x00, 0x01, 0x00,
0x01, 0x00, 0x01, 0x00, 0xFC, 0x00, 0x00, 0x00, 0x00, 0x02, 0x00, 0x00,
0x00, 0x00, 0x06, 0x00, 0x0A, 0x00, 0x00, 0x03, 0x00, 0x1B, 0x00, 0xD9,
0xBA, 0x00, 0x05, 0x00, 0x04, 0x00, 0x03, 0x2B, 0xBA, 0x00, 0x12, 0x00,
0x07, 0x00, 0x03, 0x2B, 0xB8, 0x00, 0x05, 0x10, 0xB8, 0x00, 0x00, 0xDC,
0xB8, 0x00, 0x05, 0x10, 0xB8, 0x00, 0x01, 0xD0, 0xB8, 0x00, 0x04, 0x10,
0xB8, 0x00, 0x09, 0xD0, 0xB8, 0x00, 0x07, 0x10, 0xB8, 0x00, 0x0B, 0xD0,
0xB8, 0x00, 0x12, 0x10, 0xB8, 0x00, 0x0D, 0xD0, 0xB8, 0x00, 0x00, 0x10,
0xB8, 0x00, 0x0F, 0xDC, 0xB8, 0x00, 0x00, 0x10, 0xB8, 0x00, 0x13, 0xD0,
0xB8, 0x00, 0x0F, 0x10, 0xB8, 0x00, 0x15, 0xD0, 0xB8, 0x00, 0x00, 0x10,
0xB8, 0x00, 0x17, 0xD0, 0xB8, 0x00, 0x05, 0x10, 0xB8, 0x00, 0x19, 0xD0,
0xB8, 0x00, 0x01, 0x10, 0xB8, 0x00, 0x1A, 0xD0, 0x00, 0xB8, 0x00, 0x00,
0x45, 0x58, 0xB8, 0x00, 0x0C, 0x2F, 0x1B, 0xB9, 0x00, 0x0C, 0x00, 0x07,
0x3E, 0x59, 0xB8, 0x00, 0x00, 0x45, 0x58, 0xB8, 0x00, 0x18, 0x2F, 0x1B,
0xB9, 0x00, 0x18, 0x00, 0x01, 0x3E, 0x59, 0xBA, 0x00, 0x15, 0x00, 0x16,
0x00, 0x03, 0x2B, 0xBA, 0x00, 0x01, 0x00, 0x02, 0x00, 0x03, 0x2B, 0xB8,
0x00, 0x0C, 0x10, 0xB8, 0x00, 0x00, 0xDC, 0xB8, 0x00, 0x15, 0x10, 0xB8,
0x00, 0x04, 0xD0, 0xB8, 0x00, 0x02, 0x10, 0xB8, 0x00, 0x08, 0xD0, 0xB8,
0x00, 0x00, 0x10, 0xB8, 0x00, 0x0A, 0xD0, 0xB8, 0x00, 0x0B, 0xD0, 0xB8,
0x00, 0x0E, 0xD0, 0xB8, 0x00, 0x0F, 0xD0, 0xB8, 0x00, 0x02, 0x10, 0xB8,
0x00, 0x10, 0xD0, 0xB8, 0x00, 0x16, 0x10, 0xB8, 0x00, 0x1A, 0xD0, 0x30,
0x31, 0x01, 0x21, 0x11, 0x21, 0x01, 0x21, 0x11, 0x21, 0x11, 0x21, 0x11,
0x21, 0x11, 0x21, 0x11, 0x21, 0x11, 0x21, 0x11, 0x21, 0x11, 0x21, 0x11,
0x21, 0x11, 0x21, 0x11, 0x21, 0x04, 0x00, 0xFE, 0x00, 0x02, 0x00, 0xFC,
0x00, 0x02, 0x00, 0xFF, 0x00, 0xFF, 0x00, 0x01, 0x00, 0x04, 0x00, 0x01,
0x00, 0xFF, 0x00, 0xFF, 0x00, 0x02, 0x00, 0xFE, 0x00, 0xFE, 0x00, 0xFE,
0x00, 0x09, 0x00, 0xFC, 0x00, 0xFE, 0x00, 0x01, 0x00, 0x01, 0x00, 0x04,
0x00, 0x01, 0x00, 0xFF, 0x00, 0xFC, 0x00, 0xFF, 0x00, 0xFF, 0x00, 0xFF,
0x00, 0xFE, 0x00, 0x02, 0x00, 0x00, 0x00, 0x00, 0x00, 0x02, 0x00, 0x00,
0x00, 0x00, 0x08, 0x00, 0x0A, 0x00, 0x00, 0x03, 0x00, 0x0F, 0x00, 0x6D,
0xBA, 0x00, 0x07, 0x00, 0x08, 0x00, 0x03, 0x2B, 0xBA, 0x00, 0x05, 0x00,
0x0A, 0x00, 0x03, 0x2B, 0xBA, 0x00, 0x0F, 0x00, 0x01, 0x00, 0x03, 0x2B,
0xB8, 0x00, 0x05, 0x10, 0xB8, 0x00, 0x00, 0xD0, 0xB8, 0x00, 0x05, 0x10,
0xB8, 0x00, 0x0C, 0xDC, 0x00, 0xB8, 0x00, 0x00, 0x45, 0x58, 0xB8, 0x00,
0x0D, 0x2F, 0x1B, 0xB9, 0x00, 0x0D, 0x00, 0x07, 0x3E, 0x59, 0xB8, 0x00,
0x00, 0x45, 0x58, 0xB8, 0x00, 0x07, 0x2F, 0x1B, 0xB9, 0x00, 0x07, 0x00,
0x01, 0x3E, 0x59, 0xBA, 0x00, 0x00, 0x00, 0x04, 0x00, 0x03, 0x2B, 0xB8,
0x00, 0x0D, 0x10, 0xB8, 0x00, 0x02, 0xDC, 0xB8, 0x00, 0x07, 0x10, 0xB8,
0x00, 0x09, 0xDC, 0xB8, 0x00, 0x07, 0x10, 0xB8, 0x00, 0x0B, 0xDC, 0x30,
0x31, 0x01, 0x21, 0x11, 0x21, 0x19, 0x01, 0x21, 0x11, 0x21, 0x11, 0x21,
0x11, 0x21, 0x11, 0x21, 0x11, 0x04, 0x00, 0x02, 0x00, 0xFE, 0x00, 0xFF,
0x00, 0xFD, 0x00, 0x01, 0x00, 0x01, 0x00, 0x06, 0x00, 0x08, 0x00, 0x01,
0x00, 0xFE, 0x00, 0xFA, 0x00, 0xFF, 0x00, 0x02, 0x00, 0x01, 0x00, 0x07,
0x00, 0xFD, 0x00, 0x00, 0x00, 0x02, 0x00, 0x00, 0x00, 0x00, 0x08, 0x00,
0x0A, 0x00, 0x00, 0x03, 0x00, 0x13, 0x00, 0x7D, 0xBA, 0x00, 0x0A, 0x00,
0x0B, 0x00, 0x03, 0x2B, 0xBA, 0x00, 0x08, 0x00, 0x0D, 0x00, 0x03, 0x2B,
0xBA, 0x00, 0x11, 0x00, 0x13, 0x00, 0x03, 0x2B, 0xBA, 0x00, 0x0F, 0x00,
0x02, 0x00, 0x03, 0x2B, 0xB8, 0x00, 0x08, 0x10, 0xB8, 0x00, 0x00, 0xD0,
0xB8, 0x00, 0x02, 0x10, 0xB8, 0x00, 0x05, 0xD0, 0x00, 0xB8, 0x00, 0x00,
0x45, 0x58, 0xB8, 0x00, 0x0E, 0x2F, 0x1B, 0xB9, 0x00, 0x0E, 0x00, 0x07,
0x3E, 0x59, 0xB8, 0x00, 0x00, 0x45, 0x58, 0xB8, 0x00, 0x0A, 0x2F, 0x1B,
0xB9, 0x00, 0x0A, 0x00, 0x01, 0x3E, 0x59, 0xBA, 0x00, 0x04, 0x00, 0x13,
0x00, 0x03, 0x2B, 0xBA, 0x00, 0x01, 0x00, 0x06, 0x00, 0x03, 0x2B, 0xB8,
0x00, 0x0E, 0x10, 0xB8, 0x00, 0x02, 0xDC, 0xB8, 0x00, 0x13, 0x10, 0xB8,
0x00, 0x08, 0xD0, 0xB8, 0x00, 0x0A, 0x10, 0xB8, 0x00, 0x0C, 0xDC, 0x30,
0x31, 0x01, 0x21, 0x11, 0x21, 0x01, 0x21, 0x11, 0x21, 0x11, 0x21, 0x11,
0x21, 0x11, 0x21, 0x11, 0x21, 0x11, 0x21, 0x11, 0x21, 0x03, 0x00, 0x03,
0x00, 0xFD, 0x00, 0x02, 0x00, 0x01, 0x00, 0xFD, 0x00, 0xFF, 0x00, 0xFE,
0x00, 0x01, 0x00, 0x07, 0x00, 0xFF, 0x00, 0xFE, 0x00, 0x08, 0x00, 0x01,
0x00, 0xFB, 0x00, 0x03, 0x00, 0xFA, 0x00, 0xFF, 0x00, 0x03, 0x00, 0x07,
0x00, 0xF8, 0x00, 0xFF, 0x00, 0x00, 0x00, 0x00, 0x00, 0x04, 0x00, 0x00,
0x00, 0x00, 0x08, 0x00, 0x09, 0x00, 0x00, 0x03, 0x00, 0x07, 0x00, 0x0B,
0x00, 0x27, 0x01, 0x8A, 0xBA, 0x00, 0x01, 0x00, 0x00, 0x00, 0x03, 0x2B,
0xBA, 0x00, 0x05, 0x00, 0x04, 0x00, 0x03, 0x2B, 0xB8, 0x00, 0x01, 0x10,
0xB8, 0x00, 0x0C, 0xDC, 0xB8, 0x00, 0x08, 0xD0, 0xB8, 0x00, 0x05, 0x10,
0xB8, 0x00, 0x22, 0xDC, 0xB8, 0x00, 0x09, 0xD0, 0xB8, 0x00, 0x05, 0x10,
0xB8, 0x00, 0x0D, 0xD0, 0xB8, 0x00, 0x04, 0x10, 0xB8, 0x00, 0x0F, 0xD0,
0xB8, 0x00, 0x00, 0x10, 0xB8, 0x00, 0x10, 0xDC, 0xB8, 0x00, 0x01, 0x10,
0xB8, 0x00, 0x11, 0xD0, 0xB8, 0x00, 0x00, 0x10, 0xB8, 0x00, 0x13, 0xD0,
0xB8, 0x00, 0x01, 0x10, 0xB8, 0x00, 0x15, 0xD0, 0xB8, 0x00, 0x00, 0x10,
0xB8, 0x00, 0x17, 0xD0, 0xB8, 0x00, 0x01, 0x10, 0xB8, 0x00, 0x19, 0xD0,
0xB8, 0x00, 0x04, 0x10, 0xB8, 0x00, 0x1B, 0xD0, 0xB8, 0x00, 0x10, 0x10,
0xB8, 0x00, 0x1C, 0xD0, 0xB8, 0x00, 0x05, 0x10, 0xB8, 0x00, 0x1D, 0xD0,
0xB8, 0x00, 0x0C, 0x10, 0xB8, 0x00, 0x1F, 0xD0, 0xB8, 0x00, 0x0C, 0x10,
0xB8, 0x00, 0x23, 0xD0, 0xB8, 0x00, 0x22, 0x10, 0xB8, 0x00, 0x25, 0xD0,
0x00, 0xB8, 0x00, 0x00, 0x45, 0x58, 0xB8, 0x00, 0x08, 0x2F, 0x1B, 0xB9,
0x00, 0x08, 0x00, 0x05, 0x3E, 0x59, 0xB8, 0x00, 0x00, 0x45, 0x58, 0xB8,
0x00, 0x18, 0x2F, 0x1B, 0xB9, 0x00, 0x18, 0x00, 0x05, 0x3E, 0x59, 0xB8,
0x00, 0x00, 0x45, 0x58, 0xB8, 0x00, 0x0E, 0x2F, 0x1B, 0xB9, 0x00, 0x0E,
0x00, 0x01, 0x3E, 0x59, 0xBA, 0x00, 0x01, 0x00, 0x02, 0x00, 0x03, 0x2B,
0xBA, 0x00, 0x1D, 0x00, 0x06, 0x00, 0x03, 0x2B, 0xB8, 0x00, 0x08, 0x10,
0xB8, 0x00, 0x0A, 0xDC, 0xB8, 0x00, 0x16, 0xD0, 0xB8, 0x00, 0x17, 0xD0,
0xB8, 0x00, 0x00, 0xDC, 0xB8, 0x00, 0x0E, 0x10, 0xB8, 0x00, 0x04, 0xDC,
0xB8, 0x00, 0x07, 0xDC, 0xB8, 0x00, 0x17, 0x10, 0xB8, 0x00, 0x0B, 0xD0,
0xB8, 0x00, 0x01, 0x10, 0xB8, 0x00, 0x0C, 0xD0, 0xB8, 0x00, 0x00, 0x10,
0xB8, 0x00, 0x0D, 0xD0, 0xB8, 0x00, 0x01, 0x10, 0xB8, 0x00, 0x10, 0xD0,
0xB8, 0x00, 0x00, 0x10, 0xB8, 0x00, 0x11, 0xD0, 0xB8, 0x00, 0x04, 0x10,
0xB8, 0x00, 0x12, 0xD0, 0xB8, 0x00, 0x13, 0xD0, 0xB8, 0x00, 0x06, 0x10,
0xB8, 0x00, 0x14, 0xD0, 0xB8, 0x00, 0x07, 0x10, 0xB8, 0x00, 0x15, 0xD0,
0xB8, 0x00, 0x17, 0x10, 0xB8, 0x00, 0x1A, 0xD0, 0xB8, 0x00, 0x1B, 0xD0,
0xB8, 0x00, 0x1E, 0xD0, 0xB8, 0x00, 0x1F, 0xD0, 0xB8, 0x00, 0x06, 0x10,
0xB8, 0x00, 0x20, 0xD0, 0xB8, 0x00, 0x07, 0x10, 0xB8, 0x00, 0x21, 0xD0,
0xB8, 0x00, 0x13, 0x10, 0xB8, 0x00, 0x22, 0xD0, 0xB8, 0x00, 0x23, 0xD0,
0xB8, 0x00, 0x01, 0x10, 0xB8, 0x00, 0x24, 0xD0, 0xB8, 0x00, 0x00, 0x10,
0xB8, 0x00, 0x25, 0xD0, 0xB8, 0x00, 0x02, 0x10, 0xB8, 0x00, 0x26, 0xD0,
0x30, 0x31, 0x11, 0x21, 0x11, 0x21, 0x01, 0x21, 0x11, 0x21, 0x01, 0x21,
0x11, 0x21, 0x11, 0x21, 0x11, 0x21, 0x11, 0x21, 0x11, 0x21, 0x11, 0x21,
0x11, 0x21, 0x11, 0x21, 0x11, 0x21, 0x11, 0x21, 0x11, 0x21, 0x11, 0x21,
0x11, 0x21, 0x11, 0x21, 0x11, 0x21, 0x02, 0x00, 0xFE, 0x00, 0x03, 0x00,
0x02, 0x00, 0xFE, 0x00, 0x03, 0x00, 0x02, 0x00, 0xFE, 0x00, 0xFF, 0x00,
0xFE, 0x00, 0xFF, 0x00, 0xFE, 0x00, 0x02, 0x00, 0xFE, 0x00, 0x02, 0x00,
0x01, 0x00, 0x02, 0x00, 0x01, 0x00, 0x02, 0x00, 0xFE, 0x00, 0x02, 0x00,
0xFE, 0x00, 0x03, 0x00, 0xFF, 0x00, 0x02, 0x00, 0x01, 0x00, 0x02, 0x00,
0xFF, 0x00, 0xFD, 0x00, 0xFD, 0x00, 0x03, 0x00, 0x01, 0x00, 0x01, 0x00,
0x01, 0x00, 0x01, 0x00, 0xFF, 0x00, 0x03, 0x00, 0xFD, 0x00, 0xFF, 0x00,
0xFF, 0x00, 0xFF, 0x00, 0xFF, 0x00, 0x00, 0x00, 0x00, 0x01, 0x00, 0x00,
0x00, 0x00, 0x07, 0x00, 0x0B, 0x00, 0x00, 0x17, 0x00, 0x82, 0xBA, 0x00,
0x08, 0x00, 0x09, 0x00, 0x03, 0x2B, 0xB8, 0x00, 0x09, 0x10, 0xB8, 0x00,
0x02, 0xDC, 0xB8, 0x00, 0x09, 0x10, 0xB8, 0x00, 0x04, 0xDC, 0xB8, 0x00,
0x09, 0x10, 0xB8, 0x00, 0x06, 0xDC, 0xB8, 0x00, 0x08, 0x10, 0xB8, 0x00,
0x0B, 0xD0, 0xB8, 0x00, 0x06, 0x10, 0xB8, 0x00, 0x0D, 0xD0, 0xB8, 0x00,
0x04, 0x10, 0xB8, 0x00, 0x0F, 0xD0, 0xB8, 0x00, 0x02, 0x10, 0xB8, 0x00,
0x11, 0xD0, 0x00, 0xB8, 0x00, 0x0A, 0x2F, 0xB8, 0x00, 0x00, 0x45, 0x58,
0xB8, 0x00, 0x0C, 0x2F, 0x1B, 0xB9, 0x00, 0x0C, 0x00, 0x07, 0x3E, 0x59,
0xB8, 0x00, 0x00, 0x45, 0x58, 0xB8, 0x00, 0x12, 0x2F, 0x1B, 0xB9, 0x00,
0x12, 0x00, 0x05, 0x3E, 0x59, 0xB8, 0x00, 0x00, 0x45, 0x58, 0xB8, 0x00,
0x08, 0x2F, 0x1B, 0xB9, 0x00, 0x08, 0x00, 0x01, 0x3E, 0x59, 0xBA, 0x00,
0x15, 0x00, 0x16, 0x00, 0x03, 0x2B, 0x30, 0x31, 0x01, 0x21, 0x11, 0x21,
0x11, 0x21, 0x11, 0x21, 0x11, 0x21, 0x11, 0x21, 0x11, 0x21, 0x11, 0x21,
0x11, 0x21, 0x11, 0x21, 0x11, 0x21, 0x11, 0x21, 0x05, 0x00, 0xFF, 0x00,
0xFF, 0x00, 0xFF, 0x00, 0xFF, 0x00, 0xFF, 0x00, 0x01, 0x00, 0x01, 0x00,
0x01, 0x00, 0x01, 0x00, 0x01, 0x00, 0x02, 0x00, 0xFE, 0x00, 0x04, 0x00,
0xFF, 0x00, 0xFF, 0x00, 0xFF, 0x00, 0xFF, 0x00, 0x0B, 0x00, 0xFF, 0x00,
0xFF, 0x00, 0xFF, 0x00, 0xFF, 0x00, 0xFF, 0x00, 0xFF, 0x00, 0x00, 0x00,
0x00, 0x01, 0x00, 0x00, 0x00, 0x00, 0x07, 0x00, 0x0B, 0x00, 0x00, 0x17,
0x00, 0x7E, 0xBA, 0x00, 0x0B, 0x00, 0x04, 0x00, 0x03, 0x2B, 0xB8, 0x00,
0x0B, 0x10, 0xB8, 0x00, 0x06, 0xDC, 0xB8, 0x00, 0x0B, 0x10, 0xB8, 0x00,
0x08, 0xDC, 0xB8, 0x00, 0x0B, 0x10, 0xB8, 0x00, 0x0A, 0xDC, 0xB8, 0x00,
0x0D, 0xD0, 0xB8, 0x00, 0x08, 0x10, 0xB8, 0x00, 0x0F, 0xD0, 0xB8, 0x00,
0x06, 0x10, 0xB8, 0x00, 0x11, 0xD0, 0xB8, 0x00, 0x04, 0x10, 0xB8, 0x00,
0x13, 0xD0, 0x00, 0xB8, 0x00, 0x0A, 0x2F, 0xB8, 0x00, 0x00, 0x45, 0x58,
0xB8, 0x00, 0x08, 0x2F, 0x1B, 0xB9, 0x00, 0x08, 0x00, 0x07, 0x3E, 0x59,
0xB8, 0x00, 0x00, 0x45, 0x58, 0xB8, 0x00, 0x02, 0x2F, 0x1B, 0xB9, 0x00,
0x02, 0x00, 0x05, 0x3E, 0x59, 0xB8, 0x00, 0x00, 0x45, 0x58, 0xB8, 0x00,
0x0C, 0x2F, 0x1B, 0xB9, 0x00, 0x0C, 0x00, 0x01, 0x3E, 0x59, 0xBA, 0x00,
0x01, 0x00, 0x16, 0x00, 0x03, 0x2B, 0x30, 0x31, 0x11, 0x21, 0x11, 0x21,
0x11, 0x21, 0x11, 0x21, 0x11, 0x21, 0x11, 0x21, 0x11, 0x21, 0x11, 0x21,
0x11, 0x21, 0x11, 0x21, 0x11, 0x21, 0x11, 0x21, 0x02, 0x00, 0x01, 0x00,
0x01, 0x00, 0x01, 0x00, 0x01, 0x00, 0x01, 0x00, 0xFF, 0x00, 0xFF, 0x00,
0xFF, 0x00, 0xFF, 0x00, 0xFF, 0x00, 0xFE, 0x00, 0x06, 0x00, 0x01, 0x00,
0x01, 0x00, 0x01, 0x00, 0x01, 0x00, 0x01, 0x00, 0xF5, 0x00, 0x01, 0x00,
0x01, 0x00, 0x01, 0x00, 0x01, 0x00, 0x01, 0x00, 0x00, 0x01, 0x01, 0x00,
0x01, 0x00, 0x07, 0x00, 0x0A, 0x00, 0x00, 0x1B, 0x00, 0xB0, 0xBA, 0x00,
0x18, 0x00, 0x01, 0x00, 0x03, 0x2B, 0xBA, 0x00, 0x19, 0x00, 0x00, 0x00,
0x03, 0x2B, 0xB8, 0x00, 0x00, 0x10, 0xB8, 0x00, 0x05, 0xD0, 0xB8, 0x00,
0x01, 0x10, 0xB8, 0x00, 0x09, 0xD0, 0xB8, 0x00, 0x00, 0x10, 0xB8, 0x00,
0x0B, 0xD0, 0xB8, 0x00, 0x19, 0x10, 0xB8, 0x00, 0x0D, 0xD0, 0xB8, 0x00,
0x18, 0x10, 0xB8, 0x00, 0x0F, 0xD0, 0xB8, 0x00, 0x19, 0x10, 0xB8, 0x00,
0x13, 0xD0, 0x00, 0xB8, 0x00, 0x1A, 0x2F, 0xB8, 0x00, 0x00, 0x45, 0x58,
0xB8, 0x00, 0x0C, 0x2F, 0x1B, 0xB9, 0x00, 0x0C, 0x00, 0x07, 0x3E, 0x59,
0xBA, 0x00, 0x05, 0x00, 0x00, 0x00, 0x03, 0x2B, 0xBA, 0x00, 0x0B, 0x00,
0x06, 0x00, 0x03, 0x2B, 0xB8, 0x00, 0x05, 0x10, 0xB8, 0x00, 0x03, 0xDC,
0xB8, 0x00, 0x06, 0x10, 0xB8, 0x00, 0x09, 0xDC, 0xB8, 0x00, 0x0B, 0x10,
0xB8, 0x00, 0x0E, 0xD0, 0xB8, 0x00, 0x09, 0x10, 0xB8, 0x00, 0x10, 0xD0,
0xB8, 0x00, 0x06, 0x10, 0xB8, 0x00, 0x12, 0xD0, 0xB8, 0x00, 0x05, 0x10,
0xB8, 0x00, 0x14, 0xD0, 0xB8, 0x00, 0x04, 0x10, 0xB8, 0x00, 0x15, 0xD0,
0xB8, 0x00, 0x03, 0x10, 0xB8, 0x00, 0x16, 0xD0, 0xB8, 0x00, 0x00, 0x10,
0xB8, 0x00, 0x18, 0xD0, 0x30, 0x31, 0x01, 0x21, 0x11, 0x21, 0x11, 0x21,
0x11, 0x21, 0x11, 0x21, 0x11, 0x21, 0x11, 0x21, 0x11, 0x21, 0x11, 0x21,
0x11, 0x21, 0x11, 0x21, 0x11, 0x21, 0x11, 0x21, 0x11, 0x21, 0x03, 0x00,
0xFF, 0x00, 0xFF, 0x00, 0x02, 0x00, 0xFE, 0x00, 0x01, 0x00, 0x01, 0x00,
0x02, 0x00, 0x01, 0x00, 0x01, 0x00, 0xFE, 0x00, 0x02, 0x00, 0xFF, 0x00,
0xFF, 0x00, 0xFE, 0x00, 0x02, 0x00, 0x01, 0x00, 0x01, 0x00, 0x03, 0x00,
0x01, 0x00, 0x01, 0x00, 0x01, 0x00, 0xFF, 0x00, 0xFF, 0x00, 0xFF, 0x00,
0xFD, 0x00, 0xFF, 0x00, 0xFF, 0x00, 0xFF, 0x00, 0x00, 0x04, 0x01, 0x00,
0x00, 0x00, 0x07, 0x00, 0x0A, 0x00, 0x00, 0x03, 0x00, 0x07, 0x00, 0x0B,
0x00, 0x0F, 0x00, 0x93, 0xB8, 0x00, 0x10, 0x2F, 0xB8, 0x00, 0x00, 0x2F,
0xB8, 0x00, 0x01, 0xDC, 0xB8, 0x00, 0x10, 0x10, 0xB8, 0x00, 0x04, 0xD0,
0xB8, 0x00, 0x04, 0x2F, 0xB8, 0x00, 0x05, 0xDC, 0xB8, 0x00, 0x00, 0x10,
0xB8, 0x00, 0x08, 0xD0, 0xB8, 0x00, 0x01, 0x10, 0xB8, 0x00, 0x09, 0xD0,
0xB8, 0x00, 0x04, 0x10, 0xB8, 0x00, 0x0C, 0xD0, 0xB8, 0x00, 0x05, 0x10,
0xB8, 0x00, 0x0D, 0xD0, 0x00, 0xB8, 0x00, 0x00, 0x45, 0x58, 0xB8, 0x00,
0x08, 0x2F, 0x1B, 0xB9, 0x00, 0x08, 0x00, 0x07, 0x3E, 0x59, 0xB8, 0x00,
0x00, 0x45, 0x58, 0xB8, 0x00, 0x0C, 0x2F, 0x1B, 0xB9, 0x00, 0x0C, 0x00,
0x07, 0x3E, 0x59, 0xB8, 0x00, 0x00, 0x45, 0x58, 0xB8, 0x00, 0x02, 0x2F,
0x1B, 0xB9, 0x00, 0x02, 0x00, 0x01, 0x3E, 0x59, 0xB8, 0x00, 0x00, 0x45,
0x58, 0xB8, 0x00, 0x06, 0x2F, 0x1B, 0xB9, 0x00, 0x06, 0x00, 0x01, 0x3E,
0x59, 0xB8, 0x00, 0x02, 0x10, 0xB8, 0x00, 0x00, 0xDC, 0xB8, 0x00, 0x04,
0xD0, 0xB8, 0x00, 0x05, 0xD0, 0x30, 0x31, 0x01, 0x21, 0x11, 0x21, 0x01,
0x21, 0x11, 0x21, 0x01, 0x21, 0x11, 0x21, 0x01, 0x21, 0x11, 0x21, 0x05,
0x00, 0x02, 0x00, 0xFE, 0x00, 0xFC, 0x00, 0x02, 0x00, 0xFE, 0x00, 0x04,
0x00, 0x02, 0x00, 0xFE, 0x00, 0xFC, 0x00, 0x02, 0x00, 0xFE, 0x00, 0x02,
0x00, 0xFE, 0x00, 0x02, 0x00, 0xFE, 0x00, 0x0A, 0x00, 0xF9, 0x00, 0x07,
0x00, 0xF9, 0x00, 0x00, 0x00, 0x02, 0x00, 0x00, 0x00, 0x00, 0x08, 0x00,
0x0A, 0x00, 0x00, 0x03, 0x00, 0x11, 0x00, 0x8A, 0xBA, 0x00, 0x03, 0x00,
0x04, 0x00, 0x03, 0x2B, 0xBA, 0x00, 0x0B, 0x00, 0x05, 0x00, 0x03, 0x2B,
0xBA, 0x00, 0x08, 0x00, 0x09, 0x00, 0x03, 0x2B, 0xB8, 0x00, 0x0B, 0x10,
0xB8, 0x00, 0x02, 0xDC, 0xB8, 0x00, 0x0D, 0xD0, 0xB8, 0x00, 0x05, 0x10,
0xB8, 0x00, 0x0F, 0xD0, 0x00, 0xB8, 0x00, 0x00, 0x45, 0x58, 0xB8, 0x00,
0x06, 0x2F, 0x1B, 0xB9, 0x00, 0x06, 0x00, 0x07, 0x3E, 0x59, 0xB8, 0x00,
0x00, 0x45, 0x58, 0xB8, 0x00, 0x08, 0x2F, 0x1B, 0xB9, 0x00, 0x08, 0x00,
0x01, 0x3E, 0x59, 0xB8, 0x00, 0x00, 0x45, 0x58, 0xB8, 0x00, 0x0C, 0x2F,
0x1B, 0xB9, 0x00, 0x0C, 0x00, 0x01, 0x3E, 0x59, 0xBA, 0x00, 0x01, 0x00,
0x0E, 0x00, 0x03, 0x2B, 0xB8, 0x00, 0x06, 0x10, 0xB8, 0x00, 0x02, 0xDC,
0xB8, 0x00, 0x04, 0xD0, 0xB8, 0x00, 0x05, 0xD0, 0xB8, 0x00, 0x0A, 0xD0,
0xB8, 0x00, 0x0B, 0xD0, 0xB8, 0x00, 0x01, 0x10, 0xB8, 0x00, 0x10, 0xD0,
0x30, 0x31, 0x01, 0x21, 0x11, 0x29, 0x02, 0x11, 0x21, 0x11, 0x21, 0x11,
0x21, 0x11, 0x21, 0x11, 0x21, 0x11, 0x21, 0x02, 0x00, 0x01, 0x00, 0xFF,
0x00, 0xFE, 0x00, 0x01, 0x00, 0x07, 0x00, 0xFE, 0x00, 0xFF, 0x00, 0xFE,
0x00, 0xFE, 0x00, 0xFF, 0x00, 0x06, 0x00, 0x03, 0x00, 0x01, 0x00, 0xF6,
0x00, 0x09, 0x00, 0xF7, 0x00, 0x05, 0x00, 0x01, 0x00, 0x00, 0x00, 0x00,
0x00, 0x02, 0x00, 0x00, 0xFF, 0x00, 0x07, 0x00, 0x0B, 0x00, 0x00, 0x0B,
0x00, 0x3F, 0x02, 0xFC, 0xBA, 0x00, 0x0D, 0x00, 0x0C, 0x00, 0x03, 0x2B,
0xBA, 0x00, 0x0A, 0x00, 0x15, 0x00, 0x03, 0x2B, 0xBA, 0x00, 0x33, 0x00,
0x00, 0x00, 0x03, 0x2B, 0xB8, 0x00, 0x0D, 0x10, 0xB8, 0x00, 0x02, 0xDC,
0xB8, 0x00, 0x00, 0x10, 0xB8, 0x00, 0x03, 0xD0, 0xB8, 0x00, 0x0A, 0x10,
0xB8, 0x00, 0x05, 0xD0, 0xB8, 0x00, 0x0D, 0x10, 0xB8, 0x00, 0x07, 0xD0,
0xB8, 0x00, 0x02, 0x10, 0xB8, 0x00, 0x0F, 0xD0, 0xB8, 0x00, 0x01, 0x10,
0xB8, 0x00, 0x10, 0xD0, 0xB8, 0x00, 0x00, 0x10, 0xB8, 0x00, 0x11, 0xD0,
0xB8, 0x00, 0x0D, 0x10, 0xB8, 0x00, 0x13, 0xD0, 0xB8, 0x00, 0x07, 0x10,
0xB8, 0x00, 0x14, 0xD0, 0xB8, 0x00, 0x0C, 0x10, 0xB8, 0x00, 0x17, 0xD0,
0xB8, 0x00, 0x15, 0x10, 0xB8, 0x00, 0x19, 0xD0, 0xB8, 0x00, 0x0D, 0x10,
0xB8, 0x00, 0x1B, 0xD0, 0xB8, 0x00, 0x07, 0x10, 0xB8, 0x00, 0x1C, 0xD0,
0xB8, 0x00, 0x15, 0x10, 0xB8, 0x00, 0x1D, 0xD0, 0xB8, 0x00, 0x0C, 0x10,
0xB8, 0x00, 0x1F, 0xD0, 0xB8, 0x00, 0x15, 0x10, 0xB8, 0x00, 0x21, 0xD0,
0xB8, 0x00, 0x33, 0x10, 0xB8, 0x00, 0x23, 0xD0, 0xB8, 0x00, 0x02, 0x10,
0xB8, 0x00, 0x32, 0xDC, 0xB8, 0x00, 0x25, 0xD0, 0xB8, 0x00, 0x02, 0x10,
0xB8, 0x00, 0x27, 0xD0, 0xB8, 0x00, 0x01, 0x10, 0xB8, 0x00, 0x28, 0xD0,
0xB8, 0x00, 0x0D, 0x10, 0xB8, 0x00, 0x29, 0xD0, 0xB8, 0x00, 0x07, 0x10,
0xB8, 0x00, 0x2A, 0xD0, 0xB8, 0x00, 0x0A, 0x10, 0xB8, 0x00, 0x2B, 0xD0,
0xB8, 0x00, 0x02, 0x10, 0xB8, 0x00, 0x2D, 0xD0, 0xB8, 0x00, 0x01, 0x10,
0xB8, 0x00, 0x2E, 0xD0, 0xB8, 0x00, 0x33, 0x10, 0xB8, 0x00, 0x2F, 0xD0,
0xB8, 0x00, 0x02, 0x10, 0xB8, 0x00, 0x35, 0xD0, 0xB8, 0x00, 0x01, 0x10,
0xB8, 0x00, 0x36, 0xD0, 0xB8, 0x00, 0x33, 0x10, 0xB8, 0x00, 0x37, 0xD0,
0xB8, 0x00, 0x32, 0x10, 0xB8, 0x00, 0x39, 0xD0, 0xB8, 0x00, 0x33, 0x10,
0xB8, 0x00, 0x3B, 0xD0, 0xB8, 0x00, 0x15, 0x10, 0xB8, 0x00, 0x3D, 0xD0,
0x00, 0xB8, 0x00, 0x00, 0x45, 0x58, 0xB8, 0x00, 0x20, 0x2F, 0x1B, 0xB9,
0x00, 0x20, 0x00, 0x07, 0x3E, 0x59, 0xB8, 0x00, 0x00, 0x45, 0x58, 0xB8,
0x00, 0x24, 0x2F, 0x1B, 0xB9, 0x00, 0x24, 0x00, 0x07, 0x3E, 0x59, 0xB8,
0x00, 0x00, 0x45, 0x58, 0xB8, 0x00, 0x28, 0x2F, 0x1B, 0xB9, 0x00, 0x28,
0x00, 0x07, 0x3E, 0x59, 0xB8, 0x00, 0x00, 0x45, 0x58, 0xB8, 0x00, 0x04,
0x2F, 0x1B, 0xB9, 0x00, 0x04, 0x00, 0x05, 0x3E, 0x59, 0xB8, 0x00, 0x00,
0x45, 0x58, 0xB8, 0x00, 0x1A, 0x2F, 0x1B, 0xB9, 0x00, 0x1A, 0x00, 0x05,
0x3E, 0x59, 0xB8, 0x00, 0x00, 0x45, 0x58, 0xB8, 0x00, 0x2E, 0x2F, 0x1B,
0xB9, 0x00, 0x2E, 0x00, 0x05, 0x3E, 0x59, 0xB8, 0x00, 0x00, 0x45, 0x58,
0xB8, 0x00, 0x0E, 0x2F, 0x1B, 0xB9, 0x00, 0x0E, 0x00, 0x01, 0x3E, 0x59,
0xB8, 0x00, 0x00, 0x45, 0x58, 0xB8, 0x00, 0x3A, 0x2F, 0x1B, 0xB9, 0x00,
0x3A, 0x00, 0x01, 0x3E, 0x59, 0xB8, 0x00, 0x00, 0x45, 0x58, 0xB8, 0x00,
0x3E, 0x2F, 0x1B, 0xB9, 0x00, 0x3E, 0x00, 0x01, 0x3E, 0x59, 0xBA, 0x00,
0x3B, 0x00, 0x3C, 0x00, 0x03, 0x2B, 0xBA, 0x00, 0x22, 0x00, 0x21, 0x00,
0x03, 0x2B, 0xBA, 0x00, 0x2D, 0x00, 0x02, 0x00, 0x03, 0x2B, 0xB8, 0x00,
0x3E, 0x10, 0xB8, 0x00, 0x0C, 0xDC, 0xB8, 0x00, 0x17, 0xDC, 0xB8, 0x00,
0x00, 0xD0, 0xB8, 0x00, 0x03, 0xDC, 0xB8, 0x00, 0x22, 0x10, 0xB8, 0x00,
0x1D, 0xDC, 0xB8, 0x00, 0x2C, 0xD0, 0xB8, 0x00, 0x05, 0xDC, 0xB8, 0x00,
0x02, 0x10, 0xB8, 0x00, 0x06, 0xD0, 0xB8, 0x00, 0x03, 0x10, 0xB8, 0x00,
0x07, 0xD0, 0xB8, 0x00, 0x17, 0x10, 0xB8, 0x00, 0x08, 0xD0, 0xB8, 0x00,
0x00, 0x10, 0xB8, 0x00, 0x09, 0xD0, 0xB8, 0x00, 0x04, 0x10, 0xB8, 0x00,
0x0A, 0xDC, 0xB8, 0x00, 0x3C, 0x10, 0xB8, 0x00, 0x37, 0xDC, 0xB8, 0x00,
0x12, 0xD0, 0xB8, 0x00, 0x0B, 0xDC, 0xB8, 0x00, 0x0C, 0x10, 0xB8, 0x00,
0x0D, 0xD0, 0xB8, 0x00, 0x3B, 0x10, 0xB8, 0x00, 0x0F, 0xD0, 0xB8, 0x00,
0x0D, 0x10, 0xB8, 0x00, 0x10, 0xD0, 0xB8, 0x00, 0x11, 0xD0, 0xB8, 0x00,
0x0A, 0x10, 0xB8, 0x00, 0x14, 0xD0, 0xB8, 0x00, 0x15, 0xD0, 0xB8, 0x00,
0x00, 0x10, 0xB8, 0x00, 0x16, 0xD0, 0xB8, 0x00, 0x02, 0x10, 0xB8, 0x00,
0x18, 0xD0, 0xB8, 0x00, 0x03, 0x10, 0xB8, 0x00, 0x19, 0xD0, 0xB8, 0x00,
0x05, 0x10, 0xB8, 0x00, 0x1B, 0xD0, 0xB8, 0x00, 0x2C, 0x10, 0xB8, 0x00,
0x1C, 0xD0, 0xB8, 0x00, 0x20, 0x10, 0xB8, 0x00, 0x1E, 0xDC, 0xB8, 0x00,
0x26, 0xD0, 0xB8, 0x00, 0x27, 0xD0, 0xB8, 0x00, 0x1F, 0xD0, 0xB8, 0x00,
0x21, 0x10, 0xB8, 0x00, 0x25, 0xD0, 0xB8, 0x00, 0x21, 0x10, 0xB8, 0x00,
0x29, 0xD0, 0xB8, 0x00, 0x27, 0x10, 0xB8, 0x00, 0x2A, 0xD0, 0xB8, 0x00,
0x2B, 0xD0, 0xB8, 0x00, 0x05, 0x10, 0xB8, 0x00, 0x2F, 0xD0, 0xB8, 0x00,
0x02, 0x10, 0xB8, 0x00, 0x30, 0xD0, 0xB8, 0x00, 0x03, 0x10, 0xB8, 0x00,
0x31, 0xD0, 0xB8, 0x00, 0x17, 0x10, 0xB8, 0x00, 0x32, 0xD0, 0xB8, 0x00,
0x00, 0x10, 0xB8, 0x00, 0x33, 0xD0, 0xB8, 0x00, 0x15, 0x10, 0xB8, 0x00,
0x34, 0xD0, 0xB8, 0x00, 0x35, 0xD0, 0xB8, 0x00, 0x12, 0x10, 0xB8, 0x00,
0x36, 0xD0, 0xB8, 0x00, 0x11, 0x10, 0xB8, 0x00, 0x38, 0xD0, 0xB8, 0x00,
0x39, 0xD0, 0xB8, 0x00, 0x3B, 0x10, 0xB8, 0x00, 0x3F, 0xD0, 0x30, 0x31,
0x01, 0x21, 0x11, 0x21, 0x11, 0x21, 0x11, 0x21, 0x11, 0x21, 0x11, 0x21,
0x01, 0x21, 0x11, 0x21, 0x11, 0x21, 0x11, 0x21, 0x11, 0x21, 0x11, 0x21,
0x11, 0x21, 0x11, 0x21, 0x11, 0x21, 0x11, 0x21, 0x11, 0x21, 0x11, 0x21,
0x11, 0x21, 0x11, 0x21, 0x11, 0x21, 0x11, 0x21, 0x11, 0x21, 0x11, 0x21,
0x11, 0x21, 0x11, 0x21, 0x11, 0x21, 0x11, 0x21, 0x11, 0x21, 0x11, 0x21,
0x11, 0x21, 0x11, 0x21, 0x04, 0x00, 0x01, 0x00, 0xFF, 0x00, 0xFF, 0x00,
0xFF, 0x00, 0x01, 0x00, 0x01, 0x00, 0xFC, 0x00, 0x02, 0x00, 0x03, 0x00,
0xFF, 0x00, 0xFE, 0x00, 0xFF, 0x00, 0xFF, 0x00, 0x01, 0x00, 0x01, 0x00,
0xFF, 0x00, 0xFF, 0x00, 0x01, 0x00, 0x05, 0x00, 0x01, 0x00, 0xFE, 0x00,
0xFD, 0x00, 0x01, 0x00, 0x02, 0x00, 0x01, 0x00, 0x01, 0x00, 0xFF, 0x00,
0xFF, 0x00, 0x01, 0x00, 0x01, 0x00, 0xFF, 0x00, 0xFB, 0x00, 0xFF, 0x00,
0x04, 0x00, 0x02, 0x00, 0x01, 0x00, 0xFF, 0x00, 0xFE, 0x00, 0xFF, 0x00,
0xFE, 0x00, 0xFF, 0x00, 0x01, 0x00, 0x01, 0x00, 0x01, 0x00, 0x01, 0x00,
0x02, 0x00, 0x01, 0x00, 0x01, 0x00, 0x01, 0x00, 0x01, 0x00, 0x01, 0x00,
0xFF, 0x00, 0xFF, 0x00, 0x01, 0x00, 0xFF, 0x00, 0xFF, 0x00, 0xFF, 0x00,
0xFF, 0x00, 0xFE, 0x00, 0xFF, 0x00, 0xFF, 0x00, 0xFF, 0x00, 0xFF, 0x00,
0xFF, 0x00, 0x01, 0x00, 0x00, 0x01, 0x00, 0x00, 0x00, 0x00, 0x07, 0x00,
0x04, 0x00, 0x00, 0x03, 0x00, 0x18, 0x00, 0xB8, 0x00, 0x00, 0x45, 0x58,
0xB8, 0x00, 0x02, 0x2F, 0x1B, 0xB9, 0x00, 0x02, 0x00, 0x01, 0x3E, 0x59,
0xB8, 0x00, 0x00, 0xDC, 0x30, 0x31, 0x11, 0x21, 0x11, 0x21, 0x07, 0x00,
0xF9, 0x00, 0x04, 0x00, 0xFC, 0x00, 0x00, 0x00, 0x00, 0x01, 0x01, 0x00,
0x00, 0x00, 0x07, 0x00, 0x0A, 0x00, 0x00, 0x1F, 0x00, 0xC9, 0xBA, 0x00,
0x08, 0x00, 0x01, 0x00, 0x03, 0x2B, 0xBA, 0x00, 0x06, 0x00, 0x03, 0x00,
0x03, 0x2B, 0xB8, 0x00, 0x06, 0x10, 0xB8, 0x00, 0x0B, 0xD0, 0xB8, 0x00,
0x08, 0x10, 0xB8, 0x00, 0x0F, 0xD0, 0xB8, 0x00, 0x06, 0x10, 0xB8, 0x00,
0x11, 0xD0, 0xB8, 0x00, 0x03, 0x10, 0xB8, 0x00, 0x17, 0xD0, 0xB8, 0x00,
0x01, 0x10, 0xB8, 0x00, 0x19, 0xD0, 0xB8, 0x00, 0x03, 0x10, 0xB8, 0x00,
0x1D, 0xD0, 0x00, 0xB8, 0x00, 0x00, 0x45, 0x58, 0xB8, 0x00, 0x04, 0x2F,
0x1B, 0xB9, 0x00, 0x04, 0x00, 0x07, 0x3E, 0x59, 0xB8, 0x00, 0x00, 0x45,
0x58, 0xB8, 0x00, 0x14, 0x2F, 0x1B, 0xB9, 0x00, 0x14, 0x00, 0x01, 0x3E,
0x59, 0xBA, 0x00, 0x0C, 0x00, 0x11, 0x00, 0x03, 0x2B, 0xBA, 0x00, 0x07,
0x00, 0x0A, 0x00, 0x03, 0x2B, 0xB8, 0x00, 0x0A, 0x10, 0xB8, 0x00, 0x09,
0xDC, 0xB8, 0x00, 0x00, 0xD0, 0xB8, 0x00, 0x07, 0x10, 0xB8, 0x00, 0x02,
0xD0, 0xB8, 0x00, 0x0C, 0x10, 0xB8, 0x00, 0x0E, 0xDC, 0xB8, 0x00, 0x14,
0x10, 0xB8, 0x00, 0x12, 0xDC, 0xB8, 0x00, 0x16, 0xD0, 0xB8, 0x00, 0x17,
0xD0, 0xB8, 0x00, 0x11, 0x10, 0xB8, 0x00, 0x18, 0xD0, 0xB8, 0x00, 0x0E,
0x10, 0xB8, 0x00, 0x1A, 0xD0, 0xB8, 0x00, 0x0C, 0x10, 0xB8, 0x00, 0x1C,
0xD0, 0xB8, 0x00, 0x0D, 0x10, 0xB8, 0x00, 0x1D, 0xD0, 0xB8, 0x00, 0x0A,
0x10, 0xB8, 0x00, 0x1E, 0xD0, 0x30, 0x31, 0x01, 0x21, 0x11, 0x21, 0x11,
0x21, 0x11, 0x21, 0x11, 0x21, 0x11, 0x21, 0x11, 0x21, 0x11, 0x21, 0x11,
0x21, 0x11, 0x21, 0x11, 0x21, 0x11, 0x21, 0x11, 0x21, 0x11, 0x21, 0x11,
0x21, 0x11, 0x21, 0x01, 0x00, 0x01, 0x00, 0x01, 0x00, 0x02, 0x00, 0x01,
0x00, 0x01, 0x00, 0xFE, 0x00, 0x02, 0x00, 0xFF, 0x00, 0xFF, 0x00, 0x02,
0x00, 0xFA, 0x00, 0x02, 0x00, 0xFF, 0x00, 0xFF, 0x00, 0x02, 0x00, 0xFE,
0x00, 0x08, 0x00, 0x01, 0x00, 0x01, 0x00, 0xFF, 0x00, 0xFF, 0x00, 0xFF,
0x00, 0xFD, 0x00, 0xFF, 0x00, 0xFF, 0x00, 0xFF, 0x00, 0xFF, 0x00, 0x01,
0x00, 0x01, 0x00, 0x01, 0x00, 0x01, 0x00, 0x03, 0x00, 0x00, 0x00, 0x00,
0x00, 0x01, 0x01, 0x00, 0x00, 0x00, 0x07, 0x00, 0x0A, 0x00, 0x00, 0x0F,
0x00, 0x61, 0xBA, 0x00, 0x06, 0x00, 0x03, 0x00, 0x03, 0x2B, 0xB8, 0x00,
0x06, 0x10, 0xB8, 0x00, 0x0B, 0xD0, 0xB8, 0x00, 0x03, 0x10, 0xB8, 0x00,
0x0D, 0xD0, 0x00, 0xB8, 0x00, 0x00, 0x45, 0x58, 0xB8, 0x00, 0x04, 0x2F,
0x1B, 0xB9, 0x00, 0x04, 0x00, 0x07, 0x3E, 0x59, 0xB8, 0x00, 0x00, 0x45,
0x58, 0xB8, 0x00, 0x0C, 0x2F, 0x1B, 0xB9, 0x00, 0x0C, 0x00, 0x01, 0x3E,
0x59, 0xBA, 0x00, 0x07, 0x00, 0x0A, 0x00, 0x03, 0x2B, 0xB8, 0x00, 0x0A,
0x10, 0xB8, 0x00, 0x09, 0xDC, 0xB8, 0x00, 0x00, 0xD0, 0xB8, 0x00, 0x07,
0x10, 0xB8, 0x00, 0x02, 0xD0, 0xB8, 0x00, 0x0A, 0x10, 0xB8, 0x00, 0x0E,
0xD0, 0x30, 0x31, 0x01, 0x21, 0x11, 0x21, 0x11, 0x21, 0x11, 0x21, 0x11,
0x21, 0x11, 0x21, 0x11, 0x21, 0x11, 0x21, 0x01, 0x00, 0x01, 0x00, 0x01,
0x00, 0x02, 0x00, 0x01, 0x00, 0x01, 0x00, 0xFE, 0x00, 0xFE, 0x00, 0xFE,
0x00, 0x08, 0x00, 0x01, 0x00, 0x01, 0x00, 0xFF, 0x00, 0xFF, 0x00, 0xFF,
0x00, 0xF9, 0x00, 0x07, 0x00, 0x00, 0x00, 0x00, 0x00, 0x01, 0x01, 0x00,
0x00, 0x00, 0x07, 0x00, 0x0A, 0x00, 0x00, 0x0F, 0x00, 0x6D, 0xBA, 0x00,
0x04, 0x00, 0x01, 0x00, 0x03, 0x2B, 0xB8, 0x00, 0x04, 0x10, 0xB8, 0x00,
0x09, 0xD0, 0xB8, 0x00, 0x01, 0x10, 0xB8, 0x00, 0x0B, 0xD0, 0x00, 0xB8,
0x00, 0x00, 0x45, 0x58, 0xB8, 0x00, 0x02, 0x2F, 0x1B, 0xB9, 0x00, 0x02,
0x00, 0x07, 0x3E, 0x59, 0xB8, 0x00, 0x00, 0x45, 0x58, 0xB8, 0x00, 0x0A,
0x2F, 0x1B, 0xB9, 0x00, 0x0A, 0x00, 0x01, 0x3E, 0x59, 0xBA, 0x00, 0x04,
0x00, 0x09, 0x00, 0x03, 0x2B, 0xB8, 0x00, 0x04, 0x10, 0xB8, 0x00, 0x00,
0xD0, 0xB8, 0x00, 0x05, 0x10, 0xB8, 0x00, 0x01, 0xD0, 0xB8, 0x00, 0x04,
0x10, 0xB8, 0x00, 0x06, 0xDC, 0xB8, 0x00, 0x09, 0x10, 0xB8, 0x00, 0x0C,
0xD0, 0xB8, 0x00, 0x06, 0x10, 0xB8, 0x00, 0x0E, 0xD0, 0x30, 0x31, 0x01,
0x21, 0x11, 0x21, 0x11, 0x21, 0x11, 0x21, 0x11, 0x21, 0x11, 0x21, 0x11,
0x21, 0x11, 0x21, 0x01, 0x00, 0x02, 0x00, 0x02, 0x00, 0x02, 0x00, 0xFF,
0x00, 0xFF, 0x00, 0xFE, 0x00, 0xFF, 0x00, 0xFF, 0x00, 0x03, 0x00, 0x07,
0x00, 0xF9, 0x00, 0xFF, 0x00, 0xFF, 0x00, 0xFF, 0x00, 0x01, 0x00, 0x01,
0x00, 0x00, 0x00, 0x00, 0x00, 0x01, 0x00, 0x00, 0x02, 0x00, 0x07, 0x00,
0x07, 0x00, 0x00, 0x13, 0x00, 0x80, 0xBA, 0x00, 0x01, 0x00, 0x00, 0x00,
0x03, 0x2B, 0xBA, 0x00, 0x08, 0x00, 0x0D, 0x00, 0x03, 0x2B, 0xB8, 0x00,
0x08, 0x10, 0xB8, 0x00, 0x03, 0xD0, 0xB8, 0x00, 0x01, 0x10, 0xB8, 0x00,
0x09, 0xD0, 0xB8, 0x00, 0x00, 0x10, 0xB8, 0x00, 0x0B, 0xD0, 0xB8, 0x00,
0x0D, 0x10, 0xB8, 0x00, 0x11, 0xD0, 0x00, 0xB8, 0x00, 0x00, 0x45, 0x58,
0xB8, 0x00, 0x00, 0x2F, 0x1B, 0xB9, 0x00, 0x00, 0x00, 0x05, 0x3E, 0x59,
0xBA, 0x00, 0x09, 0x00, 0x0A, 0x00, 0x03, 0x2B, 0xBA, 0x00, 0x05, 0x00,
0x06, 0x00, 0x03, 0x2B, 0xB8, 0x00, 0x00, 0x10, 0xB8, 0x00, 0x02, 0xDC,
0xB8, 0x00, 0x09, 0x10, 0xB8, 0x00, 0x0C, 0xD0, 0xB8, 0x00, 0x06, 0x10,
0xB8, 0x00, 0x0E, 0xD0, 0xB8, 0x00, 0x05, 0x10, 0xB8, 0x00, 0x10, 0xD0,
0xB8, 0x00, 0x02, 0x10, 0xB8, 0x00, 0x12, 0xD0, 0xB8, 0x00, 0x13, 0xD0,
0x30, 0x31, 0x01, 0x21, 0x11, 0x21, 0x11, 0x21, 0x11, 0x21, 0x11, 0x21,
0x11, 0x21, 0x11, 0x21, 0x11, 0x21, 0x11, 0x21, 0x11, 0x21, 0x03, 0x00,
0x02, 0x00, 0x01, 0x00, 0x01, 0x00, 0xFF, 0x00, 0xFF, 0x00, 0xFE, 0x00,
0x01, 0x00, 0xFC, 0x00, 0x04, 0x00, 0xFF, 0x00, 0x07, 0x00, 0xFF, 0x00,
0xFF, 0x00, 0xFF, 0x00, 0xFF, 0x00, 0xFF, 0x00, 0x01, 0x00, 0x01, 0x00,
0x01, 0x00, 0x01, 0x00, 0x00, 0x01, 0x00, 0x00, 0x02, 0x00, 0x07, 0x00,
0x07, 0x00, 0x00, 0x13, 0x00, 0x7C, 0xBA, 0x00, 0x10, 0x00, 0x01, 0x00,
0x03, 0x2B, 0xBA, 0x00, 0x11, 0x00, 0x00, 0x00, 0x03, 0x2B, 0xB8, 0x00,
0x01, 0x10, 0xB8, 0x00, 0x05, 0xD0, 0xB8, 0x00, 0x00, 0x10, 0xB8, 0x00,
0x07, 0xD0, 0xB8, 0x00, 0x11, 0x10, 0xB8, 0x00, 0x09, 0xD0, 0xB8, 0x00,
0x10, 0x10, 0xB8, 0x00, 0x0B, 0xD0, 0x00, 0xB8, 0x00, 0x00, 0x45, 0x58,
0xB8, 0x00, 0x08, 0x2F, 0x1B, 0xB9, 0x00, 0x08, 0x00, 0x05, 0x3E, 0x59,
0xBA, 0x00, 0x11, 0x00, 0x12, 0x00, 0x03, 0x2B, 0xBA, 0x00, 0x05, 0x00,
0x02, 0x00, 0x03, 0x2B, 0xB8, 0x00, 0x11, 0x10, 0xB8, 0x00, 0x00, 0xD0,
0xB8, 0x00, 0x08, 0x10, 0xB8, 0x00, 0x06, 0xDC, 0xB8, 0x00, 0x0A, 0xD0,
0xB8, 0x00, 0x0B, 0xD0, 0xB8, 0x00, 0x05, 0x10, 0xB8, 0x00, 0x0C, 0xD0,
0xB8, 0x00, 0x02, 0x10, 0xB8, 0x00, 0x0E, 0xD0, 0x30, 0x31, 0x01, 0x21,
0x11, 0x21, 0x11, 0x21, 0x11, 0x21, 0x11, 0x21, 0x11, 0x21, 0x11, 0x21,
0x11, 0x21, 0x11, 0x21, 0x11, 0x21, 0x02, 0x00, 0xFF, 0x00, 0xFF, 0x00,
0x01, 0x00, 0x01, 0x00, 0x02, 0x00, 0xFF, 0x00, 0x04, 0x00, 0xFC, 0x00,
0x01, 0x00, 0xFE, 0x00, 0x03, 0x00, 0x01, 0x00, 0x01, 0x00, 0x01, 0x00,
0x01, 0x00, 0xFF, 0x00, 0xFF, 0x00, 0xFF, 0x00, 0xFF, 0x00, 0xFF, 0x00,
0x00, 0x01, 0x00, 0x00, 0x02, 0x00, 0x07, 0x00, 0x06, 0x00, 0x00, 0x05,
0x00, 0x1B, 0xBA, 0x00, 0x01, 0x00, 0x00, 0x00, 0x03, 0x2B, 0x00, 0xBA,
0x00, 0x01, 0x00, 0x05, 0x00, 0x03, 0x2B, 0xB8, 0x00, 0x05, 0x10, 0xB8,
0x00, 0x03, 0xDC, 0x30, 0x31, 0x11, 0x21, 0x11, 0x21, 0x11, 0x21, 0x02,
0x00, 0x05, 0x00, 0xF9, 0x00, 0x06, 0x00, 0xFD, 0x00, 0xFF, 0x00, 0x00,
0x00, 0x01, 0x00, 0x00, 0x02, 0x00, 0x07, 0x00, 0x07, 0x00, 0x00, 0x1B,
0x00, 0xC5, 0xBA, 0x00, 0x05, 0x00, 0x0A, 0x00, 0x03, 0x2B, 0xBA, 0x00,
0x02, 0x00, 0x03, 0x00, 0x03, 0x2B, 0xB8, 0x00, 0x03, 0x10, 0xB8, 0x00,
0x00, 0xDC, 0xB8, 0x00, 0x05, 0x10, 0xB8, 0x00, 0x07, 0xDC, 0xB8, 0x00,
0x0A, 0x10, 0xB8, 0x00, 0x0D, 0xD0, 0xB8, 0x00, 0x07, 0x10, 0xB8, 0x00,
0x0F, 0xD0, 0xB8, 0x00, 0x05, 0x10, 0xB8, 0x00, 0x11, 0xD0, 0xB8, 0x00,
0x06, 0x10, 0xB8, 0x00, 0x12, 0xD0, 0xB8, 0x00, 0x03, 0x10, 0xB8, 0x00,
0x13, 0xD0, 0xB8, 0x00, 0x02, 0x10, 0xB8, 0x00, 0x15, 0xD0, 0xB8, 0x00,
0x00, 0x10, 0xB8, 0x00, 0x17, 0xD0, 0x00, 0xB8, 0x00, 0x02, 0x2F, 0xB8,
0x00, 0x06, 0x2F, 0xB8, 0x00, 0x00, 0x45, 0x58, 0xB8, 0x00, 0x10, 0x2F,
0x1B, 0xB9, 0x00, 0x10, 0x00, 0x05, 0x3E, 0x59, 0xB8, 0x00, 0x00, 0x45,
0x58, 0xB8, 0x00, 0x14, 0x2F, 0x1B, 0xB9, 0x00, 0x14, 0x00, 0x05, 0x3E,
0x59, 0xBA, 0x00, 0x17, 0x00, 0x00, 0x00, 0x03, 0x2B, 0xBA, 0x00, 0x13,
0x00, 0x04, 0x00, 0x03, 0x2B, 0xB8, 0x00, 0x00, 0x10, 0xB8, 0x00, 0x08,
0xD0, 0xB8, 0x00, 0x04, 0x10, 0xB8, 0x00, 0x0A, 0xD0, 0xB8, 0x00, 0x13,
0x10, 0xB8, 0x00, 0x0C, 0xD0, 0xB8, 0x00, 0x17, 0x10, 0xB8, 0x00, 0x0E,
0xD0, 0xB8, 0x00, 0x13, 0x10, 0xB8, 0x00, 0x18, 0xD0, 0xB8, 0x00, 0x04,
0x10, 0xB8, 0x00, 0x1A, 0xD0, 0x30, 0x31, 0x01, 0x21, 0x11, 0x21, 0x11,
0x21, 0x11, 0x21, 0x11, 0x21, 0x11, 0x21, 0x11, 0x21, 0x11, 0x21, 0x11,
0x21, 0x11, 0x21, 0x11, 0x21, 0x11, 0x21, 0x11, 0x21, 0x11, 0x21, 0x06,
0x00, 0xFF, 0x00, 0xFF, 0x00, 0xFF, 0x00, 0xFF, 0x00, 0xFF, 0x00, 0xFF,
0x00, 0x01, 0x00, 0x01, 0x00, 0x01, 0x00, 0x01, 0x00, 0x01, 0x00, 0x01,
0x00, 0x01, 0x00, 0xFF, 0x00, 0x03, 0x00, 0xFF, 0x00, 0x02, 0x00, 0xFE,
0x00, 0x01, 0x00, 0x01, 0x00, 0x01, 0x00, 0x01, 0x00, 0x01, 0x00, 0xFE,
0x00, 0x02, 0x00, 0xFF, 0x00, 0xFF, 0x00, 0xFF, 0x00, 0x00, 0x00, 0x00,
0x00, 0x01, 0x00, 0x00, 0x01, 0x00, 0x07, 0x00, 0x08, 0x00, 0x00, 0x0F,
0x00, 0x55, 0xBA, 0x00, 0x0A, 0x00, 0x03, 0x00, 0x03, 0x2B, 0xBA, 0x00,
0x08, 0x00, 0x05, 0x00, 0x03, 0x2B, 0x00, 0xB8, 0x00, 0x06, 0x2F, 0xB8,
0x00, 0x00, 0x45, 0x58, 0xB8, 0x00, 0x04, 0x2F, 0x1B, 0xB9, 0x00, 0x04,
0x00, 0x05, 0x3E, 0x59, 0xB8, 0x00, 0x00, 0x45, 0x58, 0xB8, 0x00, 0x08,
0x2F, 0x1B, 0xB9, 0x00, 0x08, 0x00, 0x05, 0x3E, 0x59, 0xBA, 0x00, 0x0B,
0x00, 0x0E, 0x00, 0x03, 0x2B, 0xB8, 0x00, 0x0E, 0x10, 0xB8, 0x00, 0x0D,
0xDC, 0xB8, 0x00, 0x00, 0xD0, 0xB8, 0x00, 0x0B, 0x10, 0xB8, 0x00, 0x02,
0xD0, 0x30, 0x31, 0x11, 0x21, 0x11, 0x21, 0x11, 0x21, 0x11, 0x21, 0x11,
0x21, 0x11, 0x21, 0x11, 0x21, 0x11, 0x21, 0x01, 0x00, 0x01, 0x00, 0x01,
0x00, 0x01, 0x00, 0x01, 0x00, 0x01, 0x00, 0x01, 0x00, 0xF9, 0x00, 0x03,
0x00, 0x02, 0x00, 0x02, 0x00, 0x01, 0x00, 0xFF, 0x00, 0xFE, 0x00, 0xFE,
0x00, 0xFE, 0x00, 0x00, 0x00, 0x01, 0x00, 0x00, 0x01, 0x00, 0x07, 0x00,
0x08, 0x00, 0x00, 0x0F, 0x00, 0x33, 0xBA, 0x00, 0x02, 0x00, 0x07, 0x00,
0x03, 0x2B, 0xBA, 0x00, 0x04, 0x00, 0x05, 0x00, 0x03, 0x2B, 0x00, 0xB8,
0x00, 0x04, 0x2F, 0xBA, 0x00, 0x0C, 0x00, 0x0B, 0x00, 0x03, 0x2B, 0xB8,
0x00, 0x0C, 0x10, 0xB8, 0x00, 0x00, 0xDC, 0xB8, 0x00, 0x08, 0xD0, 0xB8,
0x00, 0x0B, 0x10, 0xB8, 0x00, 0x0E, 0xD0, 0x30, 0x31, 0x01, 0x21, 0x11,
0x21, 0x11, 0x21, 0x11, 0x21, 0x11, 0x21, 0x11, 0x21, 0x11, 0x21, 0x11,
0x21, 0x06, 0x00, 0xFF, 0x00, 0xFF, 0x00, 0xFF, 0x00, 0xFF, 0x00, 0xFF,
0x00, 0xFF, 0x00, 0x07, 0x00, 0xFF, 0x00, 0x04, 0x00, 0xFE, 0x00, 0xFF,
0x00, 0x01, 0x00, 0x02, 0x00, 0x02, 0x00, 0x02, 0x00, 0xFE, 0x00, 0x00,
0x00, 0x02, 0x02, 0x00, 0x00, 0x00, 0x06, 0x00, 0x0A, 0x00, 0x00, 0x03,
0x00, 0x0F, 0x00, 0x75, 0xBA, 0x00, 0x09, 0x00, 0x04, 0x00, 0x03, 0x2B,
0xBA, 0x00, 0x01, 0x00, 0x00, 0x00, 0x03, 0x2B, 0xB8, 0x00, 0x00, 0x10,
0xB8, 0x00, 0x05, 0xD0, 0xB8, 0x00, 0x01, 0x10, 0xB8, 0x00, 0x07, 0xD0,
0xB8, 0x00, 0x01, 0x10, 0xB8, 0x00, 0x0B, 0xD0, 0xB8, 0x00, 0x00, 0x10,
0xB8, 0x00, 0x0D, 0xD0, 0x00, 0xB8, 0x00, 0x00, 0x45, 0x58, 0xB8, 0x00,
0x06, 0x2F, 0x1B, 0xB9, 0x00, 0x06, 0x00, 0x07, 0x3E, 0x59, 0xB8, 0x00,
0x00, 0x45, 0x58, 0xB8, 0x00, 0x02, 0x2F, 0x1B, 0xB9, 0x00, 0x02, 0x00,
0x01, 0x3E, 0x59, 0xBA, 0x00, 0x09, 0x00, 0x0A, 0x00, 0x03, 0x2B, 0xB8,
0x00, 0x02, 0x10, 0xB8, 0x00, 0x00, 0xDC, 0xB8, 0x00, 0x09, 0x10, 0xB8,
0x00, 0x04, 0xD0, 0xB8, 0x00, 0x0A, 0x10, 0xB8, 0x00, 0x0E, 0xD0, 0x30,
0x31, 0x01, 0x21, 0x11, 0x21, 0x01, 0x21, 0x11, 0x21, 0x11, 0x21, 0x11,
0x21, 0x11, 0x21, 0x11, 0x21, 0x03, 0x00, 0x02, 0x00, 0xFE, 0x00, 0xFF,
0x00, 0x01, 0x00, 0x02, 0x00, 0x01, 0x00, 0xFF, 0x00, 0xFE, 0x00, 0xFF,
0x00, 0x02, 0x00, 0xFE, 0x00, 0x09, 0x00, 0x01, 0x00, 0xFF, 0x00, 0xFD,
0x00, 0xFD, 0x00, 0x03, 0x00, 0x00, 0x00, 0x00, 0x00, 0x02, 0x01, 0x00,
0x07, 0x00, 0x07, 0x00, 0x0B, 0x00, 0x00, 0x05, 0x00, 0x0B, 0x00, 0x4F,
0xBA, 0x00, 0x0A, 0x00, 0x07, 0x00, 0x03, 0x2B, 0xBA, 0x00, 0x00, 0x00,
0x01, 0x00, 0x03, 0x2B, 0xB8, 0x00, 0x01, 0x10, 0xB8, 0x00, 0x04, 0xDC,
0xB8, 0x00, 0x0A, 0x10, 0xB8, 0x00, 0x0B, 0xDC, 0x00, 0xBA, 0x00, 0x02,
0x00, 0x01, 0x00, 0x03, 0x2B, 0xB8, 0x00, 0x02, 0x10, 0xB8, 0x00, 0x04,
0xDC, 0xB8, 0x00, 0x06, 0xD0, 0xB8, 0x00, 0x02, 0x10, 0xB8, 0x00, 0x08,
0xD0, 0xB8, 0x00, 0x03, 0x10, 0xB8, 0x00, 0x09, 0xD0, 0xB8, 0x00, 0x01,
0x10, 0xB8, 0x00, 0x0A, 0xD0, 0x30, 0x31, 0x01, 0x21, 0x11, 0x21, 0x11,
0x29, 0x02, 0x11, 0x21, 0x11, 0x21, 0x06, 0x00, 0xFF, 0x00, 0x02, 0x00,
0xFF, 0x00, 0xFC, 0x00, 0xFF, 0x00, 0x02, 0x00, 0xFF, 0x00, 0x07, 0x00,
0x04, 0x00, 0xFD, 0x00, 0x03, 0x00, 0xFC, 0x00, 0x00, 0x02, 0x00, 0x00,
0x00, 0x00, 0x07, 0x00, 0x09, 0x00, 0x00, 0x03, 0x00, 0x1F, 0x00, 0xFC,
0xB8, 0x00, 0x20, 0x2F, 0xB8, 0x00, 0x00, 0x2F, 0xB8, 0x00, 0x20, 0x10,
0xB8, 0x00, 0x04, 0xD0, 0xB8, 0x00, 0x04, 0x2F, 0xB8, 0x00, 0x05, 0xDC,
0xB8, 0x00, 0x02, 0xD0, 0xB8, 0x00, 0x00, 0x10, 0xB8, 0x00, 0x07, 0xD0,
0xB8, 0x00, 0x00, 0x10, 0xB8, 0x00, 0x0E, 0xDC, 0xB8, 0x00, 0x09, 0xD0,
0xB8, 0x00, 0x0E, 0x10, 0xB8, 0x00, 0x11, 0xD0, 0xB8, 0x00, 0x00, 0x10,
0xB8, 0x00, 0x13, 0xD0, 0xB8, 0x00, 0x05, 0x10, 0xB8, 0x00, 0x15, 0xD0,
0xB8, 0x00, 0x04, 0x10, 0xB8, 0x00, 0x17, 0xD0, 0xB8, 0x00, 0x04, 0x10,
0xB8, 0x00, 0x1B, 0xD0, 0x00, 0xB8, 0x00, 0x04, 0x2F, 0xB8, 0x00, 0x08,
0x2F, 0xB8, 0x00, 0x00, 0x45, 0x58, 0xB8, 0x00, 0x06, 0x2F, 0x1B, 0xB9,
0x00, 0x06, 0x00, 0x05, 0x3E, 0x59, 0xB8, 0x00, 0x00, 0x45, 0x58, 0xB8,
0x00, 0x0A, 0x2F, 0x1B, 0xB9, 0x00, 0x0A, 0x00, 0x05, 0x3E, 0x59, 0xB8,
0x00, 0x00, 0x45, 0x58, 0xB8, 0x00, 0x1E, 0x2F, 0x1B, 0xB9, 0x00, 0x1E,
0x00, 0x05, 0x3E, 0x59, 0xB8, 0x00, 0x00, 0x45, 0x58, 0xB8, 0x00, 0x12,
0x2F, 0x1B, 0xB9, 0x00, 0x12, 0x00, 0x01, 0x3E, 0x59, 0xB8, 0x00, 0x00,
0x45, 0x58, 0xB8, 0x00, 0x16, 0x2F, 0x1B, 0xB9, 0x00, 0x16, 0x00, 0x01,
0x3E, 0x59, 0xBA, 0x00, 0x0F, 0x00, 0x10, 0x00, 0x03, 0x2B, 0xB8, 0x00,
0x0F, 0x10, 0xB8, 0x00, 0x00, 0xD0, 0xB8, 0x00, 0x06, 0x10, 0xB8, 0x00,
0x01, 0xDC, 0xB8, 0x00, 0x0C, 0xD0, 0xB8, 0x00, 0x0D, 0xD0, 0xB8, 0x00,
0x10, 0x10, 0xB8, 0x00, 0x14, 0xD0, 0xB8, 0x00, 0x10, 0x10, 0xB8, 0x00,
0x18, 0xD0, 0xB8, 0x00, 0x0F, 0x10, 0xB8, 0x00, 0x1A, 0xD0, 0xB8, 0x00,
0x0D, 0x10, 0xB8, 0x00, 0x1C, 0xD0, 0xB8, 0x00, 0x1D, 0xD0, 0x30, 0x31,
0x01, 0x11, 0x21, 0x11, 0x01, 0x21, 0x11, 0x21, 0x11, 0x21, 0x11, 0x21,
0x11, 0x21, 0x11, 0x21, 0x11, 0x21, 0x11, 0x21, 0x11, 0x21, 0x11, 0x21,
0x11, 0x21, 0x11, 0x21, 0x11, 0x21, 0x11, 0x21, 0x04, 0x00, 0xFF, 0x00,
0xFE, 0x00, 0x02, 0x00, 0x01, 0x00, 0x02, 0x00, 0x01, 0x00, 0xFF, 0x00,
0x01, 0x00, 0xFF, 0x00, 0xFE, 0x00, 0xFF, 0x00, 0xFE, 0x00, 0xFF, 0x00,
0x01, 0x00, 0xFF, 0x00, 0x01, 0x00, 0x03, 0x00, 0x03, 0x00, 0xFD, 0x00,
0x06, 0x00, 0xFE, 0x00, 0x02, 0x00, 0xFE, 0x00, 0xFF, 0x00, 0xFD, 0x00,
0xFF, 0x00, 0xFE, 0x00, 0x02, 0x00, 0xFE, 0x00, 0x02, 0x00, 0x01, 0x00,
0x03, 0x00, 0x01, 0x00, 0x00, 0x01, 0x00, 0x00, 0xFE, 0x00, 0x07, 0x00,
0x0C, 0x00, 0x00, 0x27, 0x01, 0x87, 0xBA, 0x00, 0x0E, 0x00, 0x0F, 0x00,
0x03, 0x2B, 0xBA, 0x00, 0x0A, 0x00, 0x0B, 0x00, 0x03, 0x2B, 0xB8, 0x00,
0x0A, 0x10, 0xB8, 0x00, 0x00, 0xD0, 0xB8, 0x00, 0x0F, 0x10, 0xB8, 0x00,
0x14, 0xDC, 0xB8, 0x00, 0x01, 0xD0, 0xB8, 0x00, 0x0A, 0x10, 0xB8, 0x00,
0x23, 0xDC, 0xB8, 0x00, 0x04, 0xDC, 0xB8, 0x00, 0x23, 0x10, 0xB8, 0x00,
0x05, 0xD0, 0xB8, 0x00, 0x04, 0x10, 0xB8, 0x00, 0x07, 0xD0, 0xB8, 0x00,
0x0E, 0x10, 0xB8, 0x00, 0x11, 0xD0, 0xB8, 0x00, 0x0A, 0x10, 0xB8, 0x00,
0x15, 0xD0, 0xB8, 0x00, 0x00, 0x10, 0xB8, 0x00, 0x16, 0xD0, 0xB8, 0x00,
0x0E, 0x10, 0xB8, 0x00, 0x17, 0xD0, 0xB8, 0x00, 0x0F, 0x10, 0xB8, 0x00,
0x19, 0xD0, 0xB8, 0x00, 0x0E, 0x10, 0xB8, 0x00, 0x1B, 0xD0, 0xB8, 0x00,
0x0B, 0x10, 0xB8, 0x00, 0x1D, 0xD0, 0xB8, 0x00, 0x0A, 0x10, 0xB8, 0x00,
0x1F, 0xD0, 0xB8, 0x00, 0x00, 0x10, 0xB8, 0x00, 0x20, 0xD0, 0xB8, 0x00,
0x04, 0x10, 0xB8, 0x00, 0x21, 0xD0, 0xB8, 0x00, 0x05, 0x10, 0xB8, 0x00,
0x24, 0xD0, 0xB8, 0x00, 0x04, 0x10, 0xB8, 0x00, 0x25, 0xD0, 0x00, 0xB8,
0x00, 0x00, 0x45, 0x58, 0xB8, 0x00, 0x1C, 0x2F, 0x1B, 0xB9, 0x00, 0x1C,
0x00, 0x07, 0x3E, 0x59, 0xB8, 0x00, 0x00, 0x45, 0x58, 0xB8, 0x00, 0x20,
0x2F, 0x1B, 0xB9, 0x00, 0x20, 0x00, 0x07, 0x3E, 0x59, 0xB8, 0x00, 0x00,
0x45, 0x58, 0xB8, 0x00, 0x08, 0x2F, 0x1B, 0xB9, 0x00, 0x08, 0x00, 0x01,
0x3E, 0x59, 0xB8, 0x00, 0x00, 0x45, 0x58, 0xB8, 0x00, 0x0C, 0x2F, 0x1B,
0xB9, 0x00, 0x0C, 0x00, 0x01, 0x3E, 0x59, 0xBA, 0x00, 0x03, 0x00, 0x04,
0x00, 0x03, 0x2B, 0xB8, 0x00, 0x20, 0x10, 0xB8, 0x00, 0x00, 0xDC, 0xB8,
0x00, 0x01, 0xD0, 0xB8, 0x00, 0x02, 0xDC, 0xB8, 0x00, 0x08, 0x10, 0xB8,
0x00, 0x06, 0xDC, 0xB8, 0x00, 0x05, 0xDC, 0xB8, 0x00, 0x06, 0x10, 0xB8,
0x00, 0x0E, 0xD0, 0xB8, 0x00, 0x0F, 0xD0, 0xB8, 0x00, 0x14, 0xD0, 0xB8,
0x00, 0x15, 0xD0, 0xB8, 0x00, 0x07, 0xD0, 0xB8, 0x00, 0x15, 0x10, 0xB8,
0x00, 0x0A, 0xDC, 0xB8, 0x00, 0x0E, 0x10, 0xB8, 0x00, 0x11, 0xDC, 0xB8,
0x00, 0x0C, 0x10, 0xB8, 0x00, 0x12, 0xDC, 0xB8, 0x00, 0x05, 0x10, 0xB8,
0x00, 0x16, 0xD0, 0xB8, 0x00, 0x04, 0x10, 0xB8, 0x00, 0x17, 0xD0, 0xB8,
0x00, 0x02, 0x10, 0xB8, 0x00, 0x18, 0xD0, 0xB8, 0x00, 0x03, 0x10, 0xB8,
0x00, 0x19, 0xD0, 0xB8, 0x00, 0x01, 0x10, 0xB8, 0x00, 0x1A, 0xD0, 0xB8,
0x00, 0x1B, 0xD0, 0xB8, 0x00, 0x00, 0x10, 0xB8, 0x00, 0x1F, 0xDC, 0xB8,
0x00, 0x1B, 0x10, 0xB8, 0x00, 0x22, 0xD0, 0xB8, 0x00, 0x23, 0xD0, 0xB8,
0x00, 0x24, 0xDC, 0xB8, 0x00, 0x20, 0x10, 0xB8, 0x00, 0x26, 0xDC, 0x30,
0x31, 0x01, 0x21, 0x11, 0x21, 0x11, 0x21, 0x11, 0x21, 0x11, 0x21, 0x11,
0x21, 0x11, 0x21, 0x11, 0x21, 0x11, 0x21, 0x11, 0x21, 0x11, 0x21, 0x11,
0x21, 0x11, 0x21, 0x11, 0x21, 0x11, 0x21, 0x11, 0x21, 0x11, 0x21, 0x11,
0x21, 0x11, 0x21, 0x11, 0x21, 0x05, 0x00, 0xFD, 0x00, 0x04, 0x00, 0x01,
0x00, 0xFF, 0x00, 0xFF, 0x00, 0xFE, 0x00, 0xFE, 0x00, 0xFF, 0x00, 0x01,
0x00, 0x01, 0x00, 0x03, 0x00, 0xFC, 0x00, 0xFF, 0x00, 0x01, 0x00, 0x02,
0x00, 0x02, 0x00, 0x01, 0x00, 0x01, 0x00, 0xFF, 0x00, 0xFF, 0x00, 0x09,
0x00, 0xFD, 0x00, 0xFF, 0x00, 0xFC, 0x00, 0xFF, 0x00, 0xFE, 0x00, 0x02,
0x00, 0x01, 0x00, 0x02, 0x00, 0xFF, 0x00, 0xFF, 0x00, 0x04, 0x00, 0x01,
0x00, 0x03, 0x00, 0x01, 0x00, 0x02, 0x00, 0xFE, 0x00, 0xFF, 0x00, 0xFE,
0x00, 0x01, 0x00, 0x00, 0x00, 0x03, 0x00, 0x00, 0x00, 0x00, 0x07, 0x00,
0x08, 0x00, 0x00, 0x03, 0x00, 0x07, 0x00, 0x23, 0x01, 0x66, 0xBA, 0x00,
0x16, 0x00, 0x14, 0x00, 0x03, 0x2B, 0xBA, 0x00, 0x1C, 0x00, 0x06, 0x00,
0x03, 0x2B, 0xB8, 0x00, 0x16, 0x10, 0xB8, 0x00, 0x0E, 0xDC, 0xB8, 0x00,
0x00, 0xDC, 0xB8, 0x00, 0x01, 0xDC, 0xB8, 0x00, 0x1C, 0x10, 0xB8, 0x00,
0x08, 0xDC, 0xB8, 0x00, 0x22, 0xDC, 0xB8, 0x00, 0x02, 0xD0, 0xB8, 0x00,
0x14, 0x10, 0xB8, 0x00, 0x04, 0xD0, 0xB8, 0x00, 0x14, 0x10, 0xB8, 0x00,
0x05, 0xDC, 0xB8, 0x00, 0x00, 0x10, 0xB8, 0x00, 0x09, 0xD0, 0xB8, 0x00,
0x1C, 0x10, 0xB8, 0x00, 0x0B, 0xD0, 0xB8, 0x00, 0x1B, 0x10, 0xB8, 0x00,
0x0C, 0xD0, 0xB8, 0x00, 0x06, 0x10, 0xB8, 0x00, 0x0F, 0xD0, 0xB8, 0x00,
0x05, 0x10, 0xB8, 0x00, 0x10, 0xD0, 0xB8, 0x00, 0x16, 0x10, 0xB8, 0x00,
0x11, 0xD0, 0xB8, 0x00, 0x15, 0x10, 0xB8, 0x00, 0x12, 0xD0, 0xB8, 0x00,
0x06, 0x10, 0xB8, 0x00, 0x17, 0xD0, 0xB8, 0x00, 0x05, 0x10, 0xB8, 0x00,
0x18, 0xD0, 0xB8, 0x00, 0x0E, 0x10, 0xB8, 0x00, 0x19, 0xD0, 0xB8, 0x00,
0x00, 0x10, 0xB8, 0x00, 0x1D, 0xD0, 0xB8, 0x00, 0x08, 0x10, 0xB8, 0x00,
0x1F, 0xD0, 0xB8, 0x00, 0x23, 0x10, 0xB8, 0x00, 0x20, 0xD0, 0xB8, 0x00,
0x01, 0x10, 0xB8, 0x00, 0x21, 0xD0, 0x00, 0xB8, 0x00, 0x00, 0x45, 0x58,
0xB8, 0x00, 0x1E, 0x2F, 0x1B, 0xB9, 0x00, 0x1E, 0x00, 0x05, 0x3E, 0x59,
0xB8, 0x00, 0x00, 0x45, 0x58, 0xB8, 0x00, 0x02, 0x2F, 0x1B, 0xB9, 0x00,
0x02, 0x00, 0x01, 0x3E, 0x59, 0xB8, 0x00, 0x00, 0x45, 0x58, 0xB8, 0x00,
0x12, 0x2F, 0x1B, 0xB9, 0x00, 0x12, 0x00, 0x01, 0x3E, 0x59, 0xBA, 0x00,
0x17, 0x00, 0x10, 0x00, 0x03, 0x2B, 0xBA, 0x00, 0x05, 0x00, 0x06, 0x00,
0x03, 0x2B, 0xB8, 0x00, 0x02, 0x10, 0xB8, 0x00, 0x00, 0xDC, 0xB8, 0x00,
0x1E, 0x10, 0xB8, 0x00, 0x08, 0xDC, 0xB8, 0x00, 0x1A, 0xD0, 0xB8, 0x00,
0x1B, 0xD0, 0xB8, 0x00, 0x09, 0xD0, 0xB8, 0x00, 0x00, 0x10, 0xB8, 0x00,
0x0A, 0xDC, 0xB8, 0x00, 0x17, 0x10, 0xB8, 0x00, 0x0C, 0xD0, 0xB8, 0x00,
0x00, 0x10, 0xB8, 0x00, 0x0E, 0xD0, 0xB8, 0x00, 0x0F, 0xD0, 0xB8, 0x00,
0x14, 0xD0, 0xB8, 0x00, 0x15, 0xD0, 0xB8, 0x00, 0x0A, 0x10, 0xB8, 0x00,
0x18, 0xD0, 0xB8, 0x00, 0x06, 0x10, 0xB8, 0x00, 0x1C, 0xD0, 0xB8, 0x00,
0x0A, 0x10, 0xB8, 0x00, 0x1D, 0xDC, 0xB8, 0x00, 0x05, 0x10, 0xB8, 0x00,
0x20, 0xD0, 0xB8, 0x00, 0x06, 0x10, 0xB8, 0x00, 0x22, 0xD0, 0xB8, 0x00,
0x1D, 0x10, 0xB8, 0x00, 0x23, 0xD0, 0x30, 0x31, 0x01, 0x21, 0x11, 0x21,
0x01, 0x21, 0x11, 0x21, 0x01, 0x21, 0x11, 0x21, 0x11, 0x21, 0x11, 0x21,
0x11, 0x21, 0x11, 0x21, 0x11, 0x21, 0x11, 0x21, 0x11, 0x21, 0x11, 0x21,
0x11, 0x21, 0x11, 0x21, 0x11, 0x21, 0x11, 0x21, 0x05, 0x00, 0x02, 0x00,
0xFE, 0x00, 0xFB, 0x00, 0x02, 0x00, 0xFE, 0x00, 0x06, 0x00, 0xFF, 0x00,
0xFF, 0x00, 0xFF, 0x00, 0xFF, 0x00, 0xFF, 0x00, 0xFF, 0x00, 0x01, 0x00,
0x01, 0x00, 0x01, 0x00, 0x01, 0x00, 0x01, 0x00, 0x01, 0x00, 0x01, 0x00,
0xFF, 0x00, 0x02, 0x00, 0xFE, 0x00, 0x08, 0x00, 0xFE, 0x00, 0xFF, 0x00,
0xFF, 0x00, 0xFF, 0x00, 0xFF, 0x00, 0xFF, 0x00, 0xFF, 0x00, 0x02, 0x00,
0x01, 0x00, 0x01, 0x00, 0x01, 0x00, 0x01, 0x00, 0x01, 0x00, 0x01, 0x00,
0xFE, 0x00, 0x00, 0x00, 0x00, 0x02, 0x00, 0x00, 0x00, 0x00, 0x07, 0x00,
0x0A, 0x00, 0x00, 0x03, 0x00, 0x2B, 0x01, 0xCA, 0xBA, 0x00, 0x13, 0x00,
0x19, 0x00, 0x03, 0x2B, 0xBA, 0x00, 0x10, 0x00, 0x1B, 0x00, 0x03, 0x2B,
0xB8, 0x00, 0x10, 0x10, 0xB8, 0x00, 0x25, 0xDC, 0xB8, 0x00, 0x00, 0xDC,
0xB8, 0x00, 0x10, 0x10, 0xB8, 0x00, 0x01, 0xD0, 0xB8, 0x00, 0x1B, 0x10,
0xB8, 0x00, 0x16, 0xDC, 0xB8, 0x00, 0x03, 0xD0, 0xB8, 0x00, 0x28, 0x10,
0xB8, 0x00, 0x04, 0xD0, 0xB8, 0x00, 0x13, 0x10, 0xB8, 0x00, 0x2B, 0xDC,
0xB8, 0x00, 0x06, 0xDC, 0xB8, 0x00, 0x25, 0x10, 0xB8, 0x00, 0x08, 0xD0,
0xB8, 0x00, 0x06, 0x10, 0xB8, 0x00, 0x0A, 0xD0, 0xB8, 0x00, 0x2B, 0x10,
0xB8, 0x00, 0x0C, 0xD0, 0xB8, 0x00, 0x28, 0x10, 0xB8, 0x00, 0x0D, 0xD0,
0xB8, 0x00, 0x00, 0x10, 0xB8, 0x00, 0x0E, 0xD0, 0xB8, 0x00, 0x16, 0x10,
0xB8, 0x00, 0x0F, 0xD0, 0xB8, 0x00, 0x00, 0x10, 0xB8, 0x00, 0x15, 0xD0,
0xB8, 0x00, 0x1B, 0x10, 0xB8, 0x00, 0x17, 0xD0, 0xB8, 0x00, 0x13, 0x10,
0xB8, 0x00, 0x1D, 0xD0, 0xB8, 0x00, 0x12, 0x10, 0xB8, 0x00, 0x1E, 0xD0,
0xB8, 0x00, 0x1B, 0x10, 0xB8, 0x00, 0x1F, 0xD0, 0xB8, 0x00, 0x17, 0x10,
0xB8, 0x00, 0x20, 0xD0, 0xB8, 0x00, 0x13, 0x10, 0xB8, 0x00, 0x21, 0xD0,
0xB8, 0x00, 0x12, 0x10, 0xB8, 0x00, 0x22, 0xD0, 0xB8, 0x00, 0x2B, 0x10,
0xB8, 0x00, 0x23, 0xD0, 0xB8, 0x00, 0x28, 0x10, 0xB8, 0x00, 0x24, 0xD0,
0xB8, 0x00, 0x2B, 0x10, 0xB8, 0x00, 0x27, 0xD0, 0xB8, 0x00, 0x00, 0x10,
0xB8, 0x00, 0x29, 0xD0, 0xB8, 0x00, 0x16, 0x10, 0xB8, 0x00, 0x2A, 0xD0,
0x00, 0xB8, 0x00, 0x00, 0x45, 0x58, 0xB8, 0x00, 0x22, 0x2F, 0x1B, 0xB9,
0x00, 0x22, 0x00, 0x07, 0x3E, 0x59, 0xB8, 0x00, 0x00, 0x45, 0x58, 0xB8,
0x00, 0x0B, 0x2F, 0x1B, 0xB9, 0x00, 0x0B, 0x00, 0x01, 0x3E, 0x59, 0xB8,
0x00, 0x00, 0x45, 0x58, 0xB8, 0x00, 0x16, 0x2F, 0x1B, 0xB9, 0x00, 0x16,
0x00, 0x01, 0x3E, 0x59, 0xBA, 0x00, 0x01, 0x00, 0x02, 0x00, 0x03, 0x2B,
0xBA, 0x00, 0x06, 0x00, 0x07, 0x00, 0x03, 0x2B, 0xB8, 0x00, 0x22, 0x10,
0xB8, 0x00, 0x00, 0xDC, 0xB8, 0x00, 0x22, 0x10, 0xB8, 0x00, 0x05, 0xDC,
0xB8, 0x00, 0x0B, 0x10, 0xB8, 0x00, 0x09, 0xDC, 0xB8, 0x00, 0x08, 0xDC,
0xB8, 0x00, 0x09, 0x10, 0xB8, 0x00, 0x0D, 0xD0, 0xB8, 0x00, 0x0E, 0xD0,
0xB8, 0x00, 0x08, 0x10, 0xB8, 0x00, 0x11, 0xD0, 0xB8, 0x00, 0x07, 0x10,
0xB8, 0x00, 0x12, 0xD0, 0xB8, 0x00, 0x0E, 0x10, 0xB8, 0x00, 0x13, 0xD0,
0xB8, 0x00, 0x14, 0xD0, 0xB8, 0x00, 0x18, 0xD0, 0xB8, 0x00, 0x19, 0xD0,
0xB8, 0x00, 0x08, 0x10, 0xB8, 0x00, 0x1A, 0xD0, 0xB8, 0x00, 0x07, 0x10,
0xB8, 0x00, 0x1B, 0xD0, 0xB8, 0x00, 0x05, 0x10, 0xB8, 0x00, 0x1C, 0xD0,
0xB8, 0x00, 0x1D, 0xD0, 0xB8, 0x00, 0x02, 0x10, 0xB8, 0x00, 0x1E, 0xD0,
0xB8, 0x00, 0x00, 0x10, 0xB8, 0x00, 0x20, 0xD0, 0xB8, 0x00, 0x21, 0xD0,
0xB8, 0x00, 0x24, 0xD0, 0xB8, 0x00, 0x25, 0xD0, 0xB8, 0x00, 0x02, 0x10,
0xB8, 0x00, 0x26, 0xD0, 0xB8, 0x00, 0x1D, 0x10, 0xB8, 0x00, 0x28, 0xD0,
0xB8, 0x00, 0x29, 0xD0, 0xB8, 0x00, 0x08, 0x10, 0xB8, 0x00, 0x2A, 0xD0,
0xB8, 0x00, 0x07, 0x10, 0xB8, 0x00, 0x2B, 0xD0, 0x30, 0x31, 0x01, 0x21,
0x11, 0x21, 0x01, 0x37, 0x21, 0x11, 0x21, 0x11, 0x21, 0x11, 0x21, 0x11,
0x21, 0x11, 0x21, 0x11, 0x21, 0x11, 0x21, 0x17, 0x15, 0x21, 0x11, 0x21,
0x11, 0x21, 0x11, 0x21, 0x11, 0x21, 0x11, 0x21, 0x11, 0x21, 0x11, 0x21,
0x11, 0x21, 0x11, 0x21, 0x11, 0x21, 0x04, 0x00, 0xFF, 0x00, 0x01, 0x00,
0x01, 0x00, 0x02, 0x01, 0xFE, 0xFF, 0x00, 0x01, 0x00, 0xFE, 0x00, 0xFF,
0x00, 0xFF, 0x00, 0xFF, 0x00, 0x01, 0xFE, 0x02, 0xFD, 0x00, 0xFF, 0x00,
0x01, 0x00, 0x01, 0x00, 0xFF, 0x00, 0x01, 0x00, 0x03, 0x00, 0x01, 0x00,
0xFF, 0x00, 0xFF, 0x00, 0x01, 0x00, 0x09, 0x00, 0xFE, 0x00, 0xFE, 0xFE,
0x02, 0xFF, 0x00, 0xFC, 0x00, 0xFF, 0x00, 0x01, 0x00, 0x03, 0x00, 0x01,
0x00, 0xFC, 0x00, 0x05, 0xFB, 0x01, 0x00, 0x04, 0x00, 0x01, 0x00, 0x01,
0x00, 0x02, 0x00, 0x01, 0x00, 0xFF, 0x00, 0xFE, 0x00, 0xFF, 0x00, 0xFF,
0x00, 0x00, 0x00, 0x00, 0x00, 0x01, 0x01, 0x00, 0x07, 0x00, 0x04, 0x00,
0x0B, 0x00, 0x00, 0x07, 0x00, 0x2B, 0xBA, 0x00, 0x05, 0x00, 0x00, 0x00,
0x03, 0x2B, 0xBA, 0x00, 0x04, 0x00, 0x01, 0x00, 0x03, 0x2B, 0x00, 0xBA,
0x00, 0x05, 0x00, 0x06, 0x00, 0x03, 0x2B, 0xBA, 0x00, 0x02, 0x00, 0x01,
0x00, 0x03, 0x2B, 0xB8, 0x00, 0x05, 0x10, 0xB8, 0x00, 0x00, 0xD0, 0x30,
0x31, 0x01, 0x21, 0x11, 0x21, 0x11, 0x21, 0x11, 0x21, 0x01, 0x00, 0x01,
0x00, 0x02, 0x00, 0xFF, 0x00, 0xFE, 0x00, 0x08, 0x00, 0x03, 0x00, 0xFD,
0x00, 0xFF, 0x00, 0x00, 0x00, 0x01, 0x02, 0x00, 0x00, 0x00, 0x06, 0x00,
0x0A, 0x00, 0x00, 0x13, 0x00, 0xB5, 0xBA, 0x00, 0x09, 0x00, 0x00, 0x00,
0x03, 0x2B, 0xBA, 0x00, 0x08, 0x00, 0x01, 0x00, 0x03, 0x2B, 0xB8, 0x00,
0x09, 0x10, 0xB8, 0x00, 0x03, 0xD0, 0xB8, 0x00, 0x09, 0x10, 0xB8, 0x00,
0x06, 0xDC, 0xB8, 0x00, 0x08, 0x10, 0xB8, 0x00, 0x0B, 0xD0, 0xB8, 0x00,
0x06, 0x10, 0xB8, 0x00, 0x0D, 0xD0, 0xB8, 0x00, 0x09, 0x10, 0xB8, 0x00,
0x0F, 0xD0, 0xB8, 0x00, 0x03, 0x10, 0xB8, 0x00, 0x10, 0xD0, 0xB8, 0x00,
0x01, 0x10, 0xB8, 0x00, 0x11, 0xD0, 0x00, 0xB8, 0x00, 0x00, 0x45, 0x58,
0xB8, 0x00, 0x04, 0x2F, 0x1B, 0xB9, 0x00, 0x04, 0x00, 0x07, 0x3E, 0x59,
0xB8, 0x00, 0x00, 0x45, 0x58, 0xB8, 0x00, 0x0E, 0x2F, 0x1B, 0xB9, 0x00,
0x0E, 0x00, 0x01, 0x3E, 0x59, 0xB8, 0x00, 0x04, 0x10, 0xB8, 0x00, 0x00,
0xDC, 0xB8, 0x00, 0x04, 0x10, 0xB8, 0x00, 0x02, 0xDC, 0xB8, 0x00, 0x06,
0xD0, 0xB8, 0x00, 0x07, 0xD0, 0xB8, 0x00, 0x00, 0x10, 0xB8, 0x00, 0x08,
0xD0, 0xB8, 0x00, 0x09, 0xD0, 0xB8, 0x00, 0x0E, 0x10, 0xB8, 0x00, 0x0A,
0xDC, 0xB8, 0x00, 0x0E, 0x10, 0xB8, 0x00, 0x0C, 0xDC, 0xB8, 0x00, 0x10,
0xD0, 0xB8, 0x00, 0x11, 0xD0, 0xB8, 0x00, 0x0A, 0x10, 0xB8, 0x00, 0x12,
0xD0, 0xB8, 0x00, 0x13, 0xD0, 0x30, 0x31, 0x01, 0x21, 0x11, 0x21, 0x11,
0x21, 0x11, 0x21, 0x11, 0x21, 0x11, 0x21, 0x11, 0x21, 0x11, 0x21, 0x11,
0x21, 0x11, 0x21, 0x02, 0x00, 0x01, 0x00, 0x01, 0x00, 0x02, 0x00, 0xFF,
0x00, 0xFF, 0x00, 0x01, 0x00, 0x01, 0x00, 0xFE, 0x00, 0xFF, 0x00, 0xFF,
0x00, 0x08, 0x00, 0x01, 0x00, 0x01, 0x00, 0xFF, 0x00, 0xFF, 0x00, 0xFA,
0x00, 0xFF, 0x00, 0xFF, 0x00, 0x01, 0x00, 0x01, 0x00, 0x00, 0x00, 0x00,
0x00, 0x01, 0x02, 0x00, 0x00, 0x00, 0x06, 0x00, 0x0A, 0x00, 0x00, 0x13,
0x00, 0xB5, 0xBA, 0x00, 0x11, 0x00, 0x00, 0x00, 0x03, 0x2B, 0xBA, 0x00,
0x10, 0x00, 0x01, 0x00, 0x03, 0x2B, 0xB8, 0x00, 0x11, 0x10, 0xB8, 0x00,
0x03, 0xD0, 0xB8, 0x00, 0x01, 0x10, 0xB8, 0x00, 0x05, 0xD0, 0xB8, 0x00,
0x00, 0x10, 0xB8, 0x00, 0x07, 0xD0, 0xB8, 0x00, 0x11, 0x10, 0xB8, 0x00,
0x09, 0xD0, 0xB8, 0x00, 0x03, 0x10, 0xB8, 0x00, 0x0A, 0xD0, 0xB8, 0x00,
0x10, 0x10, 0xB8, 0x00, 0x0B, 0xD0, 0xB8, 0x00, 0x11, 0x10, 0xB8, 0x00,
0x0E, 0xDC, 0x00, 0xB8, 0x00, 0x00, 0x45, 0x58, 0xB8, 0x00, 0x08, 0x2F,
0x1B, 0xB9, 0x00, 0x08, 0x00, 0x07, 0x3E, 0x59, 0xB8, 0x00, 0x00, 0x45,
0x58, 0xB8, 0x00, 0x12, 0x2F, 0x1B, 0xB9, 0x00, 0x12, 0x00, 0x01, 0x3E,
0x59, 0xB8, 0x00, 0x00, 0xDC, 0xB8, 0x00, 0x12, 0x10, 0xB8, 0x00, 0x02,
0xDC, 0xB8, 0x00, 0x08, 0x10, 0xB8, 0x00, 0x04, 0xDC, 0xB8, 0x00, 0x08,
0x10, 0xB8, 0x00, 0x06, 0xDC, 0xB8, 0x00, 0x0A, 0xD0, 0xB8, 0x00, 0x0B,
0xD0, 0xB8, 0x00, 0x04, 0x10, 0xB8, 0x00, 0x0C, 0xD0, 0xB8, 0x00, 0x0D,
0xD0, 0xB8, 0x00, 0x02, 0x10, 0xB8, 0x00, 0x0E, 0xD0, 0xB8, 0x00, 0x0F,
0xD0, 0xB8, 0x00, 0x00, 0x10, 0xB8, 0x00, 0x10, 0xD0, 0xB8, 0x00, 0x11,
0xD0, 0x30, 0x31, 0x01, 0x21, 0x11, 0x21, 0x11, 0x21, 0x11, 0x21, 0x11,
0x21, 0x11, 0x21, 0x11, 0x21, 0x11, 0x21, 0x11, 0x21, 0x11, 0x21, 0x02,
0x00, 0x01, 0x00, 0x01, 0x00, 0xFF, 0x00, 0xFF, 0x00, 0x02, 0x00, 0x01,
0x00, 0x01, 0x00, 0xFF, 0x00, 0xFF, 0x00, 0xFE, 0x00, 0x01, 0x00, 0x01,
0x00, 0x06, 0x00, 0x01, 0x00, 0x01, 0x00, 0xFF, 0x00, 0xFF, 0x00, 0xFA,
0x00, 0xFF, 0x00, 0xFF, 0x00, 0x00, 0x00, 0x00, 0x00, 0x01, 0x00, 0x00,
0x02, 0x00, 0x08, 0x00, 0x07, 0x00, 0x00, 0x1B, 0x00, 0xD9, 0xBA, 0x00,
0x01, 0x00, 0x00, 0x00, 0x03, 0x2B, 0xBA, 0x00, 0x0C, 0x00, 0x15, 0x00,
0x03, 0x2B, 0xBA, 0x00, 0x06, 0x00, 0x03, 0x00, 0x03, 0x2B, 0xB8, 0x00,
0x0C, 0x10, 0xB8, 0x00, 0x07, 0xD0, 0xB8, 0x00, 0x06, 0x10, 0xB8, 0x00,
0x0D, 0xD0, 0xB8, 0x00, 0x03, 0x10, 0xB8, 0x00, 0x0F, 0xD0, 0xB8, 0x00,
0x01, 0x10, 0xB8, 0x00, 0x11, 0xD0, 0xB8, 0x00, 0x00, 0x10, 0xB8, 0x00,
0x13, 0xD0, 0xB8, 0x00, 0x15, 0x10, 0xB8, 0x00, 0x19, 0xD0, 0x00, 0xB8,
0x00, 0x00, 0x45, 0x58, 0xB8, 0x00, 0x00, 0x2F, 0x1B, 0xB9, 0x00, 0x00,
0x00, 0x05, 0x3E, 0x59, 0xB8, 0x00, 0x00, 0x45, 0x58, 0xB8, 0x00, 0x04,
0x2F, 0x1B, 0xB9, 0x00, 0x04, 0x00, 0x05, 0x3E, 0x59, 0xBA, 0x00, 0x0D,
0x00, 0x0E, 0x00, 0x03, 0x2B, 0xBA, 0x00, 0x09, 0x00, 0x0A, 0x00, 0x03,
0x2B, 0xB8, 0x00, 0x00, 0x10, 0xB8, 0x00, 0x02, 0xDC, 0xB8, 0x00, 0x03,
0xD0, 0xB8, 0x00, 0x06, 0xD0, 0xB8, 0x00, 0x07, 0xD0, 0xB8, 0x00, 0x0C,
0xDC, 0xB8, 0x00, 0x0D, 0x10, 0xB8, 0x00, 0x10, 0xD0, 0xB8, 0x00, 0x0C,
0x10, 0xB8, 0x00, 0x11, 0xD0, 0xB8, 0x00, 0x0E, 0x10, 0xB8, 0x00, 0x12,
0xD0, 0xB8, 0x00, 0x0D, 0x10, 0xB8, 0x00, 0x14, 0xD0, 0xB8, 0x00, 0x0C,
0x10, 0xB8, 0x00, 0x15, 0xD0, 0xB8, 0x00, 0x0A, 0x10, 0xB8, 0x00, 0x16,
0xD0, 0xB8, 0x00, 0x09, 0x10, 0xB8, 0x00, 0x18, 0xD0, 0xB8, 0x00, 0x07,
0x10, 0xB8, 0x00, 0x1A, 0xD0, 0xB8, 0x00, 0x1B, 0xD0, 0x30, 0x31, 0x01,
0x21, 0x11, 0x21, 0x11, 0x21, 0x11, 0x21, 0x11, 0x21, 0x11, 0x21, 0x11,
0x21, 0x11, 0x21, 0x11, 0x21, 0x11, 0x21, 0x11, 0x21, 0x11, 0x21, 0x11,
0x21, 0x11, 0x21, 0x01, 0x00, 0x02, 0x00, 0x02, 0x00, 0x02, 0x00, 0xFF,
0x00, 0x02, 0x00, 0xFE, 0x00, 0x01, 0x00, 0xFE, 0x00, 0xFE, 0x00, 0xFE,
0x00, 0x01, 0x00, 0xFE, 0x00, 0x02, 0x00, 0xFF, 0x00, 0x07, 0x00, 0xFF,
0x00, 0x01, 0x00, 0xFF, 0x00, 0xFF, 0x00, 0xFF, 0x00, 0xFF, 0x00, 0xFF,
0x00, 0x01, 0x00, 0xFF, 0x00, 0x01, 0x00, 0x01, 0x00, 0x01, 0x00, 0x01,
0x00, 0x00, 0x00, 0x00, 0x00, 0x01, 0x01, 0x00, 0x02, 0x00, 0x07, 0x00,
0x07, 0x00, 0x00, 0x0B, 0x00, 0x48, 0xBA, 0x00, 0x04, 0x00, 0x01, 0x00,
0x03, 0x2B, 0xB8, 0x00, 0x04, 0x10, 0xB8, 0x00, 0x07, 0xD0, 0xB8, 0x00,
0x01, 0x10, 0xB8, 0x00, 0x09, 0xD0, 0x00, 0xB8, 0x00, 0x08, 0x2F, 0xB8,
0x00, 0x00, 0x45, 0x58, 0xB8, 0x00, 0x02, 0x2F, 0x1B, 0xB9, 0x00, 0x02,
0x00, 0x05, 0x3E, 0x59, 0xBA, 0x00, 0x05, 0x00, 0x06, 0x00, 0x03, 0x2B,
0xB8, 0x00, 0x05, 0x10, 0xB8, 0x00, 0x00, 0xD0, 0xB8, 0x00, 0x06, 0x10,
0xB8, 0x00, 0x0A, 0xD0, 0x30, 0x31, 0x01, 0x21, 0x11, 0x21, 0x11, 0x21,
0x11, 0x21, 0x11, 0x21, 0x11, 0x21, 0x01, 0x00, 0x02, 0x00, 0x02, 0x00,
0x02, 0x00, 0xFE, 0x00, 0xFE, 0x00, 0xFE, 0x00, 0x05, 0x00, 0x02, 0x00,
0xFE, 0x00, 0xFF, 0x00, 0xFE, 0x00, 0x02, 0x00, 0x00, 0x01, 0x02, 0x00,
0xFF, 0x00, 0x05, 0x00, 0x03, 0x00, 0x00, 0x07, 0x00, 0x51, 0xBA, 0x00,
0x05, 0x00, 0x00, 0x00, 0x03, 0x2B, 0xBA, 0x00, 0x04, 0x00, 0x01, 0x00,
0x03, 0x2B, 0x00, 0xB8, 0x00, 0x00, 0x45, 0x58, 0xB8, 0x00, 0x00, 0x2F,
0x1B, 0xB9, 0x00, 0x00, 0x00, 0x01, 0x3E, 0x59, 0xB8, 0x00, 0x00, 0x45,
0x58, 0xB8, 0x00, 0x04, 0x2F, 0x1B, 0xB9, 0x00, 0x04, 0x00, 0x01, 0x3E,
0x59, 0xBA, 0x00, 0x05, 0x00, 0x06, 0x00, 0x03, 0x2B, 0xB8, 0x00, 0x05,
0x10, 0xB8, 0x00, 0x01, 0xD0, 0xB8, 0x00, 0x00, 0x10, 0xB8, 0x00, 0x02,
0xDC, 0xB8, 0x00, 0x03, 0xD0, 0x30, 0x31, 0x29, 0x01, 0x11, 0x21, 0x11,
0x21, 0x11, 0x21, 0x02, 0x00, 0x01, 0x00, 0x02, 0x00, 0xFF, 0x00, 0xFE,
0x00, 0x03, 0x00, 0xFD, 0x00, 0xFF, 0x00, 0x00, 0x00, 0x01, 0x00, 0x00,
0x04, 0x00, 0x07, 0x00, 0x05, 0x00, 0x00, 0x03, 0x00, 0x0B, 0x00, 0xBA,
0x00, 0x01, 0x00, 0x02, 0x00, 0x03, 0x2B, 0x30, 0x31, 0x11, 0x21, 0x11,
0x21, 0x07, 0x00, 0xF9, 0x00, 0x05, 0x00, 0xFF, 0x00, 0x00, 0x00, 0x00,
0x00, 0x01, 0x03, 0x00, 0x00, 0x00, 0x05, 0x00, 0x02, 0x00, 0x00, 0x03,
0x00, 0x20, 0xBA, 0x00, 0x01, 0x00, 0x00, 0x00, 0x03, 0x2B, 0x00, 0xB8,
0x00, 0x00, 0x45, 0x58, 0xB8, 0x00, 0x02, 0x2F, 0x1B, 0xB9, 0x00, 0x02,
0x00, 0x01, 0x3E, 0x59, 0xB8, 0x00, 0x00, 0xDC, 0x30, 0x31, 0x01, 0x21,
0x11, 0x21, 0x03, 0x00, 0x02, 0x00, 0xFE, 0x00, 0x02, 0x00, 0xFE, 0x00,
0x00, 0x01, 0x00, 0x00, 0x00, 0x00, 0x07, 0x00, 0x08, 0x00, 0x00, 0x1B,
0x00, 0xED, 0xBA, 0x00, 0x0A, 0x00, 0x0B, 0x00, 0x03, 0x2B, 0xBA, 0x00,
0x04, 0x00, 0x0F, 0x00, 0x03, 0x2B, 0xB8, 0x00, 0x04, 0x10, 0xB8, 0x00,
0x00, 0xDC, 0xB8, 0x00, 0x0A, 0x10, 0xB8, 0x00, 0x06, 0xDC, 0xB8, 0x00,
0x02, 0xDC, 0xB8, 0x00, 0x15, 0xD0, 0xB8, 0x00, 0x01, 0xD0, 0xB8, 0x00,
0x06, 0x10, 0xB8, 0x00, 0x11, 0xD0, 0xB8, 0x00, 0x05, 0xD0, 0xB8, 0x00,
0x0F, 0x10, 0xB8, 0x00, 0x07, 0xD0, 0xB8, 0x00, 0x0B, 0x10, 0xB8, 0x00,
0x08, 0xDC, 0xB8, 0x00, 0x0A, 0x10, 0xB8, 0x00, 0x0D, 0xD0, 0xB8, 0x00,
0x04, 0x10, 0xB8, 0x00, 0x13, 0xD0, 0xB8, 0x00, 0x00, 0x10, 0xB8, 0x00,
0x17, 0xD0, 0xB8, 0x00, 0x02, 0x10, 0xB8, 0x00, 0x1A, 0xDC, 0x00, 0xB8,
0x00, 0x00, 0x45, 0x58, 0xB8, 0x00, 0x16, 0x2F, 0x1B, 0xB9, 0x00, 0x16,
0x00, 0x05, 0x3E, 0x59, 0xB8, 0x00, 0x00, 0x45, 0x58, 0xB8, 0x00, 0x0A,
0x2F, 0x1B, 0xB9, 0x00, 0x0A, 0x00, 0x01, 0x3E, 0x59, 0xBA, 0x00, 0x0F,
0x00, 0x08, 0x00, 0x03, 0x2B, 0xBA, 0x00, 0x18, 0x00, 0x1B, 0x00, 0x03,
0x2B, 0xB8, 0x00, 0x16, 0x10, 0xB8, 0x00, 0x00, 0xDC, 0xB8, 0x00, 0x12,
0xD0, 0xB8, 0x00, 0x13, 0xD0, 0xB8, 0x00, 0x01, 0xD0, 0xB8, 0x00, 0x0A,
0x10, 0xB8, 0x00, 0x06, 0xDC, 0xB8, 0x00, 0x11, 0xDC, 0xB8, 0x00, 0x02,
0xD0, 0xB8, 0x00, 0x0F, 0x10, 0xB8, 0x00, 0x04, 0xD0, 0xB8, 0x00, 0x06,
0x10, 0xB8, 0x00, 0x0C, 0xD0, 0xB8, 0x00, 0x0D, 0xD0, 0xB8, 0x00, 0x02,
0x10, 0xB8, 0x00, 0x10, 0xD0, 0xB8, 0x00, 0x1B, 0x10, 0xB8, 0x00, 0x14,
0xD0, 0xB8, 0x00, 0x02, 0x10, 0xB8, 0x00, 0x15, 0xDC, 0x30, 0x31, 0x01,
0x21, 0x11, 0x21, 0x11, 0x21, 0x11, 0x21, 0x11, 0x21, 0x11, 0x21, 0x11,
0x21, 0x11, 0x21, 0x11, 0x21, 0x11, 0x21, 0x11, 0x21, 0x11, 0x21, 0x11,
0x21, 0x11, 0x21, 0x06, 0x00, 0xFF, 0x00, 0xFF, 0x00, 0xFF, 0x00, 0xFF,
0x00, 0xFF, 0x00, 0xFF, 0x00, 0x01, 0x00, 0x01, 0x00, 0x01, 0x00, 0x01,
0x00, 0x01, 0x00, 0x01, 0x00, 0x01, 0x00, 0xFF, 0x00, 0x05, 0x00, 0xFF,
0x00, 0xFF, 0x00, 0xFF, 0x00, 0xFF, 0x00, 0xFF, 0x00, 0x02, 0x00, 0x01,
0x00, 0x01, 0x00, 0x01, 0x00, 0x01, 0x00, 0x01, 0x00, 0x01, 0x00, 0xFE,
0x00, 0x00, 0x00, 0x00, 0x00, 0x03, 0x00, 0x00, 0x00, 0x00, 0x07, 0x00,
0x0A, 0x00, 0x00, 0x03, 0x00, 0x0F, 0x00, 0x23, 0x01, 0x6D, 0xBA, 0x00,
0x0C, 0x00, 0x13, 0x00, 0x03, 0x2B, 0xBA, 0x00, 0x0E, 0x00, 0x11, 0x00,
0x03, 0x2B, 0xB8, 0x00, 0x0E, 0x10, 0xB8, 0x00, 0x00, 0xD0, 0xB8, 0x00,
0x0E, 0x10, 0xB8, 0x00, 0x01, 0xDC, 0xB8, 0x00, 0x07, 0xD0, 0xB8, 0x00,
0x02, 0xD0, 0xB8, 0x00, 0x01, 0x10, 0xB8, 0x00, 0x04, 0xD0, 0xB8, 0x00,
0x0C, 0x10, 0xB8, 0x00, 0x06, 0xDC, 0xB8, 0x00, 0x0E, 0x10, 0xB8, 0x00,
0x09, 0xD0, 0xB8, 0x00, 0x00, 0x10, 0xB8, 0x00, 0x0A, 0xD0, 0xB8, 0x00,
0x07, 0x10, 0xB8, 0x00, 0x0F, 0xD0, 0xB8, 0x00, 0x0C, 0x10, 0xB8, 0x00,
0x10, 0xD0, 0xB8, 0x00, 0x11, 0x10, 0xB8, 0x00, 0x15, 0xD0, 0xB8, 0x00,
0x0C, 0x10, 0xB8, 0x00, 0x17, 0xD0, 0xB8, 0x00, 0x0B, 0x10, 0xB8, 0x00,
0x18, 0xD0, 0xB8, 0x00, 0x06, 0x10, 0xB8, 0x00, 0x19, 0xD0, 0xB8, 0x00,
0x05, 0x10, 0xB8, 0x00, 0x1A, 0xD0, 0xB8, 0x00, 0x01, 0x10, 0xB8, 0x00,
0x1C, 0xDC, 0xB8, 0x00, 0x06, 0x10, 0xB8, 0x00, 0x1E, 0xDC, 0xB8, 0x00,
0x1C, 0x10, 0xB8, 0x00, 0x1F, 0xD0, 0xB8, 0x00, 0x06, 0x10, 0xB8, 0x00,
0x21, 0xD0, 0xB8, 0x00, 0x05, 0x10, 0xB8, 0x00, 0x22, 0xD0, 0xB8, 0x00,
0x0B, 0x10, 0xB8, 0x00, 0x23, 0xD0, 0x00, 0xB8, 0x00, 0x00, 0x45, 0x58,
0xB8, 0x00, 0x18, 0x2F, 0x1B, 0xB9, 0x00, 0x18, 0x00, 0x07, 0x3E, 0x59,
0xB8, 0x00, 0x00, 0x45, 0x58, 0xB8, 0x00, 0x22, 0x2F, 0x1B, 0xB9, 0x00,
0x22, 0x00, 0x01, 0x3E, 0x59, 0xBA, 0x00, 0x01, 0x00, 0x02, 0x00, 0x03,
0x2B, 0xB8, 0x00, 0x22, 0x10, 0xB8, 0x00, 0x04, 0xDC, 0xB8, 0x00, 0x18,
0x10, 0xB8, 0x00, 0x06, 0xDC, 0xB8, 0x00, 0x18, 0x10, 0xB8, 0x00, 0x08,
0xDC, 0xB8, 0x00, 0x06, 0x10, 0xB8, 0x00, 0x0A, 0xD0, 0xB8, 0x00, 0x0B,
0xD0, 0xB8, 0x00, 0x04, 0x10, 0xB8, 0x00, 0x0C, 0xD0, 0xB8, 0x00, 0x0D,
0xD0, 0xB8, 0x00, 0x22, 0x10, 0xB8, 0x00, 0x0E, 0xDC, 0xB8, 0x00, 0x10,
0xD0, 0xB8, 0x00, 0x11, 0xD0, 0xB8, 0x00, 0x0D, 0x10, 0xB8, 0x00, 0x12,
0xD0, 0xB8, 0x00, 0x13, 0xD0, 0xB8, 0x00, 0x0B, 0x10, 0xB8, 0x00, 0x14,
0xD0, 0xB8, 0x00, 0x15, 0xD0, 0xB8, 0x00, 0x08, 0x10, 0xB8, 0x00, 0x16,
0xD0, 0xB8, 0x00, 0x17, 0xD0, 0xB8, 0x00, 0x1A, 0xD0, 0xB8, 0x00, 0x1B,
0xD0, 0xB8, 0x00, 0x15, 0x10, 0xB8, 0x00, 0x1C, 0xD0, 0xB8, 0x00, 0x1D,
0xD0, 0xB8, 0x00, 0x13, 0x10, 0xB8, 0x00, 0x1E, 0xD0, 0xB8, 0x00, 0x1F,
0xD0, 0xB8, 0x00, 0x11, 0x10, 0xB8, 0x00, 0x20, 0xD0, 0xB8, 0x00, 0x21,
0xD0, 0x30, 0x31, 0x01, 0x21, 0x11, 0x21, 0x01, 0x21, 0x11, 0x21, 0x11,
0x21, 0x11, 0x21, 0x11, 0x21, 0x11, 0x29, 0x02, 0x11, 0x21, 0x11, 0x21,
0x11, 0x21, 0x11, 0x21, 0x11, 0x21, 0x11, 0x21, 0x11, 0x21, 0x11, 0x21,
0x11, 0x21, 0x03, 0x00, 0x01, 0x00, 0xFF, 0x00, 0x01, 0x00, 0x01, 0x00,
0xFF, 0x00, 0xFF, 0x00, 0xFF, 0x00, 0x01, 0x00, 0x01, 0x00, 0xFE, 0x00,
0xFF, 0x00, 0xFF, 0x00, 0x01, 0x00, 0x01, 0x00, 0x03, 0x00, 0x01, 0x00,
0x01, 0x00, 0xFF, 0x00, 0xFF, 0x00, 0xFD, 0x00, 0x06, 0x00, 0xFE, 0x00,
0xFE, 0x00, 0x06, 0x00, 0x01, 0x00, 0xFF, 0x00, 0xFA, 0x00, 0xFF, 0x00,
0x01, 0x00, 0x06, 0x00, 0x01, 0x00, 0x01, 0x00, 0xFF, 0x00, 0xFF, 0x00,
0xFA, 0x00, 0xFF, 0x00, 0xFF, 0x00, 0x00, 0x00, 0x00, 0x01, 0x01, 0x00,
0x00, 0x00, 0x07, 0x00, 0x0A, 0x00, 0x00, 0x0D, 0x00, 0x6D, 0xBA, 0x00,
0x05, 0x00, 0x00, 0x00, 0x03, 0x2B, 0xB8, 0x00, 0x05, 0x10, 0xB8, 0x00,
0x02, 0xDC, 0xB8, 0x00, 0x05, 0x10, 0xB8, 0x00, 0x04, 0xDC, 0xB8, 0x00,
0x00, 0x10, 0xB8, 0x00, 0x09, 0xD0, 0xB8, 0x00, 0x04, 0x10, 0xB8, 0x00,
0x0B, 0xD0, 0x00, 0xB8, 0x00, 0x00, 0x45, 0x58, 0xB8, 0x00, 0x04, 0x2F,
0x1B, 0xB9, 0x00, 0x04, 0x00, 0x07, 0x3E, 0x59, 0xB8, 0x00, 0x00, 0x45,
0x58, 0xB8, 0x00, 0x08, 0x2F, 0x1B, 0xB9, 0x00, 0x08, 0x00, 0x01, 0x3E,
0x59, 0xBA, 0x00, 0x03, 0x00, 0x0C, 0x00, 0x03, 0x2B, 0xB8, 0x00, 0x0C,
0x10, 0xB8, 0x00, 0x01, 0xDC, 0xB8, 0x00, 0x08, 0x10, 0xB8, 0x00, 0x06,
0xDC, 0xB8, 0x00, 0x0A, 0xD0, 0xB8, 0x00, 0x0B, 0xD0, 0x30, 0x31, 0x01,
0x21, 0x11, 0x21, 0x11, 0x21, 0x11, 0x21, 0x11, 0x21, 0x11, 0x21, 0x11,
0x21, 0x01, 0x00, 0x01, 0x00, 0x01, 0x00, 0x02, 0x00, 0x02, 0x00, 0xFA,
0x00, 0x02, 0x00, 0xFE, 0x00, 0x08, 0x00, 0x01, 0x00, 0x01, 0x00, 0xF7,
0x00, 0xFF, 0x00, 0x01, 0x00, 0x06, 0x00, 0x00, 0x00, 0x01, 0x00, 0x00,
0x00, 0x00, 0x07, 0x00, 0x0A, 0x00, 0x00, 0x23, 0x01, 0x6B, 0xBA, 0x00,
0x1D, 0x00, 0x00, 0x00, 0x03, 0x2B, 0xBA, 0x00, 0x1C, 0x00, 0x01, 0x00,
0x03, 0x2B, 0xB8, 0x00, 0x1D, 0x10, 0xB8, 0x00, 0x03, 0xD0, 0xB8, 0x00,
0x1C, 0x10, 0xB8, 0x00, 0x05, 0xD0, 0xB8, 0x00, 0x1D, 0x10, 0xB8, 0x00,
0x1A, 0xDC, 0xB8, 0x00, 0x07, 0xD0, 0xB8, 0x00, 0x1C, 0x10, 0xB8, 0x00,
0x18, 0xDC, 0xB8, 0x00, 0x09, 0xD0, 0xB8, 0x00, 0x1D, 0x10, 0xB8, 0x00,
0x0B, 0xD0, 0xB8, 0x00, 0x03, 0x10, 0xB8, 0x00, 0x0C, 0xD0, 0xB8, 0x00,
0x00, 0x10, 0xB8, 0x00, 0x0D, 0xD0, 0xB8, 0x00, 0x01, 0x10, 0xB8, 0x00,
0x0F, 0xD0, 0xB8, 0x00, 0x1A, 0x10, 0xB8, 0x00, 0x16, 0xDC, 0xB8, 0x00,
0x11, 0xD0, 0xB8, 0x00, 0x18, 0x10, 0xB8, 0x00, 0x14, 0xDC, 0xB8, 0x00,
0x09, 0x10, 0xB8, 0x00, 0x17, 0xD0, 0xB8, 0x00, 0x07, 0x10, 0xB8, 0x00,
0x19, 0xD0, 0xB8, 0x00, 0x18, 0x10, 0xB8, 0x00, 0x1F, 0xD0, 0xB8, 0x00,
0x09, 0x10, 0xB8, 0x00, 0x20, 0xD0, 0xB8, 0x00, 0x14, 0x10, 0xB8, 0x00,
0x21, 0xD0, 0x00, 0xB8, 0x00, 0x00, 0x45, 0x58, 0xB8, 0x00, 0x10, 0x2F,
0x1B, 0xB9, 0x00, 0x10, 0x00, 0x07, 0x3E, 0x59, 0xB8, 0x00, 0x00, 0x45,
0x58, 0xB8, 0x00, 0x08, 0x2F, 0x1B, 0xB9, 0x00, 0x08, 0x00, 0x05, 0x3E,
0x59, 0xB8, 0x00, 0x00, 0x45, 0x58, 0xB8, 0x00, 0x14, 0x2F, 0x1B, 0xB9,
0x00, 0x14, 0x00, 0x05, 0x3E, 0x59, 0xB8, 0x00, 0x00, 0x45, 0x58, 0xB8,
0x00, 0x22, 0x2F, 0x1B, 0xB9, 0x00, 0x22, 0x00, 0x01, 0x3E, 0x59, 0xBA,
0x00, 0x0B, 0x00, 0x0C, 0x00, 0x03, 0x2B, 0xB8, 0x00, 0x22, 0x10, 0xB8,
0x00, 0x00, 0xDC, 0xB8, 0x00, 0x1C, 0xD0, 0xB8, 0x00, 0x1D, 0xD0, 0xB8,
0x00, 0x01, 0xD0, 0xB8, 0x00, 0x22, 0x10, 0xB8, 0x00, 0x02, 0xDC, 0xB8,
0x00, 0x1A, 0xD0, 0xB8, 0x00, 0x1B, 0xD0, 0xB8, 0x00, 0x03, 0xD0, 0xB8,
0x00, 0x08, 0x10, 0xB8, 0x00, 0x04, 0xDC, 0xB8, 0x00, 0x10, 0x10, 0xB8,
0x00, 0x06, 0xDC, 0xB8, 0x00, 0x10, 0x10, 0xB8, 0x00, 0x0A, 0xDC, 0xB8,
0x00, 0x09, 0xDC, 0xB8, 0x00, 0x0A, 0x10, 0xB8, 0x00, 0x0E, 0xD0, 0xB8,
0x00, 0x0F, 0xD0, 0xB8, 0x00, 0x12, 0xD0, 0xB8, 0x00, 0x13, 0xD0, 0xB8,
0x00, 0x09, 0x10, 0xB8, 0x00, 0x15, 0xD0, 0xB8, 0x00, 0x06, 0x10, 0xB8,
0x00, 0x16, 0xD0, 0xB8, 0x00, 0x17, 0xD0, 0xB8, 0x00, 0x04, 0x10, 0xB8,
0x00, 0x18, 0xD0, 0xB8, 0x00, 0x19, 0xD0, 0xB8, 0x00, 0x22, 0x10, 0xB8,
0x00, 0x1E, 0xDC, 0xB8, 0x00, 0x22, 0x10, 0xB8, 0x00, 0x20, 0xDC, 0x30,
0x31, 0x11, 0x21, 0x11, 0x21, 0x11, 0x21, 0x11, 0x21, 0x11, 0x21, 0x11,
0x21, 0x11, 0x21, 0x11, 0x21, 0x11, 0x21, 0x11, 0x21, 0x11, 0x21, 0x11,
0x21, 0x11, 0x21, 0x11, 0x21, 0x11, 0x21, 0x11, 0x21, 0x11, 0x21, 0x11,
0x21, 0x01, 0x00, 0x01, 0x00, 0x01, 0x00, 0x01, 0x00, 0x01, 0x00, 0xFD,
0x00, 0xFE, 0x00, 0x01, 0x00, 0x05, 0x00, 0x01, 0x00, 0xFF, 0x00, 0xFF,
0x00, 0xFF, 0x00, 0xFF, 0x00, 0xFF, 0x00, 0x03, 0x00, 0x02, 0x00, 0xF9,
0x00, 0x03, 0x00, 0x01, 0x00, 0x01, 0x00, 0x01, 0x00, 0x01, 0x00, 0x02,
0x00, 0xFF, 0x00, 0x01, 0x00, 0x01, 0x00, 0xFF, 0x00, 0xFE, 0x00, 0xFF,
0x00, 0xFF, 0x00, 0xFF, 0x00, 0xFF, 0x00, 0xFE, 0x00, 0x01, 0x00, 0xFE,
0x00, 0x00, 0x00, 0x00, 0x00, 0x01, 0x00, 0x00, 0x00, 0x00, 0x07, 0x00,
0x0A, 0x00, 0x00, 0x1B, 0x00, 0xF9, 0xBA, 0x00, 0x04, 0x00, 0x05, 0x00,
0x03, 0x2B, 0xBA, 0x00, 0x0C, 0x00, 0x01, 0x00, 0x03, 0x2B, 0xB8, 0x00,
0x04, 0x10, 0xB8, 0x00, 0x00, 0xD0, 0xB8, 0x00, 0x04, 0x10, 0xB8, 0x00,
0x0D, 0xDC, 0xB8, 0x00, 0x09, 0xD0, 0xB8, 0x00, 0x0C, 0x10, 0xB8, 0x00,
0x0F, 0xD0, 0xB8, 0x00, 0x0D, 0x10, 0xB8, 0x00, 0x11, 0xD0, 0xB8, 0x00,
0x05, 0x10, 0xB8, 0x00, 0x15, 0xD0, 0xB8, 0x00, 0x04, 0x10, 0xB8, 0x00,
0x17, 0xD0, 0xB8, 0x00, 0x00, 0x10, 0xB8, 0x00, 0x18, 0xD0, 0xB8, 0x00,
0x01, 0x10, 0xB8, 0x00, 0x19, 0xD0, 0x00, 0xB8, 0x00, 0x00, 0x45, 0x58,
0xB8, 0x00, 0x08, 0x2F, 0x1B, 0xB9, 0x00, 0x08, 0x00, 0x07, 0x3E, 0x59,
0xB8, 0x00, 0x00, 0x45, 0x58, 0xB8, 0x00, 0x12, 0x2F, 0x1B, 0xB9, 0x00,
0x12, 0x00, 0x01, 0x3E, 0x59, 0xBA, 0x00, 0x03, 0x00, 0x04, 0x00, 0x03,
0x2B, 0xBA, 0x00, 0x0D, 0x00, 0x0E, 0x00, 0x03, 0x2B, 0xB8, 0x00, 0x03,
0x10, 0xB8, 0x00, 0x00, 0xDC, 0xB8, 0x00, 0x0D, 0x10, 0xB8, 0x00, 0x01,
0xD0, 0xB8, 0x00, 0x08, 0x10, 0xB8, 0x00, 0x02, 0xDC, 0xB8, 0x00, 0x06,
0xD0, 0xB8, 0x00, 0x07, 0xD0, 0xB8, 0x00, 0x0A, 0xD0, 0xB8, 0x00, 0x0B,
0xD0, 0xB8, 0x00, 0x00, 0x10, 0xB8, 0x00, 0x0C, 0xD0, 0xB8, 0x00, 0x12,
0x10, 0xB8, 0x00, 0x10, 0xDC, 0xB8, 0x00, 0x0F, 0xDC, 0xB8, 0x00, 0x10,
0x10, 0xB8, 0x00, 0x14, 0xD0, 0xB8, 0x00, 0x15, 0xD0, 0xB8, 0x00, 0x18,
0xD0, 0xB8, 0x00, 0x11, 0xD0, 0xB8, 0x00, 0x18, 0x10, 0xB8, 0x00, 0x17,
0xDC, 0xB8, 0x00, 0x18, 0x10, 0xB8, 0x00, 0x19, 0xD0, 0xB8, 0x00, 0x0F,
0x10, 0xB8, 0x00, 0x1A, 0xD0, 0xB8, 0x00, 0x0E, 0x10, 0xB8, 0x00, 0x1B,
0xD0, 0x30, 0x31, 0x01, 0x21, 0x11, 0x21, 0x11, 0x21, 0x11, 0x21, 0x11,
0x21, 0x11, 0x21, 0x11, 0x21, 0x11, 0x21, 0x11, 0x21, 0x11, 0x21, 0x11,
0x21, 0x11, 0x21, 0x11, 0x21, 0x11, 0x21, 0x02, 0x00, 0x03, 0x00, 0xFD,
0x00, 0xFE, 0x00, 0x01, 0x00, 0x05, 0x00, 0x01, 0x00, 0xFF, 0x00, 0x01,
0x00, 0xFF, 0x00, 0xFB, 0x00, 0xFF, 0x00, 0x02, 0x00, 0x03, 0x00, 0xFD,
0x00, 0x06, 0x00, 0x03, 0x00, 0xFF, 0x00, 0x01, 0x00, 0x01, 0x00, 0xFF,
0x00, 0xFD, 0x00, 0xFF, 0x00, 0xFC, 0x00, 0xFF, 0x00, 0x01, 0x00, 0x01,
0x00, 0xFF, 0x00, 0x04, 0x00, 0x00, 0x00, 0x00, 0x00, 0x02, 0x00, 0x00,
0x00, 0x00, 0x07, 0x00, 0x0A, 0x00, 0x00, 0x05, 0x00, 0x1B, 0x00, 0xFF,
0xBA, 0x00, 0x00, 0x00, 0x10, 0x00, 0x03, 0x2B, 0xBA, 0x00, 0x04, 0x00,
0x12, 0x00, 0x03, 0x2B, 0xB8, 0x00, 0x00, 0x10, 0xB8, 0x00, 0x1B, 0xDC,
0xB8, 0x00, 0x01, 0xDC, 0xB8, 0x00, 0x04, 0x10, 0xB8, 0x00, 0x06, 0xDC,
0xB8, 0x00, 0x1B, 0x10, 0xB8, 0x00, 0x08, 0xD0, 0xB8, 0x00, 0x06, 0x10,
0xB8, 0x00, 0x0A, 0xD0, 0xB8, 0x00, 0x04, 0x10, 0xB8, 0x00, 0x0C, 0xD0,
0xB8, 0x00, 0x01, 0x10, 0xB8, 0x00, 0x0E, 0xD0, 0xB8, 0x00, 0x00, 0x10,
0xB8, 0x00, 0x14, 0xD0, 0xB8, 0x00, 0x04, 0x10, 0xB8, 0x00, 0x16, 0xD0,
0xB8, 0x00, 0x01, 0x10, 0xB8, 0x00, 0x18, 0xD0, 0x00, 0xB8, 0x00, 0x00,
0x45, 0x58, 0xB8, 0x00, 0x19, 0x2F, 0x1B, 0xB9, 0x00, 0x19, 0x00, 0x07,
0x3E, 0x59, 0xB8, 0x00, 0x00, 0x45, 0x58, 0xB8, 0x00, 0x02, 0x2F, 0x1B,
0xB9, 0x00, 0x02, 0x00, 0x05, 0x3E, 0x59, 0xB8, 0x00, 0x00, 0x45, 0x58,
0xB8, 0x00, 0x13, 0x2F, 0x1B, 0xB9, 0x00, 0x13, 0x00, 0x05, 0x3E, 0x59,
0xB8, 0x00, 0x00, 0x45, 0x58, 0xB8, 0x00, 0x0B, 0x2F, 0x1B, 0xB9, 0x00,
0x0B, 0x00, 0x01, 0x3E, 0x59, 0xB8, 0x00, 0x02, 0x10, 0xB8, 0x00, 0x07,
0xDC, 0xB8, 0x00, 0x06, 0xDC, 0xB8, 0x00, 0x00, 0xD0, 0xB8, 0x00, 0x07,
0x10, 0xB8, 0x00, 0x0F, 0xD0, 0xB8, 0x00, 0x04, 0xDC, 0xB8, 0x00, 0x0F,
0x10, 0xB8, 0x00, 0x08, 0xD0, 0xB8, 0x00, 0x0B, 0x10, 0xB8, 0x00, 0x09,
0xDC, 0xB8, 0x00, 0x0D, 0xD0, 0xB8, 0x00, 0x0E, 0xD0, 0xB8, 0x00, 0x0F,
0x10, 0xB8, 0x00, 0x10, 0xD0, 0xB8, 0x00, 0x04, 0x10, 0xB8, 0x00, 0x11,
0xD0, 0xB8, 0x00, 0x02, 0x10, 0xB8, 0x00, 0x14, 0xD0, 0xB8, 0x00, 0x04,
0x10, 0xB8, 0x00, 0x16, 0xDC, 0xB8, 0x00, 0x02, 0x10, 0xB8, 0x00, 0x18,
0xDC, 0x30, 0x31, 0x01, 0x21, 0x11, 0x21, 0x11, 0x21, 0x01, 0x11, 0x21,
0x11, 0x21, 0x11, 0x21, 0x11, 0x21, 0x11, 0x21, 0x11, 0x21, 0x11, 0x21,
0x11, 0x21, 0x11, 0x21, 0x11, 0x21, 0x11, 0x02, 0x00, 0x02, 0x00, 0xFF,
0x00, 0xFF, 0x00, 0x05, 0x00, 0xFF, 0x00, 0x01, 0x00, 0xFC, 0x00, 0x01,
0x00, 0xFC, 0x00, 0x01, 0x00, 0x01, 0x00, 0x01, 0x00, 0x01, 0x00, 0x02,
0x00, 0x05, 0x00, 0x02, 0x00, 0xFF, 0x00, 0xFF, 0x00, 0xFF, 0x00, 0xFD,
0x00, 0xFF, 0x00, 0x01, 0x00, 0x03, 0x00, 0x02, 0x00, 0x01, 0x00, 0x01,
0x00, 0x01, 0x00, 0x01, 0x00, 0xFB, 0x00, 0x00, 0x00, 0x01, 0x00, 0x00,
0x00, 0x00, 0x07, 0x00, 0x0A, 0x00, 0x00, 0x13, 0x00, 0xA9, 0xB8, 0x00,
0x14, 0x2F, 0xB8, 0x00, 0x0D, 0x2F, 0xB8, 0x00, 0x14, 0x10, 0xB8, 0x00,
0x09, 0xD0, 0xB8, 0x00, 0x09, 0x2F, 0xB8, 0x00, 0x0C, 0xDC, 0xB8, 0x00,
0x00, 0xD0, 0xB8, 0x00, 0x0D, 0x10, 0xB8, 0x00, 0x04, 0xDC, 0xB8, 0x00,
0x09, 0x10, 0xB8, 0x00, 0x0F, 0xD0, 0xB8, 0x00, 0x04, 0x10, 0xB8, 0x00,
0x11, 0xD0, 0x00, 0xB8, 0x00, 0x00, 0x45, 0x58, 0xB8, 0x00, 0x10, 0x2F,
0x1B, 0xB9, 0x00, 0x10, 0x00, 0x07, 0x3E, 0x59, 0xB8, 0x00, 0x00, 0x45,
0x58, 0xB8, 0x00, 0x06, 0x2F, 0x1B, 0xB9, 0x00, 0x06, 0x00, 0x01, 0x3E,
0x59, 0xBA, 0x00, 0x01, 0x00, 0x02, 0x00, 0x03, 0x2B, 0xB8, 0x00, 0x06,
0x10, 0xB8, 0x00, 0x04, 0xDC, 0xB8, 0x00, 0x03, 0xDC, 0xB8, 0x00, 0x04,
0x10, 0xB8, 0x00, 0x08, 0xD0, 0xB8, 0x00, 0x09, 0xD0, 0xB8, 0x00, 0x0C,
0xD0, 0xB8, 0x00, 0x05, 0xD0, 0xB8, 0x00, 0x0C, 0x10, 0xB8, 0x00, 0x0B,
0xDC, 0xB8, 0x00, 0x0C, 0x10, 0xB8, 0x00, 0x0D, 0xD0, 0xB8, 0x00, 0x03,
0x10, 0xB8, 0x00, 0x0E, 0xD0, 0xB8, 0x00, 0x02, 0x10, 0xB8, 0x00, 0x0F,
0xD0, 0xB8, 0x00, 0x10, 0x10, 0xB8, 0x00, 0x12, 0xDC, 0x30, 0x31, 0x01,
0x21, 0x11, 0x21, 0x11, 0x21, 0x11, 0x21, 0x11, 0x21, 0x11, 0x21, 0x11,
0x21, 0x11, 0x21, 0x11, 0x21, 0x11, 0x21, 0x02, 0x00, 0x04, 0x00, 0x01,
0x00, 0xFF, 0x00, 0xFB, 0x00, 0xFF, 0x00, 0x02, 0x00, 0x03, 0x00, 0xFB,
0x00, 0x07, 0x00, 0xFB, 0x00, 0x06, 0x00, 0xFF, 0x00, 0xFC, 0x00, 0xFF,
0x00, 0x01, 0x00, 0x01, 0x00, 0xFF, 0x00, 0x04, 0x00, 0x05, 0x00, 0xFF,
0x00, 0x00, 0x00, 0x00, 0x00, 0x02, 0x00, 0x00, 0x00, 0x00, 0x07, 0x00,
0x0A, 0x00, 0x00, 0x03, 0x00, 0x17, 0x00, 0xAD, 0xBA, 0x00, 0x02, 0x00,
0x15, 0x00, 0x03, 0x2B, 0xBA, 0x00, 0x09, 0x00, 0x04, 0x00, 0x03, 0x2B,
0xBA, 0x00, 0x0F, 0x00, 0x00, 0x00, 0x03, 0x2B, 0xB8, 0x00, 0x02, 0x10,
0xB8, 0x00, 0x05, 0xD0, 0xB8, 0x00, 0x00, 0x10, 0xB8, 0x00, 0x07, 0xD0,
0xB8, 0x00, 0x02, 0x10, 0xB8, 0x00, 0x0B, 0xD0, 0xB8, 0x00, 0x04, 0x10,
0xB8, 0x00, 0x13, 0xD0, 0x00, 0xB8, 0x00, 0x00, 0x45, 0x58, 0xB8, 0x00,
0x06, 0x2F, 0x1B, 0xB9, 0x00, 0x06, 0x00, 0x07, 0x3E, 0x59, 0xB8, 0x00,
0x00, 0x45, 0x58, 0xB8, 0x00, 0x12, 0x2F, 0x1B, 0xB9, 0x00, 0x12, 0x00,
0x01, 0x3E, 0x59, 0xB8, 0x00, 0x02, 0xDC, 0xB8, 0x00, 0x01, 0xDC, 0xB8,
0x00, 0x0E, 0xD0, 0xB8, 0x00, 0x00, 0xD0, 0xB8, 0x00, 0x06, 0x10, 0xB8,
0x00, 0x04, 0xDC, 0xB8, 0x00, 0x08, 0xD0, 0xB8, 0x00, 0x09, 0xD0, 0xB8,
0x00, 0x06, 0x10, 0xB8, 0x00, 0x0A, 0xDC, 0xB8, 0x00, 0x0E, 0x10, 0xB8,
0x00, 0x0D, 0xDC, 0xB8, 0x00, 0x02, 0x10, 0xB8, 0x00, 0x10, 0xD0, 0xB8,
0x00, 0x11, 0xD0, 0xB8, 0x00, 0x14, 0xD0, 0xB8, 0x00, 0x15, 0xD0, 0xB8,
0x00, 0x0A, 0x10, 0xB8, 0x00, 0x16, 0xD0, 0xB8, 0x00, 0x17, 0xD0, 0x30,
0x31, 0x01, 0x21, 0x11, 0x21, 0x01, 0x21, 0x11, 0x21, 0x11, 0x21, 0x11,
0x21, 0x11, 0x21, 0x11, 0x21, 0x11, 0x21, 0x11, 0x21, 0x11, 0x21, 0x11,
0x21, 0x05, 0x00, 0xFD, 0x00, 0x03, 0x00, 0xFC, 0x00, 0x01, 0x00, 0x03,
0x00, 0xFE, 0x00, 0xFF, 0x00, 0x04, 0x00, 0x01, 0x00, 0xFF, 0x00, 0xFB,
0x00, 0xFF, 0x00, 0x01, 0x00, 0x05, 0x00, 0xFC, 0x00, 0x08, 0x00, 0x01,
0x00, 0xFF, 0x00, 0xFF, 0x00, 0xFE, 0x00, 0xFF, 0x00, 0xFC, 0x00, 0xFF,
0x00, 0x01, 0x00, 0x07, 0x00, 0x00, 0x00, 0x00, 0x00, 0x01, 0x00, 0x00,
0x00, 0x00, 0x07, 0x00, 0x0A, 0x00, 0x00, 0x13, 0x00, 0x9D, 0xBA, 0x00,
0x08, 0x00, 0x09, 0x00, 0x03, 0x2B, 0xBA, 0x00, 0x10, 0x00, 0x01, 0x00,
0x03, 0x2B, 0xB8, 0x00, 0x08, 0x10, 0xB8, 0x00, 0x00, 0xD0, 0xB8, 0x00,
0x08, 0x10, 0xB8, 0x00, 0x11, 0xDC, 0xB8, 0x00, 0x03, 0xD0, 0xB8, 0x00,
0x10, 0x10, 0xB8, 0x00, 0x05, 0xD0, 0xB8, 0x00, 0x10, 0x10, 0xB8, 0x00,
0x0C, 0xDC, 0xB8, 0x00, 0x11, 0x10, 0xB8, 0x00, 0x0E, 0xDC, 0xB8, 0x00,
0x03, 0x10, 0xB8, 0x00, 0x12, 0xD0, 0x00, 0xB8, 0x00, 0x00, 0x45, 0x58,
0xB8, 0x00, 0x0A, 0x2F, 0x1B, 0xB9, 0x00, 0x0A, 0x00, 0x07, 0x3E, 0x59,
0xB8, 0x00, 0x00, 0x45, 0x58, 0xB8, 0x00, 0x12, 0x2F, 0x1B, 0xB9, 0x00,
0x12, 0x00, 0x01, 0x3E, 0x59, 0xB8, 0x00, 0x00, 0xDC, 0xB8, 0x00, 0x10,
0xD0, 0xB8, 0x00, 0x11, 0xD0, 0xB8, 0x00, 0x01, 0xD0, 0xB8, 0x00, 0x0A,
0x10, 0xB8, 0x00, 0x04, 0xDC, 0xB8, 0x00, 0x0A, 0x10, 0xB8, 0x00, 0x06,
0xDC, 0xB8, 0x00, 0x0A, 0x10, 0xB8, 0x00, 0x08, 0xDC, 0xB8, 0x00, 0x04,
0x10, 0xB8, 0x00, 0x0C, 0xD0, 0xB8, 0x00, 0x0D, 0xD0, 0x30, 0x31, 0x01,
0x21, 0x11, 0x21, 0x11, 0x21, 0x11, 0x21, 0x11, 0x21, 0x11, 0x21, 0x11,
0x21, 0x11, 0x21, 0x11, 0x21, 0x11, 0x21, 0x02, 0x00, 0x01, 0x00, 0x01,
0x00, 0x01, 0x00, 0xFD, 0x00, 0xFE, 0x00, 0x07, 0x00, 0xFF, 0x00, 0xFF,
0x00, 0xFF, 0x00, 0xFE, 0x00, 0x04, 0x00, 0x01, 0x00, 0x01, 0x00, 0x03,
0x00, 0xFF, 0x00, 0x02, 0x00, 0xFC, 0x00, 0xFF, 0x00, 0xFF, 0x00, 0xFC,
0x00, 0x00, 0x00, 0x00, 0x00, 0x03, 0x00, 0x00, 0x00, 0x00, 0x07, 0x00,
0x0A, 0x00, 0x00, 0x03, 0x00, 0x07, 0x00, 0x1B, 0x00, 0xE5, 0xB8, 0x00,
0x1C, 0x2F, 0xB8, 0x00, 0x00, 0x2F, 0xB8, 0x00, 0x1C, 0x10, 0xB8, 0x00,
0x08, 0xD0, 0xB8, 0x00, 0x08, 0x2F, 0xB8, 0x00, 0x05, 0xDC, 0xB8, 0x00,
0x01, 0xD0, 0xB8, 0x00, 0x00, 0x10, 0xB8, 0x00, 0x04, 0xD0, 0xB8, 0x00,
0x08, 0x10, 0xB8, 0x00, 0x0B, 0xD0, 0xB8, 0x00, 0x00, 0x10, 0xB8, 0x00,
0x11, 0xDC, 0xB8, 0x00, 0x15, 0xD0, 0x00, 0xB8, 0x00, 0x00, 0x45, 0x58,
0xB8, 0x00, 0x0E, 0x2F, 0x1B, 0xB9, 0x00, 0x0E, 0x00, 0x07, 0x3E, 0x59,
0xB8, 0x00, 0x00, 0x45, 0x58, 0xB8, 0x00, 0x18, 0x2F, 0x1B, 0xB9, 0x00,
0x18, 0x00, 0x01, 0x3E, 0x59, 0xBA, 0x00, 0x01, 0x00, 0x02, 0x00, 0x03,
0x2B, 0xBA, 0x00, 0x03, 0x00, 0x04, 0x00, 0x03, 0x2B, 0xB8, 0x00, 0x0E,
0x10, 0xB8, 0x00, 0x00, 0xDC, 0xB8, 0x00, 0x18, 0x10, 0xB8, 0x00, 0x06,
0xDC, 0xB8, 0x00, 0x05, 0xDC, 0xB8, 0x00, 0x08, 0xD0, 0xB8, 0x00, 0x04,
0x10, 0xB8, 0x00, 0x09, 0xD0, 0xB8, 0x00, 0x02, 0x10, 0xB8, 0x00, 0x0A,
0xD0, 0xB8, 0x00, 0x03, 0x10, 0xB8, 0x00, 0x0B, 0xD0, 0xB8, 0x00, 0x00,
0x10, 0xB8, 0x00, 0x0C, 0xD0, 0xB8, 0x00, 0x0D, 0xD0, 0xB8, 0x00, 0x10,
0xD0, 0xB8, 0x00, 0x11, 0xD0, 0xB8, 0x00, 0x02, 0x10, 0xB8, 0x00, 0x12,
0xD0, 0xB8, 0x00, 0x03, 0x10, 0xB8, 0x00, 0x13, 0xD0, 0xB8, 0x00, 0x05,
0x10, 0xB8, 0x00, 0x14, 0xD0, 0xB8, 0x00, 0x04, 0x10, 0xB8, 0x00, 0x15,
0xD0, 0xB8, 0x00, 0x06, 0x10, 0xB8, 0x00, 0x16, 0xD0, 0xB8, 0x00, 0x17,
0xD0, 0xB8, 0x00, 0x1A, 0xD0, 0xB8, 0x00, 0x1B, 0xD0, 0x30, 0x31, 0x01,
0x21, 0x11, 0x21, 0x11, 0x21, 0x11, 0x21, 0x01, 0x21, 0x11, 0x21, 0x11,
0x21, 0x11, 0x21, 0x11, 0x21, 0x11, 0x21, 0x11, 0x21, 0x11, 0x21, 0x11,
0x21, 0x11, 0x21, 0x05, 0x00, 0xFD, 0x00, 0x03, 0x00, 0xFD, 0x00, 0x03,
0x00, 0xFB, 0x00, 0x01, 0x00, 0xFF, 0x00, 0x01, 0x00, 0x05, 0x00, 0x01,
0x00, 0xFF, 0x00, 0x01, 0x00, 0xFF, 0x00, 0xFB, 0x00, 0xFF, 0x00, 0x09,
0x00, 0xFD, 0x00, 0xFF, 0x00, 0xFC, 0x00, 0x04, 0x00, 0x01, 0x00, 0x03,
0x00, 0x01, 0x00, 0xFF, 0x00, 0xFD, 0x00, 0xFF, 0x00, 0xFC, 0x00, 0xFF,
0x00, 0x01, 0x00, 0x00, 0x00, 0x03, 0x00, 0x00, 0x00, 0x00, 0x07, 0x00,
0x0A, 0x00, 0x00, 0x03, 0x00, 0x07, 0x00, 0x17, 0x00, 0xD1, 0xBA, 0x00,
0x04, 0x00, 0x0D, 0x00, 0x03, 0x2B, 0xBA, 0x00, 0x01, 0x00, 0x00, 0x00,
0x03, 0x2B, 0xBA, 0x00, 0x15, 0x00, 0x08, 0x00, 0x03, 0x2B, 0xB8, 0x00,
0x01, 0x10, 0xB8, 0x00, 0x05, 0xD0, 0xB8, 0x00, 0x01, 0x10, 0xB8, 0x00,
0x09, 0xD0, 0xB8, 0x00, 0x06, 0xD0, 0xB8, 0x00, 0x00, 0x10, 0xB8, 0x00,
0x0B, 0xD0, 0xB8, 0x00, 0x00, 0x10, 0xB8, 0x00, 0x0F, 0xD0, 0xB8, 0x00,
0x15, 0x10, 0xB8, 0x00, 0x11, 0xD0, 0xB8, 0x00, 0x01, 0x10, 0xB8, 0x00,
0x14, 0xDC, 0x00, 0xB8, 0x00, 0x00, 0x45, 0x58, 0xB8, 0x00, 0x10, 0x2F,
0x1B, 0xB9, 0x00, 0x10, 0x00, 0x07, 0x3E, 0x59, 0xB8, 0x00, 0x00, 0x45,
0x58, 0xB8, 0x00, 0x02, 0x2F, 0x1B, 0xB9, 0x00, 0x02, 0x00, 0x01, 0x3E,
0x59, 0xBA, 0x00, 0x07, 0x00, 0x04, 0x00, 0x03, 0x2B, 0xBA, 0x00, 0x05,
0x00, 0x0A, 0x00, 0x03, 0x2B, 0xB8, 0x00, 0x02, 0x10, 0xB8, 0x00, 0x00,
0xDC, 0xB8, 0x00, 0x16, 0xD0, 0xB8, 0x00, 0x17, 0xD0, 0xB8, 0x00, 0x01,
0xD0, 0xB8, 0x00, 0x10, 0x10, 0xB8, 0x00, 0x06, 0xDC, 0xB8, 0x00, 0x17,
0x10, 0xB8, 0x00, 0x08, 0xDC, 0xB8, 0x00, 0x04, 0x10, 0xB8, 0x00, 0x0C,
0xD0, 0xB8, 0x00, 0x05, 0x10, 0xB8, 0x00, 0x0D, 0xD0, 0xB8, 0x00, 0x06,
0x10, 0xB8, 0x00, 0x0E, 0xD0, 0xB8, 0x00, 0x0F, 0xD0, 0xB8, 0x00, 0x12,
0xD0, 0xB8, 0x00, 0x13, 0xD0, 0xB8, 0x00, 0x08, 0x10, 0xB8, 0x00, 0x14,
0xD0, 0x30, 0x31, 0x01, 0x21, 0x11, 0x21, 0x01, 0x21, 0x11, 0x21, 0x01,
0x21, 0x11, 0x21, 0x11, 0x21, 0x11, 0x21, 0x11, 0x21, 0x11, 0x21, 0x11,
0x21, 0x11, 0x21, 0x01, 0x00, 0x04, 0x00, 0xFC, 0x00, 0x01, 0x00, 0x03,
0x00, 0xFD, 0x00, 0x02, 0x00, 0x01, 0x00, 0xFC, 0x00, 0xFF, 0x00, 0x01,
0x00, 0x05, 0x00, 0x01, 0x00, 0xFF, 0x00, 0xFE, 0x00, 0x01, 0x00, 0xFF,
0x00, 0x06, 0x00, 0x03, 0x00, 0xF9, 0x00, 0x03, 0x00, 0x01, 0x00, 0x03,
0x00, 0x01, 0x00, 0xFF, 0x00, 0xF9, 0x00, 0xFF, 0x00, 0x00, 0x00, 0x00,
0x00, 0x02, 0x03, 0x00, 0x01, 0x00, 0x05, 0x00, 0x08, 0x00, 0x00, 0x03,
0x00, 0x07, 0x00, 0x2B, 0xBA, 0x00, 0x01, 0x00, 0x00, 0x00, 0x03, 0x2B,
0xB8, 0x00, 0x00, 0x10, 0xB8, 0x00, 0x04, 0xD0, 0xB8, 0x00, 0x01, 0x10,
0xB8, 0x00, 0x05, 0xD0, 0x00, 0xBA, 0x00, 0x01, 0x00, 0x02, 0x00, 0x03,
0x2B, 0xBA, 0x00, 0x05, 0x00, 0x06, 0x00, 0x03, 0x2B, 0x30, 0x31, 0x01,
0x21, 0x11, 0x21, 0x11, 0x21, 0x11, 0x21, 0x03, 0x00, 0x02, 0x00, 0xFE,
0x00, 0x02, 0x00, 0xFE, 0x00, 0x03, 0x00, 0xFE, 0x00, 0x07, 0x00, 0xFE,
0x00, 0x00, 0x00, 0x00, 0x00, 0x02, 0x02, 0x00, 0x00, 0x00, 0x05, 0x00,
0x08, 0x00, 0x00, 0x03, 0x00, 0x0B, 0x00, 0x54, 0xBA, 0x00, 0x08, 0x00,
0x09, 0x00, 0x03, 0x2B, 0xBA, 0x00, 0x01, 0x00, 0x00, 0x00, 0x03, 0x2B,
0xB8, 0x00, 0x00, 0x10, 0xB8, 0x00, 0x04, 0xD0, 0xB8, 0x00, 0x01, 0x10,
0xB8, 0x00, 0x05, 0xD0, 0x00, 0xB8, 0x00, 0x00, 0x45, 0x58, 0xB8, 0x00,
0x08, 0x2F, 0x1B, 0xB9, 0x00, 0x08, 0x00, 0x01, 0x3E, 0x59, 0xBA, 0x00,
0x01, 0x00, 0x02, 0x00, 0x03, 0x2B, 0xB8, 0x00, 0x08, 0x10, 0xB8, 0x00,
0x06, 0xDC, 0xB8, 0x00, 0x05, 0xDC, 0xB8, 0x00, 0x06, 0x10, 0xB8, 0x00,
0x0A, 0xD0, 0xB8, 0x00, 0x0B, 0xD0, 0x30, 0x31, 0x01, 0x21, 0x11, 0x21,
0x11, 0x21, 0x11, 0x21, 0x11, 0x21, 0x11, 0x21, 0x03, 0x00, 0x02, 0x00,
0xFE, 0x00, 0x02, 0x00, 0xFF, 0x00, 0xFE, 0x00, 0x01, 0x00, 0x08, 0x00,
0xFE, 0x00, 0xFD, 0x00, 0xFE, 0x00, 0xFF, 0x00, 0x01, 0x00, 0x00, 0x00,
0x00, 0x01, 0x01, 0x00, 0x00, 0x00, 0x07, 0x00, 0x09, 0x00, 0x00, 0x23,
0x01, 0x7E, 0xBA, 0x00, 0x0A, 0x00, 0x1B, 0x00, 0x03, 0x2B, 0xBA, 0x00,
0x0C, 0x00, 0x19, 0x00, 0x03, 0x2B, 0xB8, 0x00, 0x0A, 0x10, 0xB8, 0x00,
0x06, 0xDC, 0xB8, 0x00, 0x00, 0xD0, 0xB8, 0x00, 0x06, 0x10, 0xB8, 0x00,
0x01, 0xDC, 0xB8, 0x00, 0x0C, 0x10, 0xB8, 0x00, 0x04, 0xDC, 0xB8, 0x00,
0x00, 0x10, 0xB8, 0x00, 0x05, 0xD0, 0xB8, 0x00, 0x0C, 0x10, 0xB8, 0x00,
0x07, 0xD0, 0xB8, 0x00, 0x0C, 0x10, 0xB8, 0x00, 0x21, 0xD0, 0xB8, 0x00,
0x08, 0xD0, 0xB8, 0x00, 0x06, 0x10, 0xB8, 0x00, 0x0D, 0xD0, 0xB8, 0x00,
0x00, 0x10, 0xB8, 0x00, 0x0E, 0xD0, 0xB8, 0x00, 0x04, 0x10, 0xB8, 0x00,
0x0F, 0xD0, 0xB8, 0x00, 0x01, 0x10, 0xB8, 0x00, 0x11, 0xD0, 0xB8, 0x00,
0x06, 0x10, 0xB8, 0x00, 0x13, 0xD0, 0xB8, 0x00, 0x00, 0x10, 0xB8, 0x00,
0x14, 0xD0, 0xB8, 0x00, 0x0C, 0x10, 0xB8, 0x00, 0x15, 0xD0, 0xB8, 0x00,
0x21, 0x10, 0xB8, 0x00, 0x16, 0xD0, 0xB8, 0x00, 0x0A, 0x10, 0xB8, 0x00,
0x17, 0xD0, 0xB8, 0x00, 0x0A, 0x10, 0xB8, 0x00, 0x1F, 0xD0, 0xB8, 0x00,
0x18, 0xD0, 0xB8, 0x00, 0x19, 0x10, 0xB8, 0x00, 0x1D, 0xD0, 0x00, 0xB8,
0x00, 0x00, 0x45, 0x58, 0xB8, 0x00, 0x04, 0x2F, 0x1B, 0xB9, 0x00, 0x04,
0x00, 0x05, 0x3E, 0x59, 0xB8, 0x00, 0x00, 0x45, 0x58, 0xB8, 0x00, 0x20,
0x2F, 0x1B, 0xB9, 0x00, 0x20, 0x00, 0x05, 0x3E, 0x59, 0xB8, 0x00, 0x00,
0x45, 0x58, 0xB8, 0x00, 0x12, 0x2F, 0x1B, 0xB9, 0x00, 0x12, 0x00, 0x01,
0x3E, 0x59, 0xBA, 0x00, 0x01, 0x00, 0x02, 0x00, 0x03, 0x2B, 0xBA, 0x00,
0x23, 0x00, 0x06, 0x00, 0x03, 0x2B, 0xBA, 0x00, 0x09, 0x00, 0x0A, 0x00,
0x03, 0x2B, 0xB8, 0x00, 0x01, 0x10, 0xB8, 0x00, 0x05, 0xDC, 0xB8, 0x00,
0x20, 0x10, 0xB8, 0x00, 0x08, 0xDC, 0xB8, 0x00, 0x12, 0x10, 0xB8, 0x00,
0x0E, 0xDC, 0xB8, 0x00, 0x16, 0xD0, 0xB8, 0x00, 0x0B, 0xDC, 0xB8, 0x00,
0x12, 0x10, 0xB8, 0x00, 0x10, 0xDC, 0xB8, 0x00, 0x14, 0xD0, 0xB8, 0x00,
0x0D, 0xDC, 0xB8, 0x00, 0x16, 0x10, 0xB8, 0x00, 0x0F, 0xD0, 0xB8, 0x00,
0x14, 0x10, 0xB8, 0x00, 0x11, 0xD0, 0xB8, 0x00, 0x14, 0x10, 0xB8, 0x00,
0x15, 0xD0, 0xB8, 0x00, 0x16, 0x10, 0xB8, 0x00, 0x17, 0xD0, 0xB8, 0x00,
0x0D, 0x10, 0xB8, 0x00, 0x18, 0xD0, 0xB8, 0x00, 0x0B, 0x10, 0xB8, 0x00,
0x1A, 0xD0, 0xB8, 0x00, 0x0A, 0x10, 0xB8, 0x00, 0x1B, 0xD0, 0xB8, 0x00,
0x08, 0x10, 0xB8, 0x00, 0x1C, 0xD0, 0xB8, 0x00, 0x1D, 0xD0, 0xB8, 0x00,
0x06, 0x10, 0xB8, 0x00, 0x1E, 0xD0, 0xB8, 0x00, 0x05, 0x10, 0xB8, 0x00,
0x21, 0xD0, 0xB8, 0x00, 0x02, 0x10, 0xB8, 0x00, 0x22, 0xD0, 0x30, 0x31,
0x01, 0x21, 0x11, 0x21, 0x11, 0x21, 0x11, 0x21, 0x11, 0x21, 0x11, 0x21,
0x11, 0x21, 0x11, 0x21, 0x11, 0x21, 0x11, 0x21, 0x11, 0x21, 0x11, 0x21,
0x11, 0x21, 0x11, 0x21, 0x11, 0x21, 0x11, 0x21, 0x11, 0x21, 0x11, 0x21,
0x05, 0x00, 0x02, 0x00, 0xFF, 0x00, 0xFF, 0x00, 0xFF, 0x00, 0xFF, 0x00,
0x01, 0x00, 0x01, 0x00, 0x01, 0x00, 0x01, 0x00, 0xFE, 0x00, 0xFF, 0x00,
0xFF, 0x00, 0xFF, 0x00, 0xFF, 0x00, 0x01, 0x00, 0x01, 0x00, 0x01, 0x00,
0x01, 0x00, 0x09, 0x00, 0xFF, 0x00, 0xFF, 0x00, 0xFF, 0x00, 0xFF, 0x00,
0xFF, 0x00, 0xFF, 0x00, 0xFF, 0x00, 0xFF, 0x00, 0xFF, 0x00, 0x01, 0x00,
0x01, 0x00, 0x01, 0x00, 0x01, 0x00, 0x01, 0x00, 0x01, 0x00, 0x01, 0x00,
0x01, 0x00, 0x00, 0x00, 0x00, 0x02, 0x01, 0x00, 0x03, 0x00, 0x07, 0x00,
0x07, 0x00, 0x00, 0x03, 0x00, 0x07, 0x00, 0x24, 0x00, 0xB8, 0x00, 0x00,
0x45, 0x58, 0xB8, 0x00, 0x00, 0x2F, 0x1B, 0xB9, 0x00, 0x00, 0x00, 0x05,
0x3E, 0x59, 0xBA, 0x00, 0x05, 0x00, 0x06, 0x00, 0x03, 0x2B, 0xB8, 0x00,
0x00, 0x10, 0xB8, 0x00, 0x02, 0xDC, 0x30, 0x31, 0x01, 0x21, 0x11, 0x21,
0x11, 0x21, 0x11, 0x21, 0x01, 0x00, 0x06, 0x00, 0xFA, 0x00, 0x06, 0x00,
0xFA, 0x00, 0x07, 0x00, 0xFF, 0x00, 0xFE, 0x00, 0xFF, 0x00, 0x00, 0x00,
0x00, 0x01, 0x01, 0x00, 0x00, 0x00, 0x07, 0x00, 0x09, 0x00, 0x00, 0x23,
0x01, 0x6A, 0xBA, 0x00, 0x01, 0x00, 0x00, 0x00, 0x03, 0x2B, 0xBA, 0x00,
0x10, 0x00, 0x15, 0x00, 0x03, 0x2B, 0xB8, 0x00, 0x10, 0x10, 0xB8, 0x00,
0x03, 0xD0, 0xB8, 0x00, 0x1E, 0x10, 0xB8, 0x00, 0x04, 0xD0, 0xB8, 0x00,
0x01, 0x10, 0xB8, 0x00, 0x05, 0xDC, 0xB8, 0x00, 0x1C, 0x10, 0xB8, 0x00,
0x06, 0xD0, 0xB8, 0x00, 0x10, 0x10, 0xB8, 0x00, 0x07, 0xDC, 0xB8, 0x00,
0x05, 0x10, 0xB8, 0x00, 0x09, 0xDC, 0xB8, 0x00, 0x07, 0x10, 0xB8, 0x00,
0x0B, 0xD0, 0xB8, 0x00, 0x05, 0x10, 0xB8, 0x00, 0x0D, 0xD0, 0xB8, 0x00,
0x1C, 0x10, 0xB8, 0x00, 0x0E, 0xD0, 0xB8, 0x00, 0x01, 0x10, 0xB8, 0x00,
0x11, 0xD0, 0xB8, 0x00, 0x20, 0x10, 0xB8, 0x00, 0x12, 0xD0, 0xB8, 0x00,
0x00, 0x10, 0xB8, 0x00, 0x13, 0xD0, 0xB8, 0x00, 0x01, 0x10, 0xB8, 0x00,
0x17, 0xD0, 0xB8, 0x00, 0x20, 0x10, 0xB8, 0x00, 0x18, 0xD0, 0xB8, 0x00,
0x10, 0x10, 0xB8, 0x00, 0x19, 0xD0, 0xB8, 0x00, 0x1E, 0x10, 0xB8, 0x00,
0x1A, 0xD0, 0xB8, 0x00, 0x05, 0x10, 0xB8, 0x00, 0x1B, 0xD0, 0xB8, 0x00,
0x10, 0x10, 0xB8, 0x00, 0x1D, 0xD0, 0xB8, 0x00, 0x01, 0x10, 0xB8, 0x00,
0x1F, 0xD0, 0xB8, 0x00, 0x15, 0x10, 0xB8, 0x00, 0x21, 0xD0, 0x00, 0xB8,
0x00, 0x00, 0x45, 0x58, 0xB8, 0x00, 0x04, 0x2F, 0x1B, 0xB9, 0x00, 0x04,
0x00, 0x05, 0x3E, 0x59, 0xB8, 0x00, 0x00, 0x45, 0x58, 0xB8, 0x00, 0x20,
0x2F, 0x1B, 0xB9, 0x00, 0x20, 0x00, 0x05, 0x3E, 0x59, 0xB8, 0x00, 0x00,
0x45, 0x58, 0xB8, 0x00, 0x12, 0x2F, 0x1B, 0xB9, 0x00, 0x12, 0x00, 0x01,
0x3E, 0x59, 0xBA, 0x00, 0x01, 0x00, 0x02, 0x00, 0x03, 0x2B, 0xB8, 0x00,
0x20, 0x10, 0xB8, 0x00, 0x05, 0xD0, 0xB8, 0x00, 0x02, 0x10, 0xB8, 0x00,
0x1E, 0xDC, 0xB8, 0x00, 0x06, 0xD0, 0xB8, 0x00, 0x04, 0x10, 0xB8, 0x00,
0x08, 0xDC, 0xB8, 0x00, 0x12, 0x10, 0xB8, 0x00, 0x0E, 0xDC, 0xB8, 0x00,
0x1B, 0xDC, 0xB8, 0x00, 0x0A, 0xD0, 0xB8, 0x00, 0x09, 0xDC, 0xB8, 0x00,
0x12, 0x10, 0xB8, 0x00, 0x10, 0xDC, 0xB8, 0x00, 0x19, 0xDC, 0xB8, 0x00,
0x0C, 0xD0, 0xB8, 0x00, 0x10, 0x10, 0xB8, 0x00, 0x14, 0xD0, 0xB8, 0x00,
0x15, 0xD0, 0xB8, 0x00, 0x0E, 0x10, 0xB8, 0x00, 0x16, 0xD0, 0xB8, 0x00,
0x17, 0xD0, 0xB8, 0x00, 0x0A, 0x10, 0xB8, 0x00, 0x1A, 0xD0, 0xB8, 0x00,
0x08, 0x10, 0xB8, 0x00, 0x1C, 0xD0, 0xB8, 0x00, 0x1D, 0xD0, 0xB8, 0x00,
0x02, 0x10, 0xB8, 0x00, 0x22, 0xD0, 0xB8, 0x00, 0x03, 0x10, 0xB8, 0x00,
0x23, 0xD0, 0x30, 0x31, 0x01, 0x21, 0x11, 0x21, 0x11, 0x21, 0x11, 0x21,
0x11, 0x21, 0x11, 0x21, 0x11, 0x21, 0x11, 0x21, 0x11, 0x21, 0x11, 0x21,
0x11, 0x21, 0x11, 0x21, 0x11, 0x21, 0x11, 0x21, 0x11, 0x21, 0x11, 0x21,
0x11, 0x21, 0x11, 0x21, 0x01, 0x00, 0x02, 0x00, 0x01, 0x00, 0x01, 0x00,
0x01, 0x00, 0x01, 0x00, 0xFF, 0x00, 0xFF, 0x00, 0xFF, 0x00, 0xFF, 0x00,
0xFE, 0x00, 0x01, 0x00, 0x01, 0x00, 0x01, 0x00, 0x01, 0x00, 0xFF, 0x00,
0xFF, 0x00, 0xFF, 0x00, 0xFF, 0x00, 0x09, 0x00, 0xFF, 0x00, 0xFF, 0x00,
0xFF, 0x00, 0xFF, 0x00, 0xFF, 0x00, 0xFF, 0x00, 0xFF, 0x00, 0xFF, 0x00,
0xFF, 0x00, 0x01, 0x00, 0x01, 0x00, 0x01, 0x00, 0x01, 0x00, 0x01, 0x00,
0x01, 0x00, 0x01, 0x00, 0x01, 0x00, 0x00, 0x00, 0x00, 0x02, 0x00, 0x00,
0x00, 0x00, 0x07, 0x00, 0x0A, 0x00, 0x00, 0x03, 0x00, 0x17, 0x00, 0xEC,
0xBA, 0x00, 0x0A, 0x00, 0x0B, 0x00, 0x03, 0x2B, 0xBA, 0x00, 0x01, 0x00,
0x00, 0x00, 0x03, 0x2B, 0xBA, 0x00, 0x14, 0x00, 0x05, 0x00, 0x03, 0x2B,
0xB8, 0x00, 0x00, 0x10, 0xB8, 0x00, 0x04, 0xD0, 0xB8, 0x00, 0x01, 0x10,
0xB8, 0x00, 0x07, 0xD0, 0xB8, 0x00, 0x14, 0x10, 0xB8, 0x00, 0x0F, 0xD0,
0xB8, 0x00, 0x01, 0x10, 0xB8, 0x00, 0x12, 0xDC, 0xB8, 0x00, 0x01, 0x10,
0xB8, 0x00, 0x15, 0xD0, 0xB8, 0x00, 0x07, 0x10, 0xB8, 0x00, 0x16, 0xD0,
0x00, 0xB8, 0x00, 0x00, 0x45, 0x58, 0xB8, 0x00, 0x0E, 0x2F, 0x1B, 0xB9,
0x00, 0x0E, 0x00, 0x07, 0x3E, 0x59, 0xB8, 0x00, 0x00, 0x45, 0x58, 0xB8,
0x00, 0x06, 0x2F, 0x1B, 0xB9, 0x00, 0x06, 0x00, 0x05, 0x3E, 0x59, 0xB8,
0x00, 0x00, 0x45, 0x58, 0xB8, 0x00, 0x0A, 0x2F, 0x1B, 0xB9, 0x00, 0x0A,
0x00, 0x05, 0x3E, 0x59, 0xB8, 0x00, 0x00, 0x45, 0x58, 0xB8, 0x00, 0x12,
0x2F, 0x1B, 0xB9, 0x00, 0x12, 0x00, 0x05, 0x3E, 0x59, 0xB8, 0x00, 0x00,
0x45, 0x58, 0xB8, 0x00, 0x02, 0x2F, 0x1B, 0xB9, 0x00, 0x02, 0x00, 0x01,
0x3E, 0x59, 0xB8, 0x00, 0x00, 0xDC, 0xB8, 0x00, 0x0E, 0x10, 0xB8, 0x00,
0x04, 0xDC, 0xB8, 0x00, 0x14, 0xD0, 0xB8, 0x00, 0x15, 0xD0, 0xB8, 0x00,
0x05, 0xD0, 0xB8, 0x00, 0x0E, 0x10, 0xB8, 0x00, 0x08, 0xDC, 0xB8, 0x00,
0x07, 0xDC, 0xB8, 0x00, 0x0B, 0xD0, 0xB8, 0x00, 0x08, 0x10, 0xB8, 0x00,
0x0C, 0xD0, 0xB8, 0x00, 0x0D, 0xD0, 0xB8, 0x00, 0x10, 0xD0, 0xB8, 0x00,
0x11, 0xD0, 0xB8, 0x00, 0x07, 0x10, 0xB8, 0x00, 0x13, 0xD0, 0xB8, 0x00,
0x06, 0x10, 0xB8, 0x00, 0x16, 0xDC, 0x30, 0x31, 0x01, 0x21, 0x11, 0x21,
0x11, 0x21, 0x11, 0x21, 0x11, 0x21, 0x11, 0x21, 0x11, 0x21, 0x11, 0x21,
0x11, 0x21, 0x11, 0x21, 0x11, 0x21, 0x11, 0x21, 0x03, 0x00, 0x02, 0x00,
0xFE, 0x00, 0x01, 0x00, 0x01, 0x00, 0xFD, 0x00, 0xFE, 0x00, 0x01, 0x00,
0x05, 0x00, 0x01, 0x00, 0xFF, 0x00, 0xFF, 0x00, 0xFE, 0x00, 0x02, 0x00,
0xFE, 0x00, 0x06, 0x00, 0x01, 0x00, 0x02, 0x00, 0xFE, 0x00, 0x02, 0x00,
0x01, 0x00, 0xFF, 0x00, 0xFE, 0x00, 0xFF, 0x00, 0xFD, 0x00, 0x00, 0x00,
0x00, 0x01, 0x00, 0x00, 0x00, 0x00, 0x07, 0x00, 0x09, 0x00, 0x00, 0x13,
0x00, 0x6C, 0xBA, 0x00, 0x04, 0x00, 0x09, 0x00, 0x03, 0x2B, 0xBA, 0x00,
0x0E, 0x00, 0x00, 0x00, 0x03, 0x2B, 0xBA, 0x00, 0x0F, 0x00, 0x02, 0x00,
0x03, 0x2B, 0xB8, 0x00, 0x0E, 0x10, 0xB8, 0x00, 0x05, 0xD0, 0xB8, 0x00,
0x0E, 0x10, 0xB8, 0x00, 0x11, 0xD0, 0x00, 0xB8, 0x00, 0x00, 0x45, 0x58,
0xB8, 0x00, 0x06, 0x2F, 0x1B, 0xB9, 0x00, 0x06, 0x00, 0x01, 0x3E, 0x59,
0xBA, 0x00, 0x0D, 0x00, 0x0E, 0x00, 0x03, 0x2B, 0xBA, 0x00, 0x01, 0x00,
0x12, 0x00, 0x03, 0x2B, 0xB8, 0x00, 0x0E, 0x10, 0xB8, 0x00, 0x02, 0xD0,
0xB8, 0x00, 0x06, 0x10, 0xB8, 0x00, 0x04, 0xDC, 0xB8, 0x00, 0x08, 0xD0,
0xB8, 0x00, 0x09, 0xD0, 0xB8, 0x00, 0x0E, 0x10, 0xB8, 0x00, 0x0A, 0xD0,
0x30, 0x31, 0x01, 0x21, 0x11, 0x21, 0x11, 0x21, 0x11, 0x21, 0x11, 0x21,
0x11, 0x21, 0x11, 0x21, 0x11, 0x21, 0x11, 0x21, 0x11, 0x21, 0x03, 0x00,
0x02, 0x00, 0xFD, 0x00, 0x04, 0x00, 0xFB, 0x00, 0xFF, 0x00, 0x01, 0x00,
0x05, 0x00, 0x01, 0x00, 0xFF, 0x00, 0xFD, 0x00, 0x06, 0x00, 0x02, 0x00,
0xF9, 0x00, 0xFF, 0x00, 0x01, 0x00, 0x07, 0x00, 0x01, 0x00, 0xFF, 0x00,
0xFB, 0x00, 0xFF, 0x00, 0x00, 0x02, 0x00, 0x00, 0x00, 0x00, 0x07, 0x00,
0x0A, 0x00, 0x00, 0x07, 0x00, 0x1B, 0x00, 0xE6, 0xBA, 0x00, 0x0B, 0x00,
0x0C, 0x00, 0x03, 0x2B, 0xBA, 0x00, 0x02, 0x00, 0x0E, 0x00, 0x03, 0x2B,
0xBA, 0x00, 0x1A, 0x00, 0x06, 0x00, 0x03, 0x2B, 0xB8, 0x00, 0x02, 0x10,
0xB8, 0x00, 0x00, 0xDC, 0xB8, 0x00, 0x0B, 0x10, 0xB8, 0x00, 0x03, 0xD0,
0xB8, 0x00, 0x06, 0x10, 0xB8, 0x00, 0x08, 0xD0, 0xB8, 0x00, 0x0B, 0x10,
0xB8, 0x00, 0x10, 0xD0, 0xB8, 0x00, 0x02, 0x10, 0xB8, 0x00, 0x12, 0xD0,
0xB8, 0x00, 0x01, 0x10, 0xB8, 0x00, 0x13, 0xD0, 0xB8, 0x00, 0x00, 0x10,
0xB8, 0x00, 0x14, 0xD0, 0xB8, 0x00, 0x06, 0x10, 0xB8, 0x00, 0x16, 0xD0,
0xB8, 0x00, 0x00, 0x10, 0xB8, 0x00, 0x18, 0xDC, 0x00, 0xB8, 0x00, 0x00,
0x45, 0x58, 0xB8, 0x00, 0x13, 0x2F, 0x1B, 0xB9, 0x00, 0x13, 0x00, 0x07,
0x3E, 0x59, 0xB8, 0x00, 0x00, 0x45, 0x58, 0xB8, 0x00, 0x08, 0x2F, 0x1B,
0xB9, 0x00, 0x08, 0x00, 0x01, 0x3E, 0x59, 0xB8, 0x00, 0x00, 0x45, 0x58,
0xB8, 0x00, 0x0B, 0x2F, 0x1B, 0xB9, 0x00, 0x0B, 0x00, 0x01, 0x3E, 0x59,
0xBA, 0x00, 0x12, 0x00, 0x02, 0x00, 0x03, 0x2B, 0xBA, 0x00, 0x05, 0x00,
0x09, 0x00, 0x03, 0x2B, 0xB8, 0x00, 0x13, 0x10, 0xB8, 0x00, 0x00, 0xDC,
0xB8, 0x00, 0x02, 0x10, 0xB8, 0x00, 0x06, 0xD0, 0xB8, 0x00, 0x02, 0x10,
0xB8, 0x00, 0x0D, 0xD0, 0xB8, 0x00, 0x00, 0x10, 0xB8, 0x00, 0x0F, 0xD0,
0xB8, 0x00, 0x10, 0xD0, 0xB8, 0x00, 0x12, 0x10, 0xB8, 0x00, 0x15, 0xD0,
0xB8, 0x00, 0x10, 0x10, 0xB8, 0x00, 0x17, 0xD0, 0xB8, 0x00, 0x18, 0xD0,
0xB8, 0x00, 0x02, 0x10, 0xB8, 0x00, 0x19, 0xD0, 0x30, 0x31, 0x01, 0x21,
0x11, 0x21, 0x11, 0x21, 0x11, 0x21, 0x01, 0x11, 0x21, 0x11, 0x21, 0x11,
0x21, 0x11, 0x21, 0x11, 0x21, 0x11, 0x21, 0x11, 0x21, 0x11, 0x21, 0x11,
0x21, 0x11, 0x04, 0x00, 0xFF, 0x00, 0xFF, 0x00, 0x03, 0x00, 0xFF, 0x00,
0x01, 0x00, 0xFD, 0x00, 0xFE, 0x00, 0x01, 0x00, 0x01, 0x00, 0x01, 0x00,
0x01, 0x00, 0x01, 0x00, 0x01, 0x00, 0x01, 0x00, 0x08, 0x00, 0xFF, 0x00,
0xFE, 0x00, 0x02, 0x00, 0xF9, 0x00, 0x04, 0x00, 0xFC, 0x00, 0x07, 0x00,
0x01, 0x00, 0x01, 0x00, 0x01, 0x00, 0xFF, 0x00, 0xFF, 0x00, 0xFF, 0x00,
0xF9, 0x00, 0x00, 0x00, 0x00, 0x03, 0x00, 0x00, 0x00, 0x00, 0x07, 0x00,
0x0A, 0x00, 0x00, 0x03, 0x00, 0x07, 0x00, 0x17, 0x00, 0xA5, 0xB8, 0x00,
0x18, 0x2F, 0xB8, 0x00, 0x01, 0x2F, 0xB8, 0x00, 0x18, 0x10, 0xB8, 0x00,
0x09, 0xD0, 0xB8, 0x00, 0x09, 0x2F, 0xB8, 0x00, 0x06, 0xDC, 0xB8, 0x00,
0x00, 0xD0, 0xB8, 0x00, 0x01, 0x10, 0xB8, 0x00, 0x04, 0xD0, 0xB8, 0x00,
0x01, 0x10, 0xB8, 0x00, 0x10, 0xDC, 0xB8, 0x00, 0x13, 0xD0, 0x00, 0xB8,
0x00, 0x00, 0x45, 0x58, 0xB8, 0x00, 0x0C, 0x2F, 0x1B, 0xB9, 0x00, 0x0C,
0x00, 0x07, 0x3E, 0x59, 0xB8, 0x00, 0x00, 0x45, 0x58, 0xB8, 0x00, 0x16,
0x2F, 0x1B, 0xB9, 0x00, 0x16, 0x00, 0x01, 0x3E, 0x59, 0xBA, 0x00, 0x01,
0x00, 0x04, 0x00, 0x03, 0x2B, 0xB8, 0x00, 0x0C, 0x10, 0xB8, 0x00, 0x02,
0xDC, 0xB8, 0x00, 0x16, 0x10, 0xB8, 0x00, 0x06, 0xDC, 0xB8, 0x00, 0x08,
0xD0, 0xB8, 0x00, 0x09, 0xD0, 0xB8, 0x00, 0x02, 0x10, 0xB8, 0x00, 0x0A,
0xD0, 0xB8, 0x00, 0x0B, 0xD0, 0xB8, 0x00, 0x0E, 0xD0, 0xB8, 0x00, 0x0F,
0xD0, 0xB8, 0x00, 0x01, 0x10, 0xB8, 0x00, 0x10, 0xD0, 0xB8, 0x00, 0x04,
0x10, 0xB8, 0x00, 0x12, 0xD0, 0xB8, 0x00, 0x09, 0x10, 0xB8, 0x00, 0x14,
0xD0, 0xB8, 0x00, 0x15, 0xD0, 0x30, 0x31, 0x01, 0x21, 0x11, 0x21, 0x01,
0x21, 0x11, 0x29, 0x02, 0x11, 0x21, 0x11, 0x21, 0x11, 0x21, 0x11, 0x21,
0x11, 0x21, 0x11, 0x21, 0x11, 0x21, 0x03, 0x00, 0x02, 0x00, 0xFE, 0x00,
0x02, 0x00, 0xFE, 0x00, 0x02, 0x00, 0xFB, 0x00, 0x01, 0x00, 0xFF, 0x00,
0x06, 0x00, 0x01, 0x00, 0xFF, 0x00, 0x01, 0x00, 0xFF, 0x00, 0xFA, 0x00,
0x06, 0x00, 0x03, 0x00, 0xFC, 0x00, 0xFC, 0x00, 0x08, 0x00, 0x01, 0x00,
0xFF, 0x00, 0xFD, 0x00, 0xFF, 0x00, 0xFC, 0x00, 0xFF, 0x00, 0x00, 0x00,
0x00, 0x01, 0x00, 0x00, 0x00, 0x00, 0x07, 0x00, 0x0A, 0x00, 0x00, 0x1F,
0x01, 0x25, 0xBA, 0x00, 0x04, 0x00, 0x13, 0x00, 0x03, 0x2B, 0xBA, 0x00,
0x06, 0x00, 0x11, 0x00, 0x03, 0x2B, 0xBA, 0x00, 0x1B, 0x00, 0x00, 0x00,
0x03, 0x2B, 0xB8, 0x00, 0x06, 0x10, 0xB8, 0x00, 0x01, 0xD0, 0xB8, 0x00,
0x00, 0x10, 0xB8, 0x00, 0x07, 0xD0, 0xB8, 0x00, 0x04, 0x10, 0xB8, 0x00,
0x1E, 0xDC, 0xB8, 0x00, 0x09, 0xD0, 0xB8, 0x00, 0x1B, 0x10, 0xB8, 0x00,
0x0B, 0xD0, 0xB8, 0x00, 0x1E, 0x10, 0xB8, 0x00, 0x0D, 0xD0, 0xB8, 0x00,
0x04, 0x10, 0xB8, 0x00, 0x0F, 0xD0, 0xB8, 0x00, 0x03, 0x10, 0xB8, 0x00,
0x10, 0xD0, 0xB8, 0x00, 0x11, 0x10, 0xB8, 0x00, 0x15, 0xD0, 0xB8, 0x00,
0x04, 0x10, 0xB8, 0x00, 0x17, 0xD0, 0xB8, 0x00, 0x03, 0x10, 0xB8, 0x00,
0x18, 0xD0, 0xB8, 0x00, 0x1E, 0x10, 0xB8, 0x00, 0x19, 0xD0, 0x00, 0xB8,
0x00, 0x00, 0x45, 0x58, 0xB8, 0x00, 0x18, 0x2F, 0x1B, 0xB9, 0x00, 0x18,
0x00, 0x07, 0x3E, 0x59, 0xB8, 0x00, 0x00, 0x45, 0x58, 0xB8, 0x00, 0x0E,
0x2F, 0x1B, 0xB9, 0x00, 0x0E, 0x00, 0x01, 0x3E, 0x59, 0xB8, 0x00, 0x18,
0x10, 0xB8, 0x00, 0x00, 0xDC, 0xB8, 0x00, 0x16, 0xD0, 0xB8, 0x00, 0x17,
0xD0, 0xB8, 0x00, 0x1A, 0xD0, 0xB8, 0x00, 0x1B, 0xD0, 0xB8, 0x00, 0x01,
0xD0, 0xB8, 0x00, 0x18, 0x10, 0xB8, 0x00, 0x02, 0xDC, 0xB8, 0x00, 0x0E,
0x10, 0xB8, 0x00, 0x04, 0xDC, 0xB8, 0x00, 0x0E, 0x10, 0xB8, 0x00, 0x06,
0xDC, 0xB8, 0x00, 0x0C, 0xD0, 0xB8, 0x00, 0x0D, 0xD0, 0xB8, 0x00, 0x07,
0xD0, 0xB8, 0x00, 0x04, 0x10, 0xB8, 0x00, 0x08, 0xD0, 0xB8, 0x00, 0x09,
0xD0, 0xB8, 0x00, 0x0D, 0x10, 0xB8, 0x00, 0x0A, 0xDC, 0xB8, 0x00, 0x0D,
0x10, 0xB8, 0x00, 0x10, 0xD0, 0xB8, 0x00, 0x11, 0xD0, 0xB8, 0x00, 0x09,
0x10, 0xB8, 0x00, 0x12, 0xD0, 0xB8, 0x00, 0x13, 0xD0, 0xB8, 0x00, 0x02,
0x10, 0xB8, 0x00, 0x14, 0xD0, 0xB8, 0x00, 0x15, 0xD0, 0xB8, 0x00, 0x1B,
0x10, 0xB8, 0x00, 0x1C, 0xDC, 0xB8, 0x00, 0x15, 0x10, 0xB8, 0x00, 0x1E,
0xD0, 0xB8, 0x00, 0x1F, 0xD0, 0x30, 0x31, 0x01, 0x21, 0x11, 0x21, 0x11,
0x21, 0x11, 0x21, 0x11, 0x21, 0x11, 0x21, 0x11, 0x21, 0x11, 0x21, 0x11,
0x21, 0x11, 0x21, 0x11, 0x21, 0x11, 0x21, 0x11, 0x21, 0x11, 0x21, 0x11,
0x21, 0x11, 0x21, 0x05, 0x00, 0xFE, 0x00, 0xFF, 0x00, 0x01, 0x00, 0x02,
0x00, 0x01, 0x00, 0x01, 0x00, 0xFF, 0x00, 0xFC, 0x00, 0xFF, 0x00, 0xFF,
0x00, 0x01, 0x00, 0x01, 0x00, 0x04, 0x00, 0x01, 0x00, 0xFF, 0x00, 0xFF,
0x00, 0x09, 0x00, 0xFF, 0x00, 0xFA, 0x00, 0xFF, 0x00, 0x01, 0x00, 0x01,
0x00, 0xFE, 0x00, 0xFF, 0x00, 0x01, 0x00, 0x01, 0x00, 0x06, 0x00, 0x01,
0x00, 0x01, 0x00, 0xFF, 0x00, 0xFE, 0x00, 0x01, 0x00, 0x00, 0x00, 0x00,
0x00, 0x02, 0x00, 0x00, 0x00, 0x00, 0x07, 0x00, 0x0A, 0x00, 0x00, 0x07,
0x00, 0x17, 0x00, 0xC1, 0xBA, 0x00, 0x04, 0x00, 0x0C, 0x00, 0x03, 0x2B,
0xBA, 0x00, 0x13, 0x00, 0x01, 0x00, 0x03, 0x2B, 0xBA, 0x00, 0x14, 0x00,
0x00, 0x00, 0x03, 0x2B, 0xB8, 0x00, 0x01, 0x10, 0xB8, 0x00, 0x05, 0xD0,
0xB8, 0x00, 0x00, 0x10, 0xB8, 0x00, 0x08, 0xD0, 0xB8, 0x00, 0x00, 0x10,
0xB8, 0x00, 0x10, 0xD0, 0xB8, 0x00, 0x13, 0x10, 0xB8, 0x00, 0x16, 0xD0,
0x00, 0xB8, 0x00, 0x00, 0x45, 0x58, 0xB8, 0x00, 0x0F, 0x2F, 0x1B, 0xB9,
0x00, 0x0F, 0x00, 0x07, 0x3E, 0x59, 0xB8, 0x00, 0x00, 0x45, 0x58, 0xB8,
0x00, 0x09, 0x2F, 0x1B, 0xB9, 0x00, 0x09, 0x00, 0x01, 0x3E, 0x59, 0xB8,
0x00, 0x0F, 0x10, 0xB8, 0x00, 0x00, 0xDC, 0xB8, 0x00, 0x0F, 0x10, 0xB8,
0x00, 0x02, 0xDC, 0xB8, 0x00, 0x09, 0x10, 0xB8, 0x00, 0x04, 0xDC, 0xB8,
0x00, 0x09, 0x10, 0xB8, 0x00, 0x06, 0xDC, 0xB8, 0x00, 0x04, 0x10, 0xB8,
0x00, 0x08, 0xD0, 0xB8, 0x00, 0x0B, 0xD0, 0xB8, 0x00, 0x0C, 0xD0, 0xB8,
0x00, 0x02, 0x10, 0xB8, 0x00, 0x0D, 0xD0, 0xB8, 0x00, 0x0E, 0xD0, 0xB8,
0x00, 0x11, 0xD0, 0xB8, 0x00, 0x12, 0xD0, 0xB8, 0x00, 0x00, 0x10, 0xB8,
0x00, 0x13, 0xD0, 0xB8, 0x00, 0x14, 0xD0, 0xB8, 0x00, 0x06, 0x10, 0xB8,
0x00, 0x15, 0xD0, 0xB8, 0x00, 0x16, 0xD0, 0xB8, 0x00, 0x0C, 0x10, 0xB8,
0x00, 0x17, 0xD0, 0x30, 0x31, 0x01, 0x21, 0x11, 0x21, 0x11, 0x21, 0x11,
0x21, 0x19, 0x01, 0x21, 0x11, 0x21, 0x11, 0x21, 0x11, 0x21, 0x11, 0x21,
0x11, 0x21, 0x11, 0x21, 0x11, 0x05, 0x00, 0xFF, 0x00, 0xFF, 0x00, 0x01,
0x00, 0x01, 0x00, 0xFB, 0x00, 0x01, 0x00, 0xFF, 0x00, 0x05, 0x00, 0x01,
0x00, 0x01, 0x00, 0xFF, 0x00, 0x08, 0x00, 0x01, 0x00, 0xF8, 0x00, 0x01,
0x00, 0xFF, 0x00, 0xFF, 0x00, 0x01, 0x00, 0x08, 0x00, 0x01, 0x00, 0xFF,
0x00, 0xFF, 0x00, 0xFA, 0x00, 0xFF, 0x00, 0x00, 0x00, 0x01, 0x00, 0x00,
0x00, 0x00, 0x07, 0x00, 0x0A, 0x00, 0x00, 0x1B, 0x00, 0xDD, 0xBA, 0x00,
0x02, 0x00, 0x0B, 0x00, 0x03, 0x2B, 0xBA, 0x00, 0x1A, 0x00, 0x1B, 0x00,
0x03, 0x2B, 0xB8, 0x00, 0x1A, 0x10, 0xB8, 0x00, 0x03, 0xD0, 0xB8, 0x00,
0x1A, 0x10, 0xB8, 0x00, 0x08, 0xDC, 0xB8, 0x00, 0x06, 0xDC, 0xB8, 0x00,
0x08, 0x10, 0xB8, 0x00, 0x0F, 0xD0, 0xB8, 0x00, 0x07, 0x10, 0xB8, 0x00,
0x10, 0xD0, 0xB8, 0x00, 0x06, 0x10, 0xB8, 0x00, 0x11, 0xD0, 0xB8, 0x00,
0x1A, 0x10, 0xB8, 0x00, 0x13, 0xD0, 0xB8, 0x00, 0x03, 0x10, 0xB8, 0x00,
0x14, 0xD0, 0xB8, 0x00, 0x02, 0x10, 0xB8, 0x00, 0x15, 0xD0, 0xB8, 0x00,
0x1B, 0x10, 0xB8, 0x00, 0x17, 0xD0, 0x00, 0xB8, 0x00, 0x00, 0x45, 0x58,
0xB8, 0x00, 0x0E, 0x2F, 0x1B, 0xB9, 0x00, 0x0E, 0x00, 0x07, 0x3E, 0x59,
0xB8, 0x00, 0x00, 0x45, 0x58, 0xB8, 0x00, 0x08, 0x2F, 0x1B, 0xB9, 0x00,
0x08, 0x00, 0x01, 0x3E, 0x59, 0xBA, 0x00, 0x17, 0x00, 0x00, 0x00, 0x03,
0x2B, 0xB8, 0x00, 0x08, 0x10, 0xB8, 0x00, 0x02, 0xDC, 0xB8, 0x00, 0x08,
0x10, 0xB8, 0x00, 0x04, 0xDC, 0xB8, 0x00, 0x08, 0x10, 0xB8, 0x00, 0x06,
0xDC, 0xB8, 0x00, 0x02, 0x10, 0xB8, 0x00, 0x0A, 0xD0, 0xB8, 0x00, 0x0B,
0xD0, 0xB8, 0x00, 0x0E, 0x10, 0xB8, 0x00, 0x0C, 0xDC, 0xB8, 0x00, 0x0E,
0x10, 0xB8, 0x00, 0x10, 0xDC, 0xB8, 0x00, 0x0E, 0x10, 0xB8, 0x00, 0x12,
0xDC, 0xB8, 0x00, 0x0C, 0x10, 0xB8, 0x00, 0x14, 0xD0, 0xB8, 0x00, 0x15,
0xD0, 0xB8, 0x00, 0x10, 0x10, 0xB8, 0x00, 0x18, 0xD0, 0xB8, 0x00, 0x19,
0xD0, 0x30, 0x31, 0x01, 0x21, 0x11, 0x21, 0x11, 0x21, 0x11, 0x21, 0x11,
0x21, 0x11, 0x21, 0x11, 0x21, 0x11, 0x21, 0x11, 0x21, 0x11, 0x21, 0x11,
0x21, 0x11, 0x21, 0x11, 0x21, 0x11, 0x21, 0x04, 0x00, 0xFF, 0x00, 0x02,
0x00, 0x01, 0x00, 0x01, 0x00, 0xF9, 0x00, 0x01, 0x00, 0xFF, 0x00, 0x07,
0x00, 0xFF, 0x00, 0xFF, 0x00, 0xFE, 0x00, 0x01, 0x00, 0x01, 0x00, 0xFF,
0x00, 0x05, 0x00, 0xFC, 0x00, 0x01, 0x00, 0x01, 0x00, 0xFD, 0x00, 0x01,
0x00, 0x08, 0x00, 0x01, 0x00, 0xFD, 0x00, 0x01, 0x00, 0x01, 0x00, 0xFD,
0x00, 0x01, 0x00, 0xFD, 0x00, 0x00, 0x00, 0x00, 0x00, 0x01, 0x00, 0x00,
0x00, 0x00, 0x07, 0x00, 0x0A, 0x00, 0x00, 0x17, 0x00, 0xBD, 0xBA, 0x00,
0x0E, 0x00, 0x0F, 0x00, 0x03, 0x2B, 0xBA, 0x00, 0x0C, 0x00, 0x11, 0x00,
0x03, 0x2B, 0xB8, 0x00, 0x0E, 0x10, 0xB8, 0x00, 0x07, 0xDC, 0xB8, 0x00,
0x01, 0xD0, 0xB8, 0x00, 0x0C, 0x10, 0xB8, 0x00, 0x03, 0xD0, 0xB8, 0x00,
0x0E, 0x10, 0xB8, 0x00, 0x05, 0xD0, 0xB8, 0x00, 0x0E, 0x10, 0xB8, 0x00,
0x09, 0xD0, 0xB8, 0x00, 0x06, 0x10, 0xB8, 0x00, 0x0A, 0xD0, 0xB8, 0x00,
0x0F, 0x10, 0xB8, 0x00, 0x13, 0xD0, 0xB8, 0x00, 0x07, 0x10, 0xB8, 0x00,
0x16, 0xDC, 0xB8, 0x00, 0x17, 0xDC, 0x00, 0xB8, 0x00, 0x00, 0x45, 0x58,
0xB8, 0x00, 0x14, 0x2F, 0x1B, 0xB9, 0x00, 0x14, 0x00, 0x07, 0x3E, 0x59,
0xB8, 0x00, 0x00, 0x45, 0x58, 0xB8, 0x00, 0x0E, 0x2F, 0x1B, 0xB9, 0x00,
0x0E, 0x00, 0x01, 0x3E, 0x59, 0xBA, 0x00, 0x05, 0x00, 0x0A, 0x00, 0x03,
0x2B, 0xB8, 0x00, 0x14, 0x10, 0xB8, 0x00, 0x00, 0xDC, 0xB8, 0x00, 0x14,
0x10, 0xB8, 0x00, 0x02, 0xDC, 0xB8, 0x00, 0x14, 0x10, 0xB8, 0x00, 0x06,
0xDC, 0xB8, 0x00, 0x0E, 0x10, 0xB8, 0x00, 0x0C, 0xDC, 0xB8, 0x00, 0x10,
0xD0, 0xB8, 0x00, 0x11, 0xD0, 0xB8, 0x00, 0x02, 0x10, 0xB8, 0x00, 0x12,
0xD0, 0xB8, 0x00, 0x13, 0xD0, 0xB8, 0x00, 0x06, 0x10, 0xB8, 0x00, 0x16,
0xD0, 0xB8, 0x00, 0x17, 0xD0, 0x30, 0x31, 0x01, 0x21, 0x11, 0x21, 0x11,
0x21, 0x11, 0x21, 0x11, 0x21, 0x11, 0x21, 0x11, 0x21, 0x11, 0x21, 0x11,
0x21, 0x11, 0x21, 0x11, 0x21, 0x11, 0x21, 0x06, 0x00, 0xFF, 0x00, 0xFE,
0x00, 0x01, 0x00, 0x01, 0x00, 0xFF, 0x00, 0xFF, 0x00, 0x01, 0x00, 0xFC,
0x00, 0x01, 0x00, 0xFF, 0x00, 0x07, 0x00, 0xFF, 0x00, 0x08, 0x00, 0x01,
0x00, 0xFD, 0x00, 0x01, 0x00, 0xFD, 0x00, 0x01, 0x00, 0xFC, 0x00, 0xFF,
0x00, 0x01, 0x00, 0x08, 0x00, 0x01, 0x00, 0xFD, 0x00, 0x00, 0x00, 0x00,
0x00, 0x02, 0x00, 0x00, 0x00, 0x00, 0x07, 0x00, 0x0A, 0x00, 0x00, 0x07,
0x00, 0x21, 0x01, 0x7E, 0xBA, 0x00, 0x0C, 0x00, 0x15, 0x00, 0x03, 0x2B,
0xBA, 0x00, 0x0E, 0x00, 0x13, 0x00, 0x03, 0x2B, 0xB8, 0x00, 0x0E, 0x10,
0xB8, 0x00, 0x00, 0xD0, 0xB8, 0x00, 0x0E, 0x10, 0xB8, 0x00, 0x01, 0xDC,
0xB8, 0x00, 0x0C, 0x10, 0xB8, 0x00, 0x21, 0xDC, 0xB8, 0x00, 0x02, 0xDC,
0xB8, 0x00, 0x01, 0x10, 0xB8, 0x00, 0x03, 0xDC, 0xB8, 0x00, 0x0C, 0x10,
0xB8, 0x00, 0x20, 0xDC, 0xB8, 0x00, 0x04, 0xD0, 0xB8, 0x00, 0x21, 0x10,
0xB8, 0x00, 0x05, 0xD0, 0xB8, 0x00, 0x10, 0x10, 0xB8, 0x00, 0x06, 0xD0,
0xB8, 0x00, 0x10, 0x10, 0xB8, 0x00, 0x08, 0xD0, 0xB8, 0x00, 0x0E, 0x10,
0xB8, 0x00, 0x09, 0xD0, 0xB8, 0x00, 0x00, 0x10, 0xB8, 0x00, 0x0A, 0xD0,
0xB8, 0x00, 0x21, 0x10, 0xB8, 0x00, 0x0F, 0xD0, 0xB8, 0x00, 0x0C, 0x10,
0xB8, 0x00, 0x11, 0xD0, 0xB8, 0x00, 0x0B, 0x10, 0xB8, 0x00, 0x12, 0xD0,
0xB8, 0x00, 0x13, 0x10, 0xB8, 0x00, 0x17, 0xD0, 0xB8, 0x00, 0x0C, 0x10,
0xB8, 0x00, 0x19, 0xD0, 0xB8, 0x00, 0x0B, 0x10, 0xB8, 0x00, 0x1A, 0xD0,
0xB8, 0x00, 0x03, 0x10, 0xB8, 0x00, 0x1B, 0xD0, 0xB8, 0x00, 0x20, 0x10,
0xB8, 0x00, 0x1C, 0xD0, 0xB8, 0x00, 0x01, 0x10, 0xB8, 0x00, 0x1D, 0xD0,
0xB8, 0x00, 0x02, 0x10, 0xB8, 0x00, 0x1E, 0xD0, 0xB8, 0x00, 0x03, 0x10,
0xB8, 0x00, 0x1F, 0xD0, 0x00, 0xB8, 0x00, 0x00, 0x45, 0x58, 0xB8, 0x00,
0x1A, 0x2F, 0x1B, 0xB9, 0x00, 0x1A, 0x00, 0x07, 0x3E, 0x59, 0xB8, 0x00,
0x00, 0x45, 0x58, 0xB8, 0x00, 0x02, 0x2F, 0x1B, 0xB9, 0x00, 0x02, 0x00,
0x01, 0x3E, 0x59, 0xB8, 0x00, 0x00, 0x45, 0x58, 0xB8, 0x00, 0x10, 0x2F,
0x1B, 0xB9, 0x00, 0x10, 0x00, 0x01, 0x3E, 0x59, 0xBA, 0x00, 0x00, 0x00,
0x07, 0x00, 0x03, 0x2B, 0xB8, 0x00, 0x02, 0x10, 0xB8, 0x00, 0x04, 0xDC,
0xB8, 0x00, 0x01, 0xDC, 0xB8, 0x00, 0x04, 0x10, 0xB8, 0x00, 0x05, 0xD0,
0xB8, 0x00, 0x1A, 0x10, 0xB8, 0x00, 0x08, 0xDC, 0xB8, 0x00, 0x18, 0xD0,
0xB8, 0x00, 0x19, 0xD0, 0xB8, 0x00, 0x1C, 0xD0, 0xB8, 0x00, 0x1D, 0xD0,
0xB8, 0x00, 0x09, 0xD0, 0xB8, 0x00, 0x1A, 0x10, 0xB8, 0x00, 0x0A, 0xDC,
0xB8, 0x00, 0x10, 0x10, 0xB8, 0x00, 0x0C, 0xDC, 0xB8, 0x00, 0x05, 0x10,
0xB8, 0x00, 0x0E, 0xD0, 0xB8, 0x00, 0x0F, 0xD0, 0xB8, 0x00, 0x12, 0xD0,
0xB8, 0x00, 0x13, 0xD0, 0xB8, 0x00, 0x0C, 0x10, 0xB8, 0x00, 0x14, 0xD0,
0xB8, 0x00, 0x15, 0xD0, 0xB8, 0x00, 0x0A, 0x10, 0xB8, 0x00, 0x16, 0xD0,
0xB8, 0x00, 0x17, 0xD0, 0xB8, 0x00, 0x1D, 0x10, 0xB8, 0x00, 0x1E, 0xDC,
0xB8, 0x00, 0x17, 0x10, 0xB8, 0x00, 0x20, 0xD0, 0xB8, 0x00, 0x21, 0xD0,
0x30, 0x31, 0x01, 0x21, 0x11, 0x21, 0x11, 0x21, 0x11, 0x21, 0x01, 0x21,
0x11, 0x21, 0x11, 0x21, 0x11, 0x21, 0x11, 0x21, 0x11, 0x21, 0x11, 0x21,
0x11, 0x21, 0x11, 0x21, 0x11, 0x21, 0x11, 0x21, 0x11, 0x21, 0x11, 0x21,
0x03, 0x00, 0x04, 0x00, 0xFF, 0x00, 0xFF, 0x00, 0xFE, 0x00, 0x02, 0x00,
0xFE, 0x00, 0xFF, 0x00, 0x01, 0x00, 0x02, 0x00, 0xFD, 0x00, 0xFF, 0x00,
0xFF, 0x00, 0x01, 0x00, 0x01, 0x00, 0x04, 0x00, 0x01, 0x00, 0xFF, 0x00,
0xFF, 0x00, 0x05, 0x00, 0xFB, 0x00, 0x01, 0x00, 0x03, 0x00, 0x05, 0x00,
0xFF, 0x00, 0xFA, 0x00, 0xFF, 0x00, 0xFF, 0x00, 0x01, 0x00, 0x01, 0x00,
0x06, 0x00, 0x01, 0x00, 0x01, 0x00, 0xFF, 0x00, 0xFE, 0x00, 0x01, 0x00,
0x00, 0x01, 0x00, 0x00, 0x00, 0x00, 0x07, 0x00, 0x0A, 0x00, 0x00, 0x0B,
0x00, 0x77, 0xB8, 0x00, 0x0C, 0x2F, 0xB8, 0x00, 0x08, 0x2F, 0xB8, 0x00,
0x00, 0xD0, 0xB8, 0x00, 0x0C, 0x10, 0xB8, 0x00, 0x03, 0xD0, 0xB8, 0x00,
0x03, 0x2F, 0xB8, 0x00, 0x02, 0xDC, 0xB8, 0x00, 0x05, 0xD0, 0xB8, 0x00,
0x08, 0x10, 0xB8, 0x00, 0x09, 0xDC, 0x00, 0xB8, 0x00, 0x00, 0x45, 0x58,
0xB8, 0x00, 0x04, 0x2F, 0x1B, 0xB9, 0x00, 0x04, 0x00, 0x07, 0x3E, 0x59,
0xB8, 0x00, 0x00, 0x45, 0x58, 0xB8, 0x00, 0x08, 0x2F, 0x1B, 0xB9, 0x00,
0x08, 0x00, 0x07, 0x3E, 0x59, 0xB8, 0x00, 0x00, 0x45, 0x58, 0xB8, 0x00,
0x02, 0x2F, 0x1B, 0xB9, 0x00, 0x02, 0x00, 0x01, 0x3E, 0x59, 0xB8, 0x00,
0x00, 0x45, 0x58, 0xB8, 0x00, 0x0A, 0x2F, 0x1B, 0xB9, 0x00, 0x0A, 0x00,
0x01, 0x3E, 0x59, 0xBA, 0x00, 0x07, 0x00, 0x00, 0x00, 0x03, 0x2B, 0x30,
0x31, 0x01, 0x21, 0x11, 0x21, 0x11, 0x21, 0x11, 0x21, 0x11, 0x21, 0x11,
0x21, 0x05, 0x00, 0xFD, 0x00, 0xFE, 0x00, 0x02, 0x00, 0x03, 0x00, 0x02,
0x00, 0xFE, 0x00, 0x05, 0x00, 0xFB, 0x00, 0x0A, 0x00, 0xFC, 0x00, 0x04,
0x00, 0xF6, 0x00, 0x00, 0x00, 0x01, 0x02, 0x00, 0x00, 0x00, 0x06, 0x00,
0x0A, 0x00, 0x00, 0x0B, 0x00, 0x69, 0xBA, 0x00, 0x01, 0x00, 0x00, 0x00,
0x03, 0x2B, 0xBA, 0x00, 0x04, 0x00, 0x09, 0x00, 0x03, 0x2B, 0xB8, 0x00,
0x01, 0x10, 0xB8, 0x00, 0x05, 0xD0, 0xB8, 0x00, 0x00, 0x10, 0xB8, 0x00,
0x07, 0xD0, 0x00, 0xB8, 0x00, 0x00, 0x45, 0x58, 0xB8, 0x00, 0x00, 0x2F,
0x1B, 0xB9, 0x00, 0x00, 0x00, 0x07, 0x3E, 0x59, 0xB8, 0x00, 0x00, 0x45,
0x58, 0xB8, 0x00, 0x06, 0x2F, 0x1B, 0xB9, 0x00, 0x06, 0x00, 0x01, 0x3E,
0x59, 0xB8, 0x00, 0x00, 0x10, 0xB8, 0x00, 0x02, 0xDC, 0xB8, 0x00, 0x06,
0x10, 0xB8, 0x00, 0x04, 0xDC, 0xB8, 0x00, 0x08, 0xD0, 0xB8, 0x00, 0x09,
0xD0, 0xB8, 0x00, 0x02, 0x10, 0xB8, 0x00, 0x0A, 0xD0, 0xB8, 0x00, 0x0B,
0xD0, 0x30, 0x31, 0x01, 0x21, 0x11, 0x21, 0x11, 0x21, 0x11, 0x21, 0x11,
0x21, 0x11, 0x21, 0x02, 0x00, 0x04, 0x00, 0xFF, 0x00, 0x01, 0x00, 0xFC,
0x00, 0x01, 0x00, 0xFF, 0x00, 0x0A, 0x00, 0xFF, 0x00, 0xF8, 0x00, 0xFF,
0x00, 0x01, 0x00, 0x08, 0x00, 0x00, 0x00, 0x00, 0x00, 0x01, 0x00, 0x00,
0x00, 0x00, 0x07, 0x00, 0x0A, 0x00, 0x00, 0x0F, 0x00, 0x7D, 0xB8, 0x00,
0x10, 0x2F, 0xB8, 0x00, 0x0D, 0x2F, 0xB8, 0x00, 0x04, 0xDC, 0xB8, 0x00,
0x10, 0x10, 0xB8, 0x00, 0x09, 0xD0, 0xB8, 0x00, 0x09, 0x2F, 0xB8, 0x00,
0x0C, 0xDC, 0x00, 0xB8, 0x00, 0x00, 0x45, 0x58, 0xB8, 0x00, 0x00, 0x2F,
0x1B, 0xB9, 0x00, 0x00, 0x00, 0x07, 0x3E, 0x59, 0xB8, 0x00, 0x00, 0x45,
0x58, 0xB8, 0x00, 0x06, 0x2F, 0x1B, 0xB9, 0x00, 0x06, 0x00, 0x01, 0x3E,
0x59, 0xB8, 0x00, 0x00, 0x10, 0xB8, 0x00, 0x02, 0xDC, 0xB8, 0x00, 0x06,
0x10, 0xB8, 0x00, 0x04, 0xDC, 0xB8, 0x00, 0x08, 0xD0, 0xB8, 0x00, 0x09,
0xD0, 0xB8, 0x00, 0x0C, 0xD0, 0xB8, 0x00, 0x05, 0xD0, 0xB8, 0x00, 0x0C,
0x10, 0xB8, 0x00, 0x0B, 0xDC, 0xB8, 0x00, 0x0C, 0x10, 0xB8, 0x00, 0x0D,
0xD0, 0xB8, 0x00, 0x02, 0x10, 0xB8, 0x00, 0x0E, 0xD0, 0xB8, 0x00, 0x0F,
0xD0, 0x30, 0x31, 0x01, 0x21, 0x11, 0x21, 0x11, 0x21, 0x11, 0x21, 0x11,
0x21, 0x11, 0x21, 0x11, 0x21, 0x11, 0x21, 0x03, 0x00, 0x04, 0x00, 0xFF,
0x00, 0xFF, 0x00, 0xFC, 0x00, 0xFF, 0x00, 0x02, 0x00, 0x02, 0x00, 0xFF,
0x00, 0x0A, 0x00, 0xFF, 0x00, 0xF8, 0x00, 0xFF, 0x00, 0x01, 0x00, 0x03,
0x00, 0xFD, 0x00, 0x08, 0x00, 0x00, 0x00, 0x00, 0x00, 0x01, 0x00, 0x00,
0x00, 0x00, 0x07, 0x00, 0x0A, 0x00, 0x00, 0x1B, 0x00, 0xFB, 0xBA, 0x00,
0x0C, 0x00, 0x0D, 0x00, 0x03, 0x2B, 0xBA, 0x00, 0x04, 0x00, 0x09, 0x00,
0x03, 0x2B, 0xBA, 0x00, 0x1A, 0x00, 0x17, 0x00, 0x03, 0x2B, 0xB8, 0x00,
0x04, 0x10, 0xB8, 0x00, 0x00, 0xD0, 0xB8, 0x00, 0x17, 0x10, 0xB8, 0x00,
0x01, 0xD0, 0xB8, 0x00, 0x1A, 0x10, 0xB8, 0x00, 0x05, 0xD0, 0xB8, 0x00,
0x17, 0x10, 0xB8, 0x00, 0x07, 0xD0, 0xB8, 0x00, 0x0C, 0x10, 0xB8, 0x00,
0x0F, 0xDC, 0xB8, 0x00, 0x0D, 0x10, 0xB8, 0x00, 0x11, 0xD0, 0xB8, 0x00,
0x0C, 0x10, 0xB8, 0x00, 0x13, 0xD0, 0xB8, 0x00, 0x09, 0x10, 0xB8, 0x00,
0x15, 0xD0, 0x00, 0xB8, 0x00, 0x00, 0x45, 0x58, 0xB8, 0x00, 0x12, 0x2F,
0x1B, 0xB9, 0x00, 0x12, 0x00, 0x07, 0x3E, 0x59, 0xB8, 0x00, 0x00, 0x45,
0x58, 0xB8, 0x00, 0x18, 0x2F, 0x1B, 0xB9, 0x00, 0x18, 0x00, 0x07, 0x3E,
0x59, 0xB8, 0x00, 0x00, 0x45, 0x58, 0xB8, 0x00, 0x06, 0x2F, 0x1B, 0xB9,
0x00, 0x06, 0x00, 0x01, 0x3E, 0x59, 0xB8, 0x00, 0x00, 0x45, 0x58, 0xB8,
0x00, 0x0C, 0x2F, 0x1B, 0xB9, 0x00, 0x0C, 0x00, 0x01, 0x3E, 0x59, 0xB8,
0x00, 0x18, 0x10, 0xB8, 0x00, 0x00, 0xDC, 0xB8, 0x00, 0x06, 0x10, 0xB8,
0x00, 0x02, 0xDC, 0xB8, 0x00, 0x01, 0xDC, 0xB8, 0x00, 0x06, 0x10, 0xB8,
0x00, 0x04, 0xDC, 0xB8, 0x00, 0x08, 0xD0, 0xB8, 0x00, 0x09, 0xD0, 0xB8,
0x00, 0x02, 0x10, 0xB8, 0x00, 0x0A, 0xD0, 0xB8, 0x00, 0x0B, 0xD0, 0xB8,
0x00, 0x0C, 0x10, 0xB8, 0x00, 0x0E, 0xDC, 0xB8, 0x00, 0x12, 0x10, 0xB8,
0x00, 0x10, 0xDC, 0xB8, 0x00, 0x00, 0x10, 0xB8, 0x00, 0x14, 0xD0, 0xB8,
0x00, 0x15, 0xD0, 0xB8, 0x00, 0x18, 0x10, 0xB8, 0x00, 0x16, 0xDC, 0xB8,
0x00, 0x1A, 0xD0, 0xB8, 0x00, 0x1B, 0xD0, 0x30, 0x31, 0x01, 0x21, 0x11,
0x21, 0x11, 0x21, 0x11, 0x21, 0x11, 0x21, 0x11, 0x21, 0x11, 0x21, 0x11,
0x21, 0x11, 0x21, 0x11, 0x21, 0x11, 0x21, 0x11, 0x21, 0x11, 0x21, 0x11,
0x21, 0x06, 0x00, 0xFF, 0x00, 0x01, 0x00, 0x01, 0x00, 0xFE, 0x00, 0xFF,
0x00, 0xFF, 0x00, 0xFD, 0x00, 0x01, 0x00, 0xFF, 0x00, 0x03, 0x00, 0x01,
0x00, 0x01, 0x00, 0x02, 0x00, 0xFF, 0x00, 0x06, 0x00, 0xFE, 0x00, 0xFF,
0x00, 0xFD, 0x00, 0x03, 0x00, 0x01, 0x00, 0xFC, 0x00, 0x01, 0x00, 0x08,
0x00, 0x01, 0x00, 0xFC, 0x00, 0x01, 0x00, 0x03, 0x00, 0xFD, 0x00, 0x00,
0x00, 0x01, 0x00, 0x00, 0x00, 0x00, 0x07, 0x00, 0x0A, 0x00, 0x00, 0x10,
0x00, 0x8E, 0xBA, 0x00, 0x0F, 0x00, 0x0B, 0x00, 0x03, 0x2B, 0xBA, 0x00,
0x00, 0x00, 0x09, 0x00, 0x03, 0x2B, 0xBA, 0x00, 0x06, 0x00, 0x01, 0x00,
0x03, 0x2B, 0xB8, 0x00, 0x06, 0x10, 0xB8, 0x00, 0x04, 0xDC, 0xB8, 0x00,
0x0B, 0x10, 0xB8, 0x00, 0x07, 0xD0, 0x00, 0xB8, 0x00, 0x00, 0x45, 0x58,
0xB8, 0x00, 0x0C, 0x2F, 0x1B, 0xB9, 0x00, 0x0C, 0x00, 0x07, 0x3E, 0x59,
0xB8, 0x00, 0x00, 0x45, 0x58, 0xB8, 0x00, 0x0E, 0x2F, 0x1B, 0xB9, 0x00,
0x0E, 0x00, 0x07, 0x3E, 0x59, 0xB8, 0x00, 0x00, 0x45, 0x58, 0xB8, 0x00,
0x06, 0x2F, 0x1B, 0xB9, 0x00, 0x06, 0x00, 0x01, 0x3E, 0x59, 0xB8, 0x00,
0x00, 0xDC, 0xB8, 0x00, 0x06, 0x10, 0xB8, 0x00, 0x02, 0xDC, 0xB8, 0x00,
0x06, 0x10, 0xB8, 0x00, 0x04, 0xDC, 0xB8, 0x00, 0x00, 0x10, 0xB8, 0x00,
0x08, 0xD0, 0xB8, 0x00, 0x09, 0xD0, 0xB8, 0x00, 0x0C, 0x10, 0xB8, 0x00,
0x0A, 0xDC, 0xB8, 0x00, 0x0F, 0xD0, 0xB8, 0x00, 0x10, 0xD0, 0x30, 0x31,
0x01, 0x21, 0x11, 0x21, 0x11, 0x21, 0x11, 0x21, 0x11, 0x21, 0x11, 0x21,
0x11, 0x29, 0x01, 0x11, 0x21, 0x03, 0x00, 0x02, 0x00, 0x01, 0x00, 0x01,
0x00, 0xF9, 0x00, 0x01, 0x00, 0xFF, 0x00, 0x03, 0x00, 0x01, 0x00, 0xFF,
0x00, 0x01, 0x00, 0x01, 0x00, 0x01, 0x00, 0xFD, 0x00, 0x01, 0x00, 0x08,
0x00, 0x01, 0x00, 0xFF, 0x00, 0x00, 0x00, 0x00, 0x00, 0x01, 0x00, 0x00,
0x00, 0x00, 0x07, 0x00, 0x0A, 0x00, 0x00, 0x13, 0x00, 0x97, 0xBA, 0x00,
0x04, 0x00, 0x05, 0x00, 0x03, 0x2B, 0xBA, 0x00, 0x00, 0x00, 0x01, 0x00,
0x03, 0x2B, 0xB8, 0x00, 0x04, 0x10, 0xB8, 0x00, 0x07, 0xD0, 0xB8, 0x00,
0x01, 0x10, 0xB8, 0x00, 0x09, 0xD0, 0xB8, 0x00, 0x00, 0x10, 0xB8, 0x00,
0x0B, 0xD0, 0xB8, 0x00, 0x00, 0x10, 0xB8, 0x00, 0x0F, 0xDC, 0xB8, 0x00,
0x0E, 0xDC, 0xB8, 0x00, 0x11, 0xD0, 0x00, 0xB8, 0x00, 0x00, 0x45, 0x58,
0xB8, 0x00, 0x06, 0x2F, 0x1B, 0xB9, 0x00, 0x06, 0x00, 0x07, 0x3E, 0x59,
0xB8, 0x00, 0x00, 0x45, 0x58, 0xB8, 0x00, 0x0E, 0x2F, 0x1B, 0xB9, 0x00,
0x0E, 0x00, 0x07, 0x3E, 0x59, 0xB8, 0x00, 0x00, 0x45, 0x58, 0xB8, 0x00,
0x04, 0x2F, 0x1B, 0xB9, 0x00, 0x04, 0x00, 0x01, 0x3E, 0x59, 0xB8, 0x00,
0x00, 0x45, 0x58, 0xB8, 0x00, 0x10, 0x2F, 0x1B, 0xB9, 0x00, 0x10, 0x00,
0x01, 0x3E, 0x59, 0xBA, 0x00, 0x09, 0x00, 0x02, 0x00, 0x03, 0x2B, 0xB8,
0x00, 0x09, 0x10, 0xB8, 0x00, 0x0C, 0xD0, 0xB8, 0x00, 0x02, 0x10, 0xB8,
0x00, 0x12, 0xD0, 0x30, 0x31, 0x01, 0x21, 0x11, 0x21, 0x11, 0x21, 0x11,
0x21, 0x11, 0x21, 0x11, 0x21, 0x11, 0x21, 0x11, 0x21, 0x11, 0x21, 0x11,
0x21, 0x04, 0x00, 0xFF, 0x00, 0xFF, 0x00, 0xFE, 0x00, 0x02, 0x00, 0x01,
0x00, 0x01, 0x00, 0x01, 0x00, 0x02, 0x00, 0xFE, 0x00, 0xFF, 0x00, 0x05,
0x00, 0x01, 0x00, 0xFA, 0x00, 0x0A, 0x00, 0xFF, 0x00, 0xFF, 0x00, 0x01,
0x00, 0x01, 0x00, 0xF6, 0x00, 0x06, 0x00, 0x00, 0x00, 0x01, 0x00, 0x00,
0x00, 0x00, 0x07, 0x00, 0x0A, 0x00, 0x00, 0x13, 0x00, 0x9C, 0xBA, 0x00,
0x04, 0x00, 0x05, 0x00, 0x03, 0x2B, 0xBA, 0x00, 0x0F, 0x00, 0x09, 0x00,
0x03, 0x2B, 0xB8, 0x00, 0x0F, 0x10, 0xB8, 0x00, 0x0B, 0xDC, 0xB8, 0x00,
0x00, 0xD0, 0xB8, 0x00, 0x09, 0x10, 0xB8, 0x00, 0x01, 0xD0, 0xB8, 0x00,
0x04, 0x10, 0xB8, 0x00, 0x07, 0xD0, 0xB8, 0x00, 0x05, 0x10, 0xB8, 0x00,
0x13, 0xDC, 0xB8, 0x00, 0x0C, 0xD0, 0xB8, 0x00, 0x0F, 0x10, 0xB8, 0x00,
0x0E, 0xDC, 0xB8, 0x00, 0x11, 0xD0, 0x00, 0xB8, 0x00, 0x00, 0x45, 0x58,
0xB8, 0x00, 0x06, 0x2F, 0x1B, 0xB9, 0x00, 0x06, 0x00, 0x07, 0x3E, 0x59,
0xB8, 0x00, 0x00, 0x45, 0x58, 0xB8, 0x00, 0x0E, 0x2F, 0x1B, 0xB9, 0x00,
0x0E, 0x00, 0x07, 0x3E, 0x59, 0xB8, 0x00, 0x00, 0x45, 0x58, 0xB8, 0x00,
0x0C, 0x2F, 0x1B, 0xB9, 0x00, 0x0C, 0x00, 0x05, 0x3E, 0x59, 0xB8, 0x00,
0x00, 0x45, 0x58, 0xB8, 0x00, 0x04, 0x2F, 0x1B, 0xB9, 0x00, 0x04, 0x00,
0x01, 0x3E, 0x59, 0xB8, 0x00, 0x00, 0x45, 0x58, 0xB8, 0x00, 0x10, 0x2F,
0x1B, 0xB9, 0x00, 0x10, 0x00, 0x01, 0x3E, 0x59, 0x30, 0x31, 0x01, 0x21,
0x11, 0x21, 0x11, 0x21, 0x11, 0x21, 0x11, 0x21, 0x11, 0x21, 0x11, 0x21,
0x11, 0x21, 0x11, 0x21, 0x11, 0x21, 0x04, 0x00, 0xFF, 0x00, 0xFF, 0x00,
0xFE, 0x00, 0x02, 0x00, 0x01, 0x00, 0x01, 0x00, 0x01, 0x00, 0x02, 0x00,
0xFE, 0x00, 0xFF, 0x00, 0x05, 0x00, 0x01, 0x00, 0xFA, 0x00, 0x0A, 0x00,
0xFF, 0x00, 0xFF, 0x00, 0xFF, 0x00, 0x03, 0x00, 0xF6, 0x00, 0x04, 0x00,
0x00, 0x02, 0x00, 0x00, 0x00, 0x00, 0x07, 0x00, 0x0A, 0x00, 0x00, 0x03,
0x00, 0x0F, 0x00, 0x7D, 0xB8, 0x00, 0x10, 0x2F, 0xB8, 0x00, 0x00, 0x2F,
0xB8, 0x00, 0x10, 0x10, 0xB8, 0x00, 0x04, 0xD0, 0xB8, 0x00, 0x04, 0x2F,
0xB8, 0x00, 0x01, 0xDC, 0xB8, 0x00, 0x00, 0x10, 0xB8, 0x00, 0x09, 0xDC,
0x00, 0xB8, 0x00, 0x00, 0x45, 0x58, 0xB8, 0x00, 0x06, 0x2F, 0x1B, 0xB9,
0x00, 0x06, 0x00, 0x07, 0x3E, 0x59, 0xB8, 0x00, 0x00, 0x45, 0x58, 0xB8,
0x00, 0x0C, 0x2F, 0x1B, 0xB9, 0x00, 0x0C, 0x00, 0x01, 0x3E, 0x59, 0xB8,
0x00, 0x06, 0x10, 0xB8, 0x00, 0x00, 0xDC, 0xB8, 0x00, 0x0C, 0x10, 0xB8,
0x00, 0x02, 0xDC, 0xB8, 0x00, 0x00, 0x10, 0xB8, 0x00, 0x04, 0xD0, 0xB8,
0x00, 0x05, 0xD0, 0xB8, 0x00, 0x08, 0xD0, 0xB8, 0x00, 0x09, 0xD0, 0xB8,
0x00, 0x02, 0x10, 0xB8, 0x00, 0x0A, 0xD0, 0xB8, 0x00, 0x0B, 0xD0, 0xB8,
0x00, 0x0E, 0xD0, 0xB8, 0x00, 0x0F, 0xD0, 0x30, 0x31, 0x01, 0x21, 0x11,
0x21, 0x01, 0x21, 0x11, 0x21, 0x11, 0x21, 0x11, 0x21, 0x11, 0x21, 0x11,
0x21, 0x05, 0x00, 0xFD, 0x00, 0x03, 0x00, 0xFB, 0x00, 0x01, 0x00, 0x05,
0x00, 0x01, 0x00, 0xFF, 0x00, 0xFB, 0x00, 0xFF, 0x00, 0x09, 0x00, 0xF8,
0x00, 0x08, 0x00, 0x01, 0x00, 0xFF, 0x00, 0xF8, 0x00, 0xFF, 0x00, 0x01,
0x00, 0x00, 0x00, 0x00, 0x00, 0x02, 0x00, 0x00, 0x00, 0x00, 0x07, 0x00,
0x0A, 0x00, 0x00, 0x03, 0x00, 0x13, 0x00, 0x89, 0xBA, 0x00, 0x06, 0x00,
0x07, 0x00, 0x03, 0x2B, 0xBA, 0x00, 0x04, 0x00, 0x09, 0x00, 0x03, 0x2B,
0xBA, 0x00, 0x0F, 0x00, 0x00, 0x00, 0x03, 0x2B, 0xB8, 0x00, 0x04, 0x10,
0xB8, 0x00, 0x01, 0xD0, 0xB8, 0x00, 0x07, 0x10, 0xB8, 0x00, 0x0B, 0xD0,
0x00, 0xB8, 0x00, 0x00, 0x45, 0x58, 0xB8, 0x00, 0x0C, 0x2F, 0x1B, 0xB9,
0x00, 0x0C, 0x00, 0x07, 0x3E, 0x59, 0xB8, 0x00, 0x00, 0x45, 0x58, 0xB8,
0x00, 0x06, 0x2F, 0x1B, 0xB9, 0x00, 0x06, 0x00, 0x01, 0x3E, 0x59, 0xBA,
0x00, 0x11, 0x00, 0x12, 0x00, 0x03, 0x2B, 0xB8, 0x00, 0x0C, 0x10, 0xB8,
0x00, 0x00, 0xDC, 0xB8, 0x00, 0x11, 0x10, 0xB8, 0x00, 0x02, 0xD0, 0xB8,
0x00, 0x06, 0x10, 0xB8, 0x00, 0x04, 0xDC, 0xB8, 0x00, 0x08, 0xD0, 0xB8,
0x00, 0x09, 0xD0, 0xB8, 0x00, 0x00, 0x10, 0xB8, 0x00, 0x0A, 0xD0, 0xB8,
0x00, 0x0B, 0xD0, 0xB8, 0x00, 0x0E, 0xD0, 0xB8, 0x00, 0x0F, 0xD0, 0x30,
0x31, 0x01, 0x21, 0x11, 0x21, 0x01, 0x21, 0x11, 0x21, 0x11, 0x21, 0x11,
0x21, 0x11, 0x21, 0x11, 0x21, 0x11, 0x21, 0x11, 0x21, 0x05, 0x00, 0xFE,
0x00, 0x02, 0x00, 0xFE, 0x00, 0x01, 0x00, 0xFC, 0x00, 0x01, 0x00, 0xFF,
0x00, 0x06, 0x00, 0x01, 0x00, 0xFF, 0x00, 0xFD, 0x00, 0x09, 0x00, 0xFD,
0x00, 0xFB, 0x00, 0xFF, 0x00, 0x01, 0x00, 0x08, 0x00, 0x01, 0x00, 0xFF,
0x00, 0xFD, 0x00, 0xFF, 0x00, 0x00, 0x00, 0x00, 0x00, 0x02, 0x00, 0x00,
0xFE, 0x00, 0x07, 0x00, 0x0A, 0x00, 0x00, 0x07, 0x00, 0x17, 0x00, 0xAD,
0xBA, 0x00, 0x04, 0x00, 0x0B, 0x00, 0x03, 0x2B, 0xBA, 0x00, 0x00, 0x00,
0x05, 0x00, 0x03, 0x2B, 0xBA, 0x00, 0x12, 0x00, 0x01, 0x00, 0x03, 0x2B,
0xB8, 0x00, 0x00, 0x10, 0xB8, 0x00, 0x08, 0xD0, 0xB8, 0x00, 0x00, 0x10,
0xB8, 0x00, 0x13, 0xDC, 0xB8, 0x00, 0x0F, 0xD0, 0xB8, 0x00, 0x12, 0x10,
0xB8, 0x00, 0x15, 0xD0, 0x00, 0xB8, 0x00, 0x00, 0x45, 0x58, 0xB8, 0x00,
0x0E, 0x2F, 0x1B, 0xB9, 0x00, 0x0E, 0x00, 0x07, 0x3E, 0x59, 0xB8, 0x00,
0x00, 0x45, 0x58, 0xB8, 0x00, 0x08, 0x2F, 0x1B, 0xB9, 0x00, 0x08, 0x00,
0x01, 0x3E, 0x59, 0xBA, 0x00, 0x01, 0x00, 0x17, 0x00, 0x03, 0x2B, 0xB8,
0x00, 0x0E, 0x10, 0xB8, 0x00, 0x02, 0xDC, 0xB8, 0x00, 0x08, 0x10, 0xB8,
0x00, 0x04, 0xDC, 0xB8, 0x00, 0x08, 0x10, 0xB8, 0x00, 0x06, 0xDC, 0xB8,
0x00, 0x04, 0x10, 0xB8, 0x00, 0x0A, 0xD0, 0xB8, 0x00, 0x0B, 0xD0, 0xB8,
0x00, 0x02, 0x10, 0xB8, 0x00, 0x0C, 0xD0, 0xB8, 0x00, 0x0D, 0xD0, 0xB8,
0x00, 0x10, 0xD0, 0xB8, 0x00, 0x11, 0xD0, 0xB8, 0x00, 0x0B, 0x10, 0xB8,
0x00, 0x12, 0xD0, 0xB8, 0x00, 0x13, 0xD0, 0xB8, 0x00, 0x17, 0x10, 0xB8,
0x00, 0x15, 0xDC, 0x30, 0x31, 0x01, 0x21, 0x11, 0x21, 0x11, 0x21, 0x11,
0x21, 0x11, 0x21, 0x11, 0x21, 0x11, 0x21, 0x11, 0x21, 0x11, 0x21, 0x11,
0x21, 0x11, 0x21, 0x11, 0x21, 0x04, 0x00, 0x01, 0x00, 0xFD, 0x00, 0x01,
0x00, 0x01, 0x00, 0xFD, 0x00, 0xFF, 0x00, 0x01, 0x00, 0x05, 0x00, 0x01,
0x00, 0xFF, 0x00, 0x01, 0x00, 0xFD, 0x00, 0x02, 0x00, 0x07, 0x00, 0xF8,
0x00, 0x02, 0x00, 0xFD, 0x00, 0x01, 0x00, 0x08, 0x00, 0x01, 0x00, 0xFF,
0x00, 0xF8, 0x00, 0xFE, 0x00, 0xFF, 0x00, 0x00, 0x00, 0x02, 0x00, 0x00,
0x00, 0x00, 0x07, 0x00, 0x0A, 0x00, 0x00, 0x03, 0x00, 0x17, 0x00, 0xD2,
0xBA, 0x00, 0x08, 0x00, 0x09, 0x00, 0x03, 0x2B, 0xBA, 0x00, 0x14, 0x00,
0x05, 0x00, 0x03, 0x2B, 0xBA, 0x00, 0x11, 0x00, 0x00, 0x00, 0x03, 0x2B,
0xB8, 0x00, 0x08, 0x10, 0xB8, 0x00, 0x01, 0xD0, 0xB8, 0x00, 0x00, 0x10,
0xB8, 0x00, 0x04, 0xD0, 0xB8, 0x00, 0x08, 0x10, 0xB8, 0x00, 0x0B, 0xDC,
0xB8, 0x00, 0x09, 0x10, 0xB8, 0x00, 0x0D, 0xD0, 0xB8, 0x00, 0x14, 0x10,
0xB8, 0x00, 0x0F, 0xD0, 0xB8, 0x00, 0x11, 0x10, 0xB8, 0x00, 0x15, 0xD0,
0x00, 0xB8, 0x00, 0x00, 0x45, 0x58, 0xB8, 0x00, 0x0E, 0x2F, 0x1B, 0xB9,
0x00, 0x0E, 0x00, 0x07, 0x3E, 0x59, 0xB8, 0x00, 0x00, 0x45, 0x58, 0xB8,
0x00, 0x08, 0x2F, 0x1B, 0xB9, 0x00, 0x08, 0x00, 0x01, 0x3E, 0x59, 0xB8,
0x00, 0x00, 0x45, 0x58, 0xB8, 0x00, 0x16, 0x2F, 0x1B, 0xB9, 0x00, 0x16,
0x00, 0x01, 0x3E, 0x59, 0xBA, 0x00, 0x02, 0x00, 0x07, 0x00, 0x03, 0x2B,
0xB8, 0x00, 0x0E, 0x10, 0xB8, 0x00, 0x00, 0xDC, 0xB8, 0x00, 0x08, 0x10,
0xB8, 0x00, 0x04, 0xDC, 0xB8, 0x00, 0x03, 0xDC, 0xB8, 0x00, 0x08, 0x10,
0xB8, 0x00, 0x0A, 0xDC, 0xB8, 0x00, 0x00, 0x10, 0xB8, 0x00, 0x0C, 0xD0,
0xB8, 0x00, 0x0D, 0xD0, 0xB8, 0x00, 0x10, 0xD0, 0xB8, 0x00, 0x11, 0xD0,
0xB8, 0x00, 0x03, 0x10, 0xB8, 0x00, 0x12, 0xD0, 0xB8, 0x00, 0x02, 0x10,
0xB8, 0x00, 0x13, 0xD0, 0xB8, 0x00, 0x04, 0x10, 0xB8, 0x00, 0x14, 0xD0,
0xB8, 0x00, 0x15, 0xD0, 0x30, 0x31, 0x01, 0x21, 0x11, 0x21, 0x11, 0x21,
0x11, 0x21, 0x11, 0x21, 0x11, 0x21, 0x11, 0x21, 0x11, 0x21, 0x11, 0x21,
0x11, 0x21, 0x11, 0x21, 0x11, 0x21, 0x05, 0x00, 0xFE, 0x00, 0x02, 0x00,
0xFF, 0x00, 0xFF, 0x00, 0xFD, 0x00, 0x01, 0x00, 0xFF, 0x00, 0x06, 0x00,
0x01, 0x00, 0xFF, 0x00, 0x01, 0x00, 0xFE, 0x00, 0x09, 0x00, 0xFD, 0x00,
0xFE, 0x00, 0x01, 0x00, 0xFB, 0x00, 0x01, 0x00, 0x08, 0x00, 0x01, 0x00,
0xFF, 0x00, 0xFD, 0x00, 0xFE, 0x00, 0xFC, 0x00, 0x00, 0x01, 0x00, 0x00,
0x00, 0x00, 0x07, 0x00, 0x0A, 0x00, 0x00, 0x23, 0x01, 0x68, 0xBA, 0x00,
0x01, 0x00, 0x00, 0x00, 0x03, 0x2B, 0xBA, 0x00, 0x18, 0x00, 0x09, 0x00,
0x03, 0x2B, 0xBA, 0x00, 0x1C, 0x00, 0x05, 0x00, 0x03, 0x2B, 0xBA, 0x00,
0x1E, 0x00, 0x03, 0x00, 0x03, 0x2B, 0xB8, 0x00, 0x01, 0x10, 0xB8, 0x00,
0x07, 0xD0, 0xB8, 0x00, 0x00, 0x10, 0xB8, 0x00, 0x0B, 0xD0, 0xB8, 0x00,
0x09, 0x10, 0xB8, 0x00, 0x0D, 0xD0, 0xB8, 0x00, 0x1C, 0x10, 0xB8, 0x00,
0x0F, 0xD0, 0xB8, 0x00, 0x1E, 0x10, 0xB8, 0x00, 0x11, 0xD0, 0xB8, 0x00,
0x03, 0x10, 0xB8, 0x00, 0x13, 0xD0, 0xB8, 0x00, 0x01, 0x10, 0xB8, 0x00,
0x15, 0xD0, 0xB8, 0x00, 0x03, 0x10, 0xB8, 0x00, 0x19, 0xD0, 0xB8, 0x00,
0x1C, 0x10, 0xB8, 0x00, 0x1F, 0xD0, 0xB8, 0x00, 0x09, 0x10, 0xB8, 0x00,
0x21, 0xD0, 0x00, 0xB8, 0x00, 0x00, 0x45, 0x58, 0xB8, 0x00, 0x0E, 0x2F,
0x1B, 0xB9, 0x00, 0x0E, 0x00, 0x07, 0x3E, 0x59, 0xB8, 0x00, 0x00, 0x45,
0x58, 0xB8, 0x00, 0x0A, 0x2F, 0x1B, 0xB9, 0x00, 0x0A, 0x00, 0x05, 0x3E,
0x59, 0xB8, 0x00, 0x00, 0x45, 0x58, 0xB8, 0x00, 0x12, 0x2F, 0x1B, 0xB9,
0x00, 0x12, 0x00, 0x05, 0x3E, 0x59, 0xB8, 0x00, 0x00, 0x45, 0x58, 0xB8,
0x00, 0x16, 0x2F, 0x1B, 0xB9, 0x00, 0x16, 0x00, 0x05, 0x3E, 0x59, 0xB8,
0x00, 0x00, 0x45, 0x58, 0xB8, 0x00, 0x20, 0x2F, 0x1B, 0xB9, 0x00, 0x20,
0x00, 0x01, 0x3E, 0x59, 0xBA, 0x00, 0x05, 0x00, 0x03, 0x00, 0x03, 0x2B,
0xB8, 0x00, 0x20, 0x10, 0xB8, 0x00, 0x02, 0xDC, 0xB8, 0x00, 0x01, 0xDC,
0xB8, 0x00, 0x0E, 0x10, 0xB8, 0x00, 0x08, 0xDC, 0xB8, 0x00, 0x18, 0xD0,
0xB8, 0x00, 0x19, 0xD0, 0xB8, 0x00, 0x04, 0xDC, 0xB8, 0x00, 0x16, 0x10,
0xB8, 0x00, 0x06, 0xDC, 0xB8, 0x00, 0x19, 0x10, 0xB8, 0x00, 0x09, 0xD0,
0xB8, 0x00, 0x0E, 0x10, 0xB8, 0x00, 0x0C, 0xDC, 0xB8, 0x00, 0x0A, 0x10,
0xB8, 0x00, 0x0D, 0xDC, 0xB8, 0x00, 0x0C, 0x10, 0xB8, 0x00, 0x10, 0xD0,
0xB8, 0x00, 0x11, 0xD0, 0xB8, 0x00, 0x0A, 0x10, 0xB8, 0x00, 0x13, 0xD0,
0xB8, 0x00, 0x11, 0x10, 0xB8, 0x00, 0x14, 0xD0, 0xB8, 0x00, 0x15, 0xD0,
0xB8, 0x00, 0x0A, 0x10, 0xB8, 0x00, 0x17, 0xD0, 0xB8, 0x00, 0x06, 0x10,
0xB8, 0x00, 0x1A, 0xD0, 0xB8, 0x00, 0x1B, 0xD0, 0xB8, 0x00, 0x05, 0x10,
0xB8, 0x00, 0x1C, 0xD0, 0xB8, 0x00, 0x04, 0x10, 0xB8, 0x00, 0x1D, 0xD0,
0xB8, 0x00, 0x02, 0x10, 0xB8, 0x00, 0x1E, 0xD0, 0xB8, 0x00, 0x1F, 0xD0,
0xB8, 0x00, 0x22, 0xD0, 0xB8, 0x00, 0x23, 0xD0, 0x30, 0x31, 0x11, 0x21,
0x11, 0x21, 0x11, 0x21, 0x11, 0x21, 0x11, 0x21, 0x11, 0x21, 0x11, 0x21,
0x11, 0x21, 0x11, 0x21, 0x11, 0x21, 0x11, 0x21, 0x11, 0x21, 0x11, 0x21,
0x11, 0x21, 0x11, 0x21, 0x11, 0x21, 0x11, 0x21, 0x11, 0x21, 0x02, 0x00,
0x03, 0x00, 0xFF, 0x00, 0xFE, 0x00, 0xFF, 0x00, 0xFF, 0x00, 0x01, 0x00,
0x05, 0x00, 0x01, 0x00, 0xFE, 0x00, 0xFD, 0x00, 0x01, 0x00, 0x02, 0x00,
0x01, 0x00, 0x01, 0x00, 0xFF, 0x00, 0xFB, 0x00, 0xFF, 0x00, 0x03, 0x00,
0xFE, 0x00, 0x03, 0x00, 0x01, 0x00, 0x01, 0x00, 0x01, 0x00, 0x02, 0x00,
0x01, 0x00, 0xFF, 0x00, 0xFE, 0x00, 0x02, 0x00, 0xFE, 0x00, 0xFF, 0x00,
0xFF, 0x00, 0xFF, 0x00, 0xFD, 0x00, 0xFF, 0x00, 0x01, 0x00, 0x00, 0x00,
0x00, 0x01, 0x01, 0x00, 0x00, 0x00, 0x07, 0x00, 0x0A, 0x00, 0x00, 0x0F,
0x00, 0x81, 0xBA, 0x00, 0x04, 0x00, 0x05, 0x00, 0x03, 0x2B, 0xBA, 0x00,
0x0C, 0x00, 0x01, 0x00, 0x03, 0x2B, 0xBA, 0x00, 0x08, 0x00, 0x09, 0x00,
0x03, 0x2B, 0xB8, 0x00, 0x04, 0x10, 0xB8, 0x00, 0x00, 0xD0, 0xB8, 0x00,
0x09, 0x10, 0xB8, 0x00, 0x0D, 0xD0, 0x00, 0xB8, 0x00, 0x00, 0x45, 0x58,
0xB8, 0x00, 0x06, 0x2F, 0x1B, 0xB9, 0x00, 0x06, 0x00, 0x07, 0x3E, 0x59,
0xB8, 0x00, 0x00, 0x45, 0x58, 0xB8, 0x00, 0x0E, 0x2F, 0x1B, 0xB9, 0x00,
0x0E, 0x00, 0x01, 0x3E, 0x59, 0xB8, 0x00, 0x00, 0xDC, 0xB8, 0x00, 0x06,
0x10, 0xB8, 0x00, 0x02, 0xDC, 0xB8, 0x00, 0x06, 0x10, 0xB8, 0x00, 0x04,
0xDC, 0xB8, 0x00, 0x08, 0xD0, 0xB8, 0x00, 0x09, 0xD0, 0xB8, 0x00, 0x02,
0x10, 0xB8, 0x00, 0x0A, 0xD0, 0xB8, 0x00, 0x0B, 0xD0, 0xB8, 0x00, 0x00,
0x10, 0xB8, 0x00, 0x0C, 0xD0, 0xB8, 0x00, 0x0D, 0xD0, 0x30, 0x31, 0x01,
0x21, 0x11, 0x21, 0x11, 0x21, 0x11, 0x21, 0x11, 0x21, 0x11, 0x21, 0x11,
0x21, 0x11, 0x21, 0x02, 0x00, 0x01, 0x00, 0xFF, 0x00, 0xFF, 0x00, 0x06,
0x00, 0xFF, 0x00, 0xFF, 0x00, 0x01, 0x00, 0xFC, 0x00, 0x01, 0x00, 0x07,
0x00, 0xFF, 0x00, 0x03, 0x00, 0xFD, 0x00, 0x01, 0x00, 0xF9, 0x00, 0xFF,
0x00, 0x00, 0x00, 0x00, 0x00, 0x01, 0x00, 0x00, 0x00, 0x00, 0x07, 0x00,
0x0A, 0x00, 0x00, 0x0B, 0x00, 0x6A, 0xB8, 0x00, 0x0C, 0x2F, 0xB8, 0x00,
0x03, 0x2F, 0xB8, 0x00, 0x0C, 0x10, 0xB8, 0x00, 0x00, 0xD0, 0xB8, 0x00,
0x00, 0x2F, 0xB8, 0x00, 0x01, 0xDC, 0xB8, 0x00, 0x03, 0x10, 0xB8, 0x00,
0x06, 0xDC, 0x00, 0xB8, 0x00, 0x00, 0x45, 0x58, 0xB8, 0x00, 0x00, 0x2F,
0x1B, 0xB9, 0x00, 0x00, 0x00, 0x07, 0x3E, 0x59, 0xB8, 0x00, 0x00, 0x45,
0x58, 0xB8, 0x00, 0x04, 0x2F, 0x1B, 0xB9, 0x00, 0x04, 0x00, 0x07, 0x3E,
0x59, 0xB8, 0x00, 0x00, 0x45, 0x58, 0xB8, 0x00, 0x08, 0x2F, 0x1B, 0xB9,
0x00, 0x08, 0x00, 0x01, 0x3E, 0x59, 0xB8, 0x00, 0x02, 0xDC, 0xB8, 0x00,
0x06, 0xD0, 0xB8, 0x00, 0x07, 0xD0, 0xB8, 0x00, 0x0A, 0xD0, 0xB8, 0x00,
0x0B, 0xD0, 0x30, 0x31, 0x11, 0x21, 0x11, 0x21, 0x11, 0x21, 0x11, 0x21,
0x11, 0x21, 0x11, 0x21, 0x02, 0x00, 0x03, 0x00, 0x02, 0x00, 0xFF, 0x00,
0xFB, 0x00, 0xFF, 0x00, 0x0A, 0x00, 0xF7, 0x00, 0x09, 0x00, 0xF7, 0x00,
0xFF, 0x00, 0x01, 0x00, 0x00, 0x01, 0x00, 0x00, 0x00, 0x00, 0x07, 0x00,
0x0A, 0x00, 0x00, 0x17, 0x00, 0xCA, 0xBA, 0x00, 0x08, 0x00, 0x05, 0x00,
0x03, 0x2B, 0xBA, 0x00, 0x0A, 0x00, 0x03, 0x00, 0x03, 0x2B, 0xBA, 0x00,
0x10, 0x00, 0x0D, 0x00, 0x03, 0x2B, 0xB8, 0x00, 0x0A, 0x10, 0xB8, 0x00,
0x00, 0xD0, 0xB8, 0x00, 0x08, 0x10, 0xB8, 0x00, 0x01, 0xD0, 0xB8, 0x00,
0x0A, 0x10, 0xB8, 0x00, 0x15, 0xDC, 0xB8, 0x00, 0x0B, 0xD0, 0xB8, 0x00,
0x15, 0x10, 0xB8, 0x00, 0x12, 0xDC, 0xB8, 0x00, 0x0D, 0x10, 0xB8, 0x00,
0x13, 0xD0, 0xB8, 0x00, 0x0B, 0x10, 0xB8, 0x00, 0x16, 0xD0, 0x00, 0xB8,
0x00, 0x00, 0x45, 0x58, 0xB8, 0x00, 0x06, 0x2F, 0x1B, 0xB9, 0x00, 0x06,
0x00, 0x07, 0x3E, 0x59, 0xB8, 0x00, 0x00, 0x45, 0x58, 0xB8, 0x00, 0x0E,
0x2F, 0x1B, 0xB9, 0x00, 0x0E, 0x00, 0x07, 0x3E, 0x59, 0xB8, 0x00, 0x00,
0x45, 0x58, 0xB8, 0x00, 0x16, 0x2F, 0x1B, 0xB9, 0x00, 0x16, 0x00, 0x01,
0x3E, 0x59, 0xBA, 0x00, 0x09, 0x00, 0x00, 0x00, 0x03, 0x2B, 0xB8, 0x00,
0x16, 0x10, 0xB8, 0x00, 0x02, 0xDC, 0xB8, 0x00, 0x09, 0x10, 0xB8, 0x00,
0x04, 0xD0, 0xB8, 0x00, 0x02, 0x10, 0xB8, 0x00, 0x0A, 0xD0, 0xB8, 0x00,
0x0B, 0xD0, 0xB8, 0x00, 0x09, 0x10, 0xB8, 0x00, 0x0C, 0xD0, 0xB8, 0x00,
0x09, 0x10, 0xB8, 0x00, 0x10, 0xD0, 0xB8, 0x00, 0x0B, 0x10, 0xB8, 0x00,
0x12, 0xD0, 0xB8, 0x00, 0x13, 0xD0, 0xB8, 0x00, 0x00, 0x10, 0xB8, 0x00,
0x14, 0xD0, 0x30, 0x31, 0x01, 0x21, 0x11, 0x21, 0x11, 0x21, 0x11, 0x21,
0x11, 0x21, 0x11, 0x21, 0x11, 0x21, 0x11, 0x21, 0x11, 0x21, 0x11, 0x21,
0x11, 0x21, 0x11, 0x21, 0x03, 0x00, 0xFF, 0x00, 0xFF, 0x00, 0xFF, 0x00,
0x02, 0x00, 0x01, 0x00, 0x01, 0x00, 0x01, 0x00, 0x02, 0x00, 0xFF, 0x00,
0xFF, 0x00, 0xFF, 0x00, 0xFF, 0x00, 0x01, 0x00, 0x01, 0x00, 0x01, 0x00,
0x07, 0x00, 0xF9, 0x00, 0xFF, 0x00, 0x01, 0x00, 0x07, 0x00, 0xF9, 0x00,
0xFF, 0x00, 0xFF, 0x00, 0xFF, 0x00, 0x00, 0x00, 0x00, 0x01, 0x00, 0x00,
0x00, 0x00, 0x07, 0x00, 0x0A, 0x00, 0x00, 0x13, 0x00, 0x8B, 0xBA, 0x00,
0x06, 0x00, 0x03, 0x00, 0x03, 0x2B, 0xBA, 0x00, 0x00, 0x00, 0x01, 0x00,
0x03, 0x2B, 0xBA, 0x00, 0x0E, 0x00, 0x0B, 0x00, 0x03, 0x2B, 0xB8, 0x00,
0x00, 0x10, 0xB8, 0x00, 0x07, 0xD0, 0xB8, 0x00, 0x00, 0x10, 0xB8, 0x00,
0x11, 0xDC, 0xB8, 0x00, 0x09, 0xD0, 0xB8, 0x00, 0x11, 0x10, 0xB8, 0x00,
0x0F, 0xDC, 0x00, 0xB8, 0x00, 0x00, 0x45, 0x58, 0xB8, 0x00, 0x04, 0x2F,
0x1B, 0xB9, 0x00, 0x04, 0x00, 0x07, 0x3E, 0x59, 0xB8, 0x00, 0x00, 0x45,
0x58, 0xB8, 0x00, 0x0C, 0x2F, 0x1B, 0xB9, 0x00, 0x0C, 0x00, 0x07, 0x3E,
0x59, 0xB8, 0x00, 0x00, 0x45, 0x58, 0xB8, 0x00, 0x00, 0x2F, 0x1B, 0xB9,
0x00, 0x00, 0x00, 0x01, 0x3E, 0x59, 0xB8, 0x00, 0x00, 0x45, 0x58, 0xB8,
0x00, 0x10, 0x2F, 0x1B, 0xB9, 0x00, 0x10, 0x00, 0x01, 0x3E, 0x59, 0xB8,
0x00, 0x00, 0x10, 0xB8, 0x00, 0x06, 0xDC, 0xB8, 0x00, 0x0A, 0xD0, 0xB8,
0x00, 0x0B, 0xD0, 0x30, 0x31, 0x29, 0x01, 0x11, 0x21, 0x11, 0x21, 0x11,
0x21, 0x11, 0x21, 0x11, 0x21, 0x11, 0x21, 0x11, 0x21, 0x11, 0x21, 0x11,
0x21, 0x03, 0x00, 0xFE, 0x00, 0xFF, 0x00, 0x02, 0x00, 0x01, 0x00, 0x01,
0x00, 0x01, 0x00, 0x02, 0x00, 0xFF, 0x00, 0xFE, 0x00, 0xFF, 0x00, 0x01,
0x00, 0x09, 0x00, 0xF9, 0x00, 0x03, 0x00, 0xFD, 0x00, 0x07, 0x00, 0xF7,
0x00, 0xFF, 0x00, 0x02, 0x00, 0x00, 0x00, 0x00, 0x00, 0x01, 0x00, 0x00,
0x00, 0x00, 0x07, 0x00, 0x0A, 0x00, 0x00, 0x23, 0x01, 0x4C, 0xBA, 0x00,
0x06, 0x00, 0x03, 0x00, 0x03, 0x2B, 0xBA, 0x00, 0x08, 0x00, 0x01, 0x00,
0x03, 0x2B, 0xBA, 0x00, 0x0F, 0x00, 0x0A, 0x00, 0x03, 0x2B, 0xB8, 0x00,
0x06, 0x10, 0xB8, 0x00, 0x00, 0xD0, 0xB8, 0x00, 0x06, 0x10, 0xB8, 0x00,
0x11, 0xDC, 0xB8, 0x00, 0x0B, 0xD0, 0xB8, 0x00, 0x11, 0x10, 0xB8, 0x00,
0x0E, 0xDC, 0xB8, 0x00, 0x0B, 0x10, 0xB8, 0x00, 0x12, 0xD0, 0xB8, 0x00,
0x0F, 0x10, 0xB8, 0x00, 0x13, 0xD0, 0xB8, 0x00, 0x0E, 0x10, 0xB8, 0x00,
0x15, 0xD0, 0xB8, 0x00, 0x11, 0x10, 0xB8, 0x00, 0x17, 0xD0, 0xB8, 0x00,
0x0B, 0x10, 0xB8, 0x00, 0x18, 0xD0, 0xB8, 0x00, 0x0A, 0x10, 0xB8, 0x00,
0x19, 0xD0, 0xB8, 0x00, 0x08, 0x10, 0xB8, 0x00, 0x1B, 0xD0, 0xB8, 0x00,
0x06, 0x10, 0xB8, 0x00, 0x1D, 0xD0, 0xB8, 0x00, 0x00, 0x10, 0xB8, 0x00,
0x1E, 0xD0, 0xB8, 0x00, 0x03, 0x10, 0xB8, 0x00, 0x1F, 0xD0, 0xB8, 0x00,
0x01, 0x10, 0xB8, 0x00, 0x21, 0xD0, 0x00, 0xB8, 0x00, 0x00, 0x45, 0x58,
0xB8, 0x00, 0x08, 0x2F, 0x1B, 0xB9, 0x00, 0x08, 0x00, 0x05, 0x3E, 0x59,
0xB8, 0x00, 0x00, 0x45, 0x58, 0xB8, 0x00, 0x04, 0x2F, 0x1B, 0xB9, 0x00,
0x04, 0x00, 0x07, 0x3E, 0x59, 0xB8, 0x00, 0x00, 0x45, 0x58, 0xB8, 0x00,
0x0C, 0x2F, 0x1B, 0xB9, 0x00, 0x0C, 0x00, 0x07, 0x3E, 0x59, 0xB8, 0x00,
0x00, 0x45, 0x58, 0xB8, 0x00, 0x16, 0x2F, 0x1B, 0xB9, 0x00, 0x16, 0x00,
0x01, 0x3E, 0x59, 0xB8, 0x00, 0x00, 0x45, 0x58, 0xB8, 0x00, 0x1E, 0x2F,
0x1B, 0xB9, 0x00, 0x1E, 0x00, 0x01, 0x3E, 0x59, 0xB8, 0x00, 0x04, 0x10,
0xB8, 0x00, 0x00, 0xDC, 0xB8, 0x00, 0x04, 0x10, 0xB8, 0x00, 0x02, 0xDC,
0xB8, 0x00, 0x06, 0xD0, 0xB8, 0x00, 0x07, 0xD0, 0xB8, 0x00, 0x0A, 0xD0,
0xB8, 0x00, 0x0B, 0xD0, 0xB8, 0x00, 0x0E, 0xD0, 0xB8, 0x00, 0x0F, 0xD0,
0xB8, 0x00, 0x00, 0x10, 0xB8, 0x00, 0x10, 0xD0, 0xB8, 0x00, 0x11, 0xD0,
0xB8, 0x00, 0x16, 0x10, 0xB8, 0x00, 0x12, 0xDC, 0xB8, 0x00, 0x16, 0x10,
0xB8, 0x00, 0x14, 0xDC, 0xB8, 0x00, 0x18, 0xD0, 0xB8, 0x00, 0x19, 0xD0,
0xB8, 0x00, 0x1C, 0xD0, 0xB8, 0x00, 0x1D, 0xD0, 0xB8, 0x00, 0x20, 0xD0,
0xB8, 0x00, 0x21, 0xD0, 0xB8, 0x00, 0x12, 0x10, 0xB8, 0x00, 0x22, 0xD0,
0xB8, 0x00, 0x23, 0xD0, 0x30, 0x31, 0x01, 0x21, 0x11, 0x21, 0x11, 0x21,
0x11, 0x21, 0x11, 0x21, 0x11, 0x21, 0x11, 0x21, 0x11, 0x21, 0x11, 0x21,
0x11, 0x21, 0x11, 0x21, 0x11, 0x21, 0x11, 0x21, 0x11, 0x21, 0x11, 0x21,
0x11, 0x21, 0x11, 0x21, 0x11, 0x21, 0x02, 0x00, 0xFF, 0x00, 0xFF, 0x00,
0x02, 0x00, 0x01, 0x00, 0x01, 0x00, 0x01, 0x00, 0x02, 0x00, 0xFF, 0x00,
0xFF, 0x00, 0x01, 0x00, 0x01, 0x00, 0xFE, 0x00, 0xFF, 0x00, 0xFF, 0x00,
0xFF, 0x00, 0xFE, 0x00, 0x01, 0x00, 0x01, 0x00, 0x06, 0x00, 0x02, 0x00,
0x02, 0x00, 0xFE, 0x00, 0xFF, 0x00, 0x01, 0x00, 0x02, 0x00, 0xFE, 0x00,
0xFE, 0x00, 0xFE, 0x00, 0xFE, 0x00, 0xFE, 0x00, 0x02, 0x00, 0x01, 0x00,
0xFF, 0x00, 0xFE, 0x00, 0x02, 0x00, 0x02, 0x00, 0x00, 0x01, 0x01, 0x00,
0x00, 0x00, 0x07, 0x00, 0x0A, 0x00, 0x00, 0x13, 0x00, 0xA2, 0xBA, 0x00,
0x08, 0x00, 0x05, 0x00, 0x03, 0x2B, 0xBA, 0x00, 0x11, 0x00, 0x00, 0x00,
0x03, 0x2B, 0xB8, 0x00, 0x08, 0x10, 0xB8, 0x00, 0x01, 0xD0, 0xB8, 0x00,
0x00, 0x10, 0xB8, 0x00, 0x03, 0xD0, 0xB8, 0x00, 0x08, 0x10, 0xB8, 0x00,
0x10, 0xDC, 0xB8, 0x00, 0x09, 0xD0, 0xB8, 0x00, 0x10, 0x10, 0xB8, 0x00,
0x0C, 0xDC, 0xB8, 0x00, 0x11, 0x10, 0xB8, 0x00, 0x0D, 0xD0, 0xB8, 0x00,
0x09, 0x10, 0xB8, 0x00, 0x0F, 0xD0, 0x00, 0xB8, 0x00, 0x00, 0x45, 0x58,
0xB8, 0x00, 0x06, 0x2F, 0x1B, 0xB9, 0x00, 0x06, 0x00, 0x07, 0x3E, 0x59,
0xB8, 0x00, 0x00, 0x45, 0x58, 0xB8, 0x00, 0x0A, 0x2F, 0x1B, 0xB9, 0x00,
0x0A, 0x00, 0x07, 0x3E, 0x59, 0xB8, 0x00, 0x00, 0x45, 0x58, 0xB8, 0x00,
0x12, 0x2F, 0x1B, 0xB9, 0x00, 0x12, 0x00, 0x01, 0x3E, 0x59, 0xB8, 0x00,
0x00, 0xDC, 0xB8, 0x00, 0x06, 0x10, 0xB8, 0x00, 0x04, 0xDC, 0xB8, 0x00,
0x08, 0xD0, 0xB8, 0x00, 0x09, 0xD0, 0xB8, 0x00, 0x0C, 0xD0, 0xB8, 0x00,
0x0D, 0xD0, 0xB8, 0x00, 0x00, 0x10, 0xB8, 0x00, 0x10, 0xD0, 0xB8, 0x00,
0x11, 0xD0, 0x30, 0x31, 0x01, 0x21, 0x11, 0x21, 0x11, 0x21, 0x11, 0x21,
0x11, 0x21, 0x11, 0x21, 0x11, 0x21, 0x11, 0x21, 0x11, 0x21, 0x11, 0x21,
0x02, 0x00, 0x01, 0x00, 0xFF, 0x00, 0xFF, 0x00, 0x02, 0x00, 0x02, 0x00,
0x02, 0x00, 0xFF, 0x00, 0xFF, 0x00, 0x01, 0x00, 0xFC, 0x00, 0x01, 0x00,
0x04, 0x00, 0x01, 0x00, 0x04, 0x00, 0xFC, 0x00, 0x04, 0x00, 0xFC, 0x00,
0xFF, 0x00, 0xFC, 0x00, 0xFF, 0x00, 0x00, 0x00, 0x00, 0x01, 0x00, 0x00,
0x00, 0x00, 0x07, 0x00, 0x0A, 0x00, 0x00, 0x23, 0x01, 0x5A, 0xBA, 0x00,
0x01, 0x00, 0x00, 0x00, 0x03, 0x2B, 0xBA, 0x00, 0x18, 0x00, 0x03, 0x00,
0x03, 0x2B, 0xB8, 0x00, 0x01, 0x10, 0xB8, 0x00, 0x1A, 0xDC, 0xB8, 0x00,
0x05, 0xD0, 0xB8, 0x00, 0x18, 0x10, 0xB8, 0x00, 0x07, 0xD0, 0xB8, 0x00,
0x1A, 0x10, 0xB8, 0x00, 0x16, 0xDC, 0xB8, 0x00, 0x09, 0xD0, 0xB8, 0x00,
0x03, 0x10, 0xB8, 0x00, 0x0B, 0xD0, 0xB8, 0x00, 0x01, 0x10, 0xB8, 0x00,
0x0D, 0xD0, 0xB8, 0x00, 0x00, 0x10, 0xB8, 0x00, 0x0F, 0xD0, 0xB8, 0x00,
0x16, 0x10, 0xB8, 0x00, 0x12, 0xDC, 0xB8, 0x00, 0x18, 0x10, 0xB8, 0x00,
0x14, 0xDC, 0xB8, 0x00, 0x09, 0x10, 0xB8, 0x00, 0x15, 0xD0, 0xB8, 0x00,
0x05, 0x10, 0xB8, 0x00, 0x19, 0xD0, 0xB8, 0x00, 0x03, 0x10, 0xB8, 0x00,
0x1B, 0xD0, 0xB8, 0x00, 0x16, 0x10, 0xB8, 0x00, 0x1D, 0xD0, 0xB8, 0x00,
0x09, 0x10, 0xB8, 0x00, 0x1E, 0xD0, 0xB8, 0x00, 0x14, 0x10, 0xB8, 0x00,
0x1F, 0xD0, 0xB8, 0x00, 0x12, 0x10, 0xB8, 0x00, 0x21, 0xD0, 0x00, 0xB8,
0x00, 0x00, 0x45, 0x58, 0xB8, 0x00, 0x10, 0x2F, 0x1B, 0xB9, 0x00, 0x10,
0x00, 0x07, 0x3E, 0x59, 0xB8, 0x00, 0x00, 0x45, 0x58, 0xB8, 0x00, 0x09,
0x2F, 0x1B, 0xB9, 0x00, 0x09, 0x00, 0x05, 0x3E, 0x59, 0xB8, 0x00, 0x00,
0x45, 0x58, 0xB8, 0x00, 0x22, 0x2F, 0x1B, 0xB9, 0x00, 0x22, 0x00, 0x01,
0x3E, 0x59, 0xB8, 0x00, 0x00, 0xDC, 0xB8, 0x00, 0x1A, 0xD0, 0xB8, 0x00,
0x1B, 0xD0, 0xB8, 0x00, 0x01, 0xD0, 0xB8, 0x00, 0x22, 0x10, 0xB8, 0x00,
0x02, 0xDC, 0xB8, 0x00, 0x18, 0xD0, 0xB8, 0x00, 0x19, 0xD0, 0xB8, 0x00,
0x03, 0xD0, 0xB8, 0x00, 0x09, 0x10, 0xB8, 0x00, 0x04, 0xDC, 0xB8, 0x00,
0x10, 0x10, 0xB8, 0x00, 0x06, 0xDC, 0xB8, 0x00, 0x10, 0x10, 0xB8, 0x00,
0x08, 0xDC, 0xB8, 0x00, 0x10, 0x10, 0xB8, 0x00, 0x0A, 0xDC, 0xB8, 0x00,
0x10, 0x10, 0xB8, 0x00, 0x0C, 0xDC, 0xB8, 0x00, 0x08, 0x10, 0xB8, 0x00,
0x0E, 0xD0, 0xB8, 0x00, 0x0F, 0xD0, 0xB8, 0x00, 0x12, 0xD0, 0xB8, 0x00,
0x13, 0xD0, 0xB8, 0x00, 0x06, 0x10, 0xB8, 0x00, 0x14, 0xD0, 0xB8, 0x00,
0x15, 0xD0, 0xB8, 0x00, 0x04, 0x10, 0xB8, 0x00, 0x16, 0xD0, 0xB8, 0x00,
0x17, 0xD0, 0xB8, 0x00, 0x22, 0x10, 0xB8, 0x00, 0x1C, 0xDC, 0xB8, 0x00,
0x22, 0x10, 0xB8, 0x00, 0x1E, 0xDC, 0xB8, 0x00, 0x1B, 0x10, 0xB8, 0x00,
0x20, 0xD0, 0xB8, 0x00, 0x21, 0xD0, 0x30, 0x31, 0x11, 0x21, 0x11, 0x21,
0x11, 0x21, 0x11, 0x21, 0x11, 0x21, 0x11, 0x21, 0x11, 0x21, 0x11, 0x21,
0x11, 0x21, 0x11, 0x21, 0x11, 0x21, 0x11, 0x21, 0x11, 0x21, 0x11, 0x21,
0x11, 0x21, 0x11, 0x21, 0x11, 0x21, 0x11, 0x21, 0x01, 0x00, 0x01, 0x00,
0x01, 0x00, 0x01, 0x00, 0x01, 0x00, 0xFD, 0x00, 0xFF, 0x00, 0xFF, 0x00,
0x07, 0x00, 0xFF, 0x00, 0xFF, 0x00, 0xFF, 0x00, 0xFF, 0x00, 0xFF, 0x00,
0x03, 0x00, 0x01, 0x00, 0x01, 0x00, 0xF9, 0x00, 0x03, 0x00, 0x01, 0x00,
0x01, 0x00, 0x01, 0x00, 0x01, 0x00, 0x02, 0x00, 0xFF, 0x00, 0xFF, 0x00,
0x03, 0x00, 0xFD, 0x00, 0xFF, 0x00, 0xFF, 0x00, 0xFF, 0x00, 0xFF, 0x00,
0xFE, 0x00, 0x01, 0x00, 0x01, 0x00, 0xFD, 0x00, 0x00, 0x01, 0x02, 0x00,
0x00, 0x00, 0x06, 0x00, 0x0A, 0x00, 0x00, 0x07, 0x00, 0x45, 0xBA, 0x00,
0x00, 0x00, 0x03, 0x00, 0x03, 0x2B, 0xB8, 0x00, 0x03, 0x10, 0xB8, 0x00,
0x02, 0xDC, 0xB8, 0x00, 0x05, 0xD0, 0x00, 0xB8, 0x00, 0x00, 0x45, 0x58,
0xB8, 0x00, 0x04, 0x2F, 0x1B, 0xB9, 0x00, 0x04, 0x00, 0x07, 0x3E, 0x59,
0xB8, 0x00, 0x00, 0x45, 0x58, 0xB8, 0x00, 0x02, 0x2F, 0x1B, 0xB9, 0x00,
0x02, 0x00, 0x01, 0x3E, 0x59, 0xB8, 0x00, 0x00, 0xDC, 0xB8, 0x00, 0x04,
0x10, 0xB8, 0x00, 0x06, 0xDC, 0x30, 0x31, 0x01, 0x21, 0x11, 0x21, 0x11,
0x21, 0x11, 0x21, 0x04, 0x00, 0x02, 0x00, 0xFC, 0x00, 0x04, 0x00, 0xFE,
0x00, 0x01, 0x00, 0xFF, 0x00, 0x0A, 0x00, 0xFF, 0x00, 0x00, 0x00, 0x00,
0x00, 0x01, 0x00, 0x00, 0x00, 0x00, 0x07, 0x00, 0x09, 0x00, 0x00, 0x1B,
0x00, 0x81, 0xBA, 0x00, 0x0A, 0x00, 0x0B, 0x00, 0x03, 0x2B, 0xBA, 0x00,
0x19, 0x00, 0x04, 0x00, 0x03, 0x2B, 0xB8, 0x00, 0x19, 0x10, 0xB8, 0x00,
0x01, 0xDC, 0xB8, 0x00, 0x0B, 0x10, 0xB8, 0x00, 0x12, 0xDC, 0xB8, 0x00,
0x05, 0xD0, 0xB8, 0x00, 0x0B, 0x10, 0xB8, 0x00, 0x08, 0xDC, 0xB8, 0x00,
0x0A, 0x10, 0xB8, 0x00, 0x0D, 0xD0, 0xB8, 0x00, 0x08, 0x10, 0xB8, 0x00,
0x0F, 0xD0, 0xB8, 0x00, 0x04, 0x10, 0xB8, 0x00, 0x13, 0xD0, 0xB8, 0x00,
0x01, 0x10, 0xB8, 0x00, 0x15, 0xD0, 0xB8, 0x00, 0x19, 0x10, 0xB8, 0x00,
0x1B, 0xDC, 0xB8, 0x00, 0x17, 0xD0, 0x00, 0xB8, 0x00, 0x0C, 0x2F, 0xB8,
0x00, 0x00, 0x45, 0x58, 0xB8, 0x00, 0x10, 0x2F, 0x1B, 0xB9, 0x00, 0x10,
0x00, 0x05, 0x3E, 0x59, 0xB8, 0x00, 0x00, 0x45, 0x58, 0xB8, 0x00, 0x1A,
0x2F, 0x1B, 0xB9, 0x00, 0x1A, 0x00, 0x01, 0x3E, 0x59, 0x30, 0x31, 0x01,
0x21, 0x11, 0x21, 0x11, 0x21, 0x11, 0x21, 0x11, 0x21, 0x11, 0x21, 0x11,
0x21, 0x11, 0x21, 0x11, 0x21, 0x11, 0x21, 0x11, 0x21, 0x11, 0x21, 0x11,
0x21, 0x11, 0x21, 0x06, 0x00, 0xFF, 0x00, 0xFF, 0x00, 0xFF, 0x00, 0xFF,
0x00, 0xFF, 0x00, 0xFF, 0x00, 0x01, 0x00, 0x01, 0x00, 0x01, 0x00, 0x01,
0x00, 0x01, 0x00, 0x01, 0x00, 0x01, 0x00, 0xFF, 0x00, 0x01, 0x00, 0x01,
0x00, 0x01, 0x00, 0x01, 0x00, 0x01, 0x00, 0x01, 0x00, 0x03, 0x00, 0xFF,
0x00, 0xFF, 0x00, 0xFF, 0x00, 0xFF, 0x00, 0xFF, 0x00, 0xFF, 0x00, 0xFD,
0x00, 0x00, 0x00, 0x00, 0x00, 0x01, 0x02, 0x00, 0x00, 0x00, 0x06, 0x00,
0x0A, 0x00, 0x00, 0x07, 0x00, 0x49, 0xBA, 0x00, 0x06, 0x00, 0x07, 0x00,
0x03, 0x2B, 0xB8, 0x00, 0x06, 0x10, 0xB8, 0x00, 0x01, 0xDC, 0xB8, 0x00,
0x07, 0x10, 0xB8, 0x00, 0x03, 0xD0, 0x00, 0xB8, 0x00, 0x00, 0x45, 0x58,
0xB8, 0x00, 0x04, 0x2F, 0x1B, 0xB9, 0x00, 0x04, 0x00, 0x07, 0x3E, 0x59,
0xB8, 0x00, 0x00, 0x45, 0x58, 0xB8, 0x00, 0x06, 0x2F, 0x1B, 0xB9, 0x00,
0x06, 0x00, 0x01, 0x3E, 0x59, 0xB8, 0x00, 0x00, 0xDC, 0xB8, 0x00, 0x04,
0x10, 0xB8, 0x00, 0x02, 0xDC, 0x30, 0x31, 0x01, 0x21, 0x11, 0x21, 0x11,
0x21, 0x11, 0x21, 0x02, 0x00, 0x02, 0x00, 0xFE, 0x00, 0x04, 0x00, 0xFC,
0x00, 0x01, 0x00, 0x08, 0x00, 0x01, 0x00, 0xF6, 0x00, 0x00, 0x00, 0x00,
0x00, 0x01, 0x00, 0x00, 0x08, 0x00, 0x07, 0x00, 0x0C, 0x00, 0x00, 0x17,
0x00, 0xF2, 0xBA, 0x00, 0x04, 0x00, 0x05, 0x00, 0x03, 0x2B, 0xBA, 0x00,
0x02, 0x00, 0x07, 0x00, 0x03, 0x2B, 0xBA, 0x00, 0x13, 0x00, 0x16, 0x00,
0x03, 0x2B, 0xB8, 0x00, 0x02, 0x10, 0xB8, 0x00, 0x00, 0xDC, 0xB8, 0x00,
0x04, 0x10, 0xB8, 0x00, 0x09, 0xD0, 0xB8, 0x00, 0x02, 0x10, 0xB8, 0x00,
0x0B, 0xD0, 0xB8, 0x00, 0x01, 0x10, 0xB8, 0x00, 0x0C, 0xD0, 0xB8, 0x00,
0x00, 0x10, 0xB8, 0x00, 0x0D, 0xD0, 0xB8, 0x00, 0x16, 0x10, 0xB8, 0x00,
0x0F, 0xD0, 0xB8, 0x00, 0x00, 0x10, 0xB8, 0x00, 0x11, 0xDC, 0x00, 0xB8,
0x00, 0x00, 0x45, 0x58, 0xB8, 0x00, 0x00, 0x2F, 0x1B, 0xB9, 0x00, 0x00,
0x00, 0x07, 0x3E, 0x59, 0xB8, 0x00, 0x00, 0x45, 0x58, 0xB8, 0x00, 0x08,
0x2F, 0x1B, 0xB9, 0x00, 0x08, 0x00, 0x07, 0x3E, 0x59, 0xB8, 0x00, 0x00,
0x45, 0x58, 0xB8, 0x00, 0x10, 0x2F, 0x1B, 0xB9, 0x00, 0x10, 0x00, 0x07,
0x3E, 0x59, 0xBA, 0x00, 0x0B, 0x00, 0x02, 0x00, 0x03, 0x2B, 0xB8, 0x00,
0x08, 0x10, 0xB8, 0x00, 0x04, 0xDC, 0xB8, 0x00, 0x03, 0xDC, 0xB8, 0x00,
0x06, 0xD0, 0xB8, 0x00, 0x02, 0x10, 0xB8, 0x00, 0x07, 0xD0, 0xB8, 0x00,
0x00, 0x10, 0xB8, 0x00, 0x09, 0xD0, 0xB8, 0x00, 0x00, 0x10, 0xB8, 0x00,
0x0D, 0xDC, 0xB8, 0x00, 0x0B, 0x10, 0xB8, 0x00, 0x0E, 0xD0, 0xB8, 0x00,
0x00, 0x10, 0xB8, 0x00, 0x11, 0xD0, 0xB8, 0x00, 0x03, 0x10, 0xB8, 0x00,
0x12, 0xD0, 0xB8, 0x00, 0x02, 0x10, 0xB8, 0x00, 0x13, 0xD0, 0xB8, 0x00,
0x04, 0x10, 0xB8, 0x00, 0x14, 0xD0, 0xB8, 0x00, 0x15, 0xD0, 0xB8, 0x00,
0x03, 0x10, 0xB8, 0x00, 0x16, 0xD0, 0xB8, 0x00, 0x02, 0x10, 0xB8, 0x00,
0x17, 0xD0, 0x30, 0x31, 0x01, 0x21, 0x11, 0x21, 0x11, 0x21, 0x11, 0x21,
0x11, 0x21, 0x11, 0x21, 0x11, 0x21, 0x11, 0x21, 0x11, 0x21, 0x11, 0x21,
0x11, 0x21, 0x11, 0x21, 0x04, 0x00, 0xFF, 0x00, 0xFF, 0x00, 0xFE, 0x00,
0x01, 0x00, 0x01, 0x00, 0x01, 0x00, 0x01, 0x00, 0x01, 0x00, 0x01, 0x00,
0x01, 0x00, 0xFE, 0x00, 0xFF, 0x00, 0x0A, 0x00, 0xFF, 0x00, 0xFF, 0x00,
0x01, 0x00, 0x01, 0x00, 0x01, 0x00, 0x01, 0x00, 0xFF, 0x00, 0xFF, 0x00,
0xFF, 0x00, 0xFF, 0x00, 0x01, 0x00, 0x00, 0x00, 0x00, 0x01, 0x00, 0x00,
0xFE, 0x00, 0x08, 0x00, 0xFF, 0x00, 0x00, 0x03, 0x00, 0x0B, 0x00, 0xBA,
0x00, 0x01, 0x00, 0x02, 0x00, 0x03, 0x2B, 0x30, 0x31, 0x11, 0x21, 0x11,
0x21, 0x08, 0x00, 0xF8, 0x00, 0xFF, 0x00, 0xFF, 0x00, 0x00, 0x00, 0x00,
0x00, 0x01, 0x02, 0x00, 0x08, 0x00, 0x06, 0x00, 0x0B, 0x00, 0x00, 0x0B,
0x00, 0x71, 0xBA, 0x00, 0x06, 0x00, 0x03, 0x00, 0x03, 0x2B, 0xBA, 0x00,
0x08, 0x00, 0x01, 0x00, 0x03, 0x2B, 0xB8, 0x00, 0x06, 0x10, 0xB8, 0x00,
0x00, 0xD0, 0xB8, 0x00, 0x06, 0x10, 0xB8, 0x00, 0x09, 0xDC, 0x00, 0xB8,
0x00, 0x00, 0x45, 0x58, 0xB8, 0x00, 0x02, 0x2F, 0x1B, 0xB9, 0x00, 0x02,
0x00, 0x07, 0x3E, 0x59, 0xB8, 0x00, 0x00, 0x45, 0x58, 0xB8, 0x00, 0x06,
0x2F, 0x1B, 0xB9, 0x00, 0x06, 0x00, 0x07, 0x3E, 0x59, 0xBA, 0x00, 0x04,
0x00, 0x03, 0x00, 0x03, 0x2B, 0xB8, 0x00, 0x06, 0x10, 0xB8, 0x00, 0x0A,
0xDC, 0xB8, 0x00, 0x09, 0xDC, 0xB8, 0x00, 0x00, 0xD0, 0xB8, 0x00, 0x05,
0xDC, 0xB8, 0x00, 0x03, 0x10, 0xB8, 0x00, 0x07, 0xD0, 0xB8, 0x00, 0x00,
0x10, 0xB8, 0x00, 0x08, 0xD0, 0x30, 0x31, 0x01, 0x21, 0x11, 0x21, 0x11,
0x21, 0x11, 0x21, 0x11, 0x21, 0x11, 0x21, 0x04, 0x00, 0xFF, 0x00, 0xFF,
0x00, 0x02, 0x00, 0x01, 0x00, 0x01, 0x00, 0xFE, 0x00, 0x09, 0x00, 0x01,
0x00, 0x01, 0x00, 0xFF, 0x00, 0xFF, 0x00, 0xFF, 0x00, 0x00, 0x00, 0x00,
0x00, 0x01, 0x00, 0x00, 0x00, 0x00, 0x07, 0x00, 0x07, 0x00, 0x00, 0x18,
0x00, 0xE2, 0xBA, 0x00, 0x17, 0x00, 0x03, 0x00, 0x03, 0x2B, 0xBA, 0x00,
0x00, 0x00, 0x01, 0x00, 0x03, 0x2B, 0xBA, 0x00, 0x0F, 0x00, 0x12, 0x00,
0x03, 0x2B, 0xB8, 0x00, 0x01, 0x10, 0xB8, 0x00, 0x05, 0xD0, 0xB8, 0x00,
0x00, 0x10, 0xB8, 0x00, 0x07, 0xD0, 0xB8, 0x00, 0x18, 0x10, 0xB8, 0x00,
0x08, 0xD0, 0xB8, 0x00, 0x01, 0x10, 0xB8, 0x00, 0x09, 0xD0, 0xB8, 0x00,
0x12, 0x10, 0xB8, 0x00, 0x0B, 0xD0, 0xB8, 0x00, 0x01, 0x10, 0xB8, 0x00,
0x11, 0xDC, 0xB8, 0x00, 0x0C, 0xD0, 0xB8, 0x00, 0x00, 0x10, 0xB8, 0x00,
0x0E, 0xDC, 0xB8, 0x00, 0x00, 0x10, 0xB8, 0x00, 0x14, 0xD0, 0xB8, 0x00,
0x18, 0x10, 0xB8, 0x00, 0x15, 0xD0, 0x00, 0xB8, 0x00, 0x00, 0x45, 0x58,
0xB8, 0x00, 0x0A, 0x2F, 0x1B, 0xB9, 0x00, 0x0A, 0x00, 0x05, 0x3E, 0x59,
0xB8, 0x00, 0x00, 0x45, 0x58, 0xB8, 0x00, 0x00, 0x2F, 0x1B, 0xB9, 0x00,
0x00, 0x00, 0x01, 0x3E, 0x59, 0xB8, 0x00, 0x00, 0x45, 0x58, 0xB8, 0x00,
0x10, 0x2F, 0x1B, 0xB9, 0x00, 0x10, 0x00, 0x01, 0x3E, 0x59, 0xB8, 0x00,
0x00, 0x10, 0xB8, 0x00, 0x02, 0xDC, 0xB8, 0x00, 0x05, 0xDC, 0xB8, 0x00,
0x06, 0xDC, 0xB8, 0x00, 0x0A, 0x10, 0xB8, 0x00, 0x08, 0xDC, 0xB8, 0x00,
0x0C, 0xD0, 0xB8, 0x00, 0x0D, 0xD0, 0xB8, 0x00, 0x02, 0x10, 0xB8, 0x00,
0x0E, 0xD0, 0xB8, 0x00, 0x0F, 0xD0, 0xB8, 0x00, 0x12, 0xD0, 0xB8, 0x00,
0x13, 0xD0, 0xB8, 0x00, 0x05, 0x10, 0xB8, 0x00, 0x15, 0xD0, 0xB8, 0x00,
0x13, 0x10, 0xB8, 0x00, 0x17, 0xD0, 0xB8, 0x00, 0x18, 0xD0, 0x30, 0x31,
0x29, 0x01, 0x11, 0x21, 0x11, 0x21, 0x11, 0x21, 0x11, 0x21, 0x11, 0x21,
0x11, 0x21, 0x11, 0x21, 0x11, 0x21, 0x11, 0x23, 0x27, 0x11, 0x21, 0x11,
0x21, 0x04, 0x00, 0xFD, 0x00, 0xFF, 0x00, 0x01, 0x00, 0x03, 0x00, 0xFD,
0x00, 0x04, 0x00, 0x01, 0x00, 0x01, 0x00, 0xFE, 0x00, 0xFE, 0x02, 0xFE,
0x00, 0x02, 0x00, 0x01, 0x00, 0x03, 0x00, 0x01, 0x00, 0x01, 0x00, 0x01,
0x00, 0xFF, 0x00, 0xFB, 0x00, 0xFF, 0x00, 0x01, 0x00, 0x02, 0x02, 0xFE,
0xFD, 0x00, 0x00, 0x00, 0x00, 0x02, 0x00, 0x00, 0x00, 0x00, 0x07, 0x00,
0x0A, 0x00, 0x00, 0x05, 0x00, 0x13, 0x00, 0xB2, 0xBA, 0x00, 0x13, 0x00,
0x12, 0x00, 0x03, 0x2B, 0xBA, 0x00, 0x09, 0x00, 0x00, 0x00, 0x03, 0x2B,
0xBA, 0x00, 0x0C, 0x00, 0x03, 0x00, 0x03, 0x2B, 0xB8, 0x00, 0x13, 0x10,
0xB8, 0x00, 0x01, 0xD0, 0xB8, 0x00, 0x03, 0x10, 0xB8, 0x00, 0x07, 0xD0,
0xB8, 0x00, 0x09, 0x10, 0xB8, 0x00, 0x0D, 0xD0, 0xB8, 0x00, 0x13, 0x10,
0xB8, 0x00, 0x0F, 0xDC, 0x00, 0xB8, 0x00, 0x00, 0x45, 0x58, 0xB8, 0x00,
0x12, 0x2F, 0x1B, 0xB9, 0x00, 0x12, 0x00, 0x07, 0x3E, 0x59, 0xB8, 0x00,
0x00, 0x45, 0x58, 0xB8, 0x00, 0x06, 0x2F, 0x1B, 0xB9, 0x00, 0x06, 0x00,
0x05, 0x3E, 0x59, 0xB8, 0x00, 0x00, 0x45, 0x58, 0xB8, 0x00, 0x0E, 0x2F,
0x1B, 0xB9, 0x00, 0x0E, 0x00, 0x01, 0x3E, 0x59, 0xB8, 0x00, 0x06, 0x10,
0xB8, 0x00, 0x00, 0xDC, 0xB8, 0x00, 0x0E, 0x10, 0xB8, 0x00, 0x02, 0xDC,
0xB8, 0x00, 0x06, 0x10, 0xB8, 0x00, 0x04, 0xDC, 0xB8, 0x00, 0x00, 0x10,
0xB8, 0x00, 0x08, 0xD0, 0xB8, 0x00, 0x09, 0xD0, 0xB8, 0x00, 0x04, 0x10,
0xB8, 0x00, 0x0A, 0xD0, 0xB8, 0x00, 0x0B, 0xD0, 0xB8, 0x00, 0x02, 0x10,
0xB8, 0x00, 0x0C, 0xD0, 0xB8, 0x00, 0x0D, 0xD0, 0xB8, 0x00, 0x12, 0x10,
0xB8, 0x00, 0x10, 0xDC, 0x30, 0x31, 0x01, 0x21, 0x11, 0x21, 0x11, 0x21,
0x01, 0x21, 0x11, 0x21, 0x11, 0x21, 0x11, 0x21, 0x11, 0x21, 0x11, 0x21,
0x11, 0x21, 0x04, 0x00, 0xFF, 0x00, 0x02, 0x00, 0xFF, 0x00, 0xFF, 0x00,
0x02, 0x00, 0x01, 0x00, 0x01, 0x00, 0xFF, 0x00, 0xFB, 0x00, 0xFF, 0x00,
0x03, 0x00, 0x06, 0x00, 0xFB, 0x00, 0x04, 0x00, 0x02, 0x00, 0xFF, 0x00,
0xFF, 0x00, 0xFC, 0x00, 0xFF, 0x00, 0x09, 0x00, 0x01, 0x00, 0x00, 0x00,
0x00, 0x01, 0x00, 0x00, 0x00, 0x00, 0x07, 0x00, 0x07, 0x00, 0x00, 0x13,
0x00, 0x95, 0xB8, 0x00, 0x14, 0x2F, 0xB8, 0x00, 0x00, 0x2F, 0xB8, 0x00,
0x14, 0x10, 0xB8, 0x00, 0x0B, 0xD0, 0xB8, 0x00, 0x0B, 0x2F, 0xB8, 0x00,
0x02, 0xDC, 0xB8, 0x00, 0x00, 0x10, 0xB8, 0x00, 0x03, 0xD0, 0xB8, 0x00,
0x00, 0x10, 0xB8, 0x00, 0x11, 0xDC, 0xB8, 0x00, 0x05, 0xD0, 0x00, 0xB8,
0x00, 0x00, 0x45, 0x58, 0xB8, 0x00, 0x0E, 0x2F, 0x1B, 0xB9, 0x00, 0x0E,
0x00, 0x05, 0x3E, 0x59, 0xB8, 0x00, 0x00, 0x45, 0x58, 0xB8, 0x00, 0x08,
0x2F, 0x1B, 0xB9, 0x00, 0x08, 0x00, 0x01, 0x3E, 0x59, 0xBA, 0x00, 0x04,
0x00, 0x03, 0x00, 0x03, 0x2B, 0xB8, 0x00, 0x0E, 0x10, 0xB8, 0x00, 0x00,
0xDC, 0xB8, 0x00, 0x0C, 0xD0, 0xB8, 0x00, 0x0D, 0xD0, 0xB8, 0x00, 0x10,
0xD0, 0xB8, 0x00, 0x11, 0xD0, 0xB8, 0x00, 0x01, 0xD0, 0xB8, 0x00, 0x08,
0x10, 0xB8, 0x00, 0x02, 0xDC, 0xB8, 0x00, 0x06, 0xD0, 0xB8, 0x00, 0x07,
0xD0, 0xB8, 0x00, 0x0A, 0xD0, 0xB8, 0x00, 0x0B, 0xD0, 0xB8, 0x00, 0x11,
0x10, 0xB8, 0x00, 0x12, 0xDC, 0x30, 0x31, 0x01, 0x21, 0x11, 0x21, 0x11,
0x21, 0x11, 0x21, 0x11, 0x21, 0x11, 0x21, 0x11, 0x21, 0x11, 0x21, 0x11,
0x21, 0x11, 0x21, 0x05, 0x00, 0xFD, 0x00, 0x03, 0x00, 0x02, 0x00, 0xFF,
0x00, 0xFB, 0x00, 0xFF, 0x00, 0x01, 0x00, 0x05, 0x00, 0x01, 0x00, 0xFE,
0x00, 0x06, 0x00, 0xFB, 0x00, 0x01, 0x00, 0xFF, 0x00, 0xFF, 0x00, 0x01,
0x00, 0x05, 0x00, 0x01, 0x00, 0xFF, 0x00, 0xFF, 0x00, 0x00, 0x00, 0x00,
0x00, 0x01, 0x00, 0x00, 0x00, 0x00, 0x07, 0x00, 0x0A, 0x00, 0x00, 0x1A,
0x01, 0x0B, 0xBA, 0x00, 0x04, 0x00, 0x0A, 0x00, 0x03, 0x2B, 0xBA, 0x00,
0x02, 0x00, 0x0C, 0x00, 0x03, 0x2B, 0xBA, 0x00, 0x17, 0x00, 0x18, 0x00,
0x03, 0x2B, 0xB8, 0x00, 0x04, 0x10, 0xB8, 0x00, 0x15, 0xDC, 0xB8, 0x00,
0x11, 0xDC, 0xB8, 0x00, 0x00, 0xD0, 0xB8, 0x00, 0x11, 0x10, 0xB8, 0x00,
0x06, 0xD0, 0xB8, 0x00, 0x0C, 0x10, 0xB8, 0x00, 0x07, 0xDC, 0xB8, 0x00,
0x0C, 0x10, 0xB8, 0x00, 0x08, 0xD0, 0xB8, 0x00, 0x04, 0x10, 0xB8, 0x00,
0x0E, 0xD0, 0xB8, 0x00, 0x07, 0x10, 0xB8, 0x00, 0x10, 0xD0, 0xB8, 0x00,
0x02, 0x10, 0xB8, 0x00, 0x12, 0xD0, 0xB8, 0x00, 0x02, 0x10, 0xB8, 0x00,
0x14, 0xDC, 0xB8, 0x00, 0x07, 0x10, 0xB8, 0x00, 0x1A, 0xD0, 0x00, 0xB8,
0x00, 0x00, 0x45, 0x58, 0xB8, 0x00, 0x13, 0x2F, 0x1B, 0xB9, 0x00, 0x13,
0x00, 0x07, 0x3E, 0x59, 0xB8, 0x00, 0x00, 0x45, 0x58, 0xB8, 0x00, 0x0F,
0x2F, 0x1B, 0xB9, 0x00, 0x0F, 0x00, 0x05, 0x3E, 0x59, 0xB8, 0x00, 0x00,
0x45, 0x58, 0xB8, 0x00, 0x07, 0x2F, 0x1B, 0xB9, 0x00, 0x07, 0x00, 0x01,
0x3E, 0x59, 0xB8, 0x00, 0x00, 0x45, 0x58, 0xB8, 0x00, 0x17, 0x2F, 0x1B,
0xB9, 0x00, 0x17, 0x00, 0x01, 0x3E, 0x59, 0xB8, 0x00, 0x0F, 0x10, 0xB8,
0x00, 0x00, 0xDC, 0xB8, 0x00, 0x0F, 0x10, 0xB8, 0x00, 0x02, 0xDC, 0xB8,
0x00, 0x07, 0x10, 0xB8, 0x00, 0x04, 0xDC, 0xB8, 0x00, 0x03, 0xDC, 0xB8,
0x00, 0x04, 0x10, 0xB8, 0x00, 0x09, 0xD0, 0xB8, 0x00, 0x0A, 0xD0, 0xB8,
0x00, 0x02, 0x10, 0xB8, 0x00, 0x0B, 0xD0, 0xB8, 0x00, 0x0C, 0xD0, 0xB8,
0x00, 0x00, 0x10, 0xB8, 0x00, 0x0D, 0xD0, 0xB8, 0x00, 0x0E, 0xD0, 0xB8,
0x00, 0x13, 0x10, 0xB8, 0x00, 0x11, 0xDC, 0xB8, 0x00, 0x0A, 0x10, 0xB8,
0x00, 0x15, 0xD0, 0xB8, 0x00, 0x16, 0xD0, 0xB8, 0x00, 0x19, 0xD0, 0xB8,
0x00, 0x1A, 0xD0, 0x30, 0x31, 0x01, 0x21, 0x11, 0x21, 0x11, 0x21, 0x17,
0x15, 0x21, 0x11, 0x21, 0x11, 0x21, 0x11, 0x21, 0x11, 0x21, 0x11, 0x21,
0x11, 0x21, 0x11, 0x21, 0x11, 0x21, 0x11, 0x21, 0x04, 0x00, 0xFF, 0x00,
0xFF, 0x00, 0x01, 0xFE, 0x02, 0xFD, 0x00, 0xFF, 0x00, 0x01, 0x00, 0x01,
0x00, 0x02, 0x00, 0xFF, 0x00, 0x03, 0x00, 0x01, 0x00, 0xFE, 0x00, 0xFF,
0x00, 0x06, 0x00, 0xFF, 0x00, 0xFC, 0x00, 0x02, 0xFE, 0x01, 0x00, 0x04,
0x00, 0x01, 0x00, 0x01, 0x00, 0x02, 0x00, 0x01, 0x00, 0xF7, 0x00, 0xFF,
0x00, 0x01, 0x00, 0x00, 0x00, 0x02, 0x00, 0x00, 0x00, 0x00, 0x07, 0x00,
0x07, 0x00, 0x00, 0x03, 0x00, 0x15, 0x00, 0xA5, 0xB8, 0x00, 0x16, 0x2F,
0xB8, 0x00, 0x02, 0x2F, 0xB8, 0x00, 0x16, 0x10, 0xB8, 0x00, 0x13, 0xD0,
0xB8, 0x00, 0x13, 0x2F, 0xB8, 0x00, 0x0A, 0xDC, 0xB8, 0x00, 0x00, 0xD0,
0xB8, 0x00, 0x02, 0x10, 0xB8, 0x00, 0x07, 0xDC, 0xB8, 0x00, 0x02, 0x10,
0xB8, 0x00, 0x0B, 0xD0, 0xB8, 0x00, 0x07, 0x10, 0xB8, 0x00, 0x0D, 0xD0,
0x00, 0xB8, 0x00, 0x00, 0x45, 0x58, 0xB8, 0x00, 0x04, 0x2F, 0x1B, 0xB9,
0x00, 0x04, 0x00, 0x05, 0x3E, 0x59, 0xB8, 0x00, 0x00, 0x45, 0x58, 0xB8,
0x00, 0x10, 0x2F, 0x1B, 0xB9, 0x00, 0x10, 0x00, 0x01, 0x3E, 0x59, 0xBA,
0x00, 0x0C, 0x00, 0x0B, 0x00, 0x03, 0x2B, 0xB8, 0x00, 0x04, 0x10, 0xB8,
0x00, 0x02, 0xDC, 0xB8, 0x00, 0x06, 0xD0, 0xB8, 0x00, 0x07, 0xD0, 0xB8,
0x00, 0x08, 0xDC, 0xB8, 0x00, 0x01, 0xDC, 0xB8, 0x00, 0x07, 0x10, 0xB8,
0x00, 0x03, 0xD0, 0xB8, 0x00, 0x10, 0x10, 0xB8, 0x00, 0x0A, 0xDC, 0xB8,
0x00, 0x0E, 0xD0, 0xB8, 0x00, 0x0F, 0xD0, 0xB8, 0x00, 0x12, 0xD0, 0xB8,
0x00, 0x13, 0xD0, 0xB8, 0x00, 0x07, 0x10, 0xB8, 0x00, 0x14, 0xD0, 0xB8,
0x00, 0x15, 0xD0, 0x30, 0x31, 0x01, 0x21, 0x11, 0x21, 0x01, 0x21, 0x11,
0x21, 0x11, 0x21, 0x11, 0x21, 0x11, 0x21, 0x11, 0x21, 0x11, 0x21, 0x11,
0x21, 0x11, 0x21, 0x02, 0x00, 0x03, 0x00, 0xFD, 0x00, 0xFF, 0x00, 0x05,
0x00, 0x01, 0x00, 0xFB, 0x00, 0x03, 0x00, 0x02, 0x00, 0xFF, 0x00, 0xFB,
0x00, 0xFF, 0x00, 0x01, 0x00, 0x05, 0x00, 0x01, 0x00, 0x01, 0x00, 0xFF,
0x00, 0xFE, 0x00, 0xFD, 0x00, 0x01, 0x00, 0xFF, 0x00, 0xFF, 0x00, 0x01,
0x00, 0x05, 0x00, 0x00, 0x00, 0x01, 0x01, 0x00, 0x00, 0x00, 0x07, 0x00,
0x0A, 0x00, 0x00, 0x19, 0x00, 0xCD, 0xBA, 0x00, 0x0F, 0x00, 0x00, 0x00,
0x03, 0x2B, 0xBA, 0x00, 0x0E, 0x00, 0x01, 0x00, 0x03, 0x2B, 0xB8, 0x00,
0x0F, 0x10, 0xB8, 0x00, 0x07, 0xDC, 0xB8, 0x00, 0x06, 0xDC, 0xB8, 0x00,
0x09, 0xD0, 0xB8, 0x00, 0x0F, 0x10, 0xB8, 0x00, 0x0B, 0xD0, 0xB8, 0x00,
0x0E, 0x10, 0xB8, 0x00, 0x11, 0xD0, 0xB8, 0x00, 0x0F, 0x10, 0xB8, 0x00,
0x13, 0xD0, 0xB8, 0x00, 0x0C, 0x10, 0xB8, 0x00, 0x14, 0xD0, 0xB8, 0x00,
0x00, 0x10, 0xB8, 0x00, 0x15, 0xD0, 0xB8, 0x00, 0x01, 0x10, 0xB8, 0x00,
0x17, 0xD0, 0x00, 0xB8, 0x00, 0x00, 0x45, 0x58, 0xB8, 0x00, 0x04, 0x2F,
0x1B, 0xB9, 0x00, 0x04, 0x00, 0x07, 0x3E, 0x59, 0xB8, 0x00, 0x00, 0x45,
0x58, 0xB8, 0x00, 0x14, 0x2F, 0x1B, 0xB9, 0x00, 0x14, 0x00, 0x01, 0x3E,
0x59, 0xBA, 0x00, 0x0F, 0x00, 0x10, 0x00, 0x03, 0x2B, 0xB8, 0x00, 0x0F,
0x10, 0xB8, 0x00, 0x00, 0xD0, 0xB8, 0x00, 0x04, 0x10, 0xB8, 0x00, 0x02,
0xDC, 0xB8, 0x00, 0x06, 0xD0, 0xB8, 0x00, 0x07, 0xD0, 0xB8, 0x00, 0x03,
0xD0, 0xB8, 0x00, 0x07, 0x10, 0xB8, 0x00, 0x08, 0xDC, 0xB8, 0x00, 0x04,
0x10, 0xB8, 0x00, 0x0A, 0xDC, 0xB8, 0x00, 0x07, 0x10, 0xB8, 0x00, 0x0C,
0xD0, 0xB8, 0x00, 0x0D, 0xD0, 0xB8, 0x00, 0x14, 0x10, 0xB8, 0x00, 0x12,
0xDC, 0xB8, 0x00, 0x16, 0xD0, 0xB8, 0x00, 0x17, 0xD0, 0xB8, 0x00, 0x10,
0x10, 0xB8, 0x00, 0x18, 0xD0, 0x30, 0x31, 0x01, 0x21, 0x11, 0x21, 0x11,
0x21, 0x11, 0x21, 0x11, 0x21, 0x11, 0x21, 0x11, 0x21, 0x11, 0x21, 0x11,
0x21, 0x11, 0x21, 0x11, 0x21, 0x11, 0x21, 0x11, 0x21, 0x01, 0x00, 0x01,
0x00, 0x01, 0x00, 0x03, 0x00, 0x01, 0x00, 0xFF, 0x00, 0xFF, 0x00, 0xFF,
0x00, 0x01, 0x00, 0xFF, 0x00, 0x01, 0x00, 0xFC, 0x00, 0x01, 0x00, 0xFF,
0x00, 0x06, 0x00, 0x03, 0x00, 0x01, 0x00, 0xFF, 0x00, 0xFE, 0x00, 0x01,
0x00, 0x01, 0x00, 0xFD, 0x00, 0xFF, 0x00, 0xFC, 0x00, 0xFF, 0x00, 0x01,
0x00, 0x04, 0x00, 0x00, 0x00, 0x01, 0x00, 0x00, 0xFD, 0x00, 0x07, 0x00,
0x07, 0x00, 0x00, 0x1C, 0x01, 0x1F, 0xBA, 0x00, 0x0F, 0x00, 0x0C, 0x00,
0x03, 0x2B, 0xBA, 0x00, 0x10, 0x00, 0x0B, 0x00, 0x03, 0x2B, 0xBA, 0x00,
0x05, 0x00, 0x02, 0x00, 0x03, 0x2B, 0xB8, 0x00, 0x10, 0x10, 0xB8, 0x00,
0x00, 0xD0, 0xB8, 0x00, 0x10, 0x10, 0xB8, 0x00, 0x06, 0xDC, 0xB8, 0x00,
0x02, 0x10, 0xB8, 0x00, 0x08, 0xD0, 0xB8, 0x00, 0x0B, 0x10, 0xB8, 0x00,
0x09, 0xDC, 0xB8, 0x00, 0x0B, 0x10, 0xB8, 0x00, 0x12, 0xD0, 0xB8, 0x00,
0x0A, 0x10, 0xB8, 0x00, 0x13, 0xD0, 0xB8, 0x00, 0x0C, 0x10, 0xB8, 0x00,
0x14, 0xD0, 0xB8, 0x00, 0x0B, 0x10, 0xB8, 0x00, 0x16, 0xD0, 0xB8, 0x00,
0x0A, 0x10, 0xB8, 0x00, 0x17, 0xD0, 0xB8, 0x00, 0x10, 0x10, 0xB8, 0x00,
0x18, 0xD0, 0xB8, 0x00, 0x0F, 0x10, 0xB8, 0x00, 0x1A, 0xD0, 0xB8, 0x00,
0x19, 0x10, 0xB8, 0x00, 0x1C, 0xD0, 0x00, 0xB8, 0x00, 0x00, 0x45, 0x58,
0xB8, 0x00, 0x03, 0x2F, 0x1B, 0xB9, 0x00, 0x03, 0x00, 0x05, 0x3E, 0x59,
0xB8, 0x00, 0x00, 0x45, 0x58, 0xB8, 0x00, 0x17, 0x2F, 0x1B, 0xB9, 0x00,
0x17, 0x00, 0x05, 0x3E, 0x59, 0xB8, 0x00, 0x00, 0x45, 0x58, 0xB8, 0x00,
0x09, 0x2F, 0x1B, 0xB9, 0x00, 0x09, 0x00, 0x03, 0x3E, 0x59, 0xB8, 0x00,
0x00, 0x45, 0x58, 0xB8, 0x00, 0x11, 0x2F, 0x1B, 0xB9, 0x00, 0x11, 0x00,
0x01, 0x3E, 0x59, 0xB8, 0x00, 0x03, 0x10, 0xB8, 0x00, 0x01, 0xDC, 0xB8,
0x00, 0x05, 0xD0, 0xB8, 0x00, 0x06, 0xD0, 0xB8, 0x00, 0x09, 0x10, 0xB8,
0x00, 0x07, 0xDC, 0xB8, 0x00, 0x0B, 0xD0, 0xB8, 0x00, 0x0C, 0xD0, 0xB8,
0x00, 0x0F, 0xD0, 0xB8, 0x00, 0x08, 0xD0, 0xB8, 0x00, 0x0F, 0x10, 0xB8,
0x00, 0x0E, 0xDC, 0xB8, 0x00, 0x0F, 0x10, 0xB8, 0x00, 0x10, 0xD0, 0xB8,
0x00, 0x11, 0x10, 0xB8, 0x00, 0x13, 0xDC, 0xB8, 0x00, 0x06, 0x10, 0xB8,
0x00, 0x15, 0xD0, 0xB8, 0x00, 0x16, 0xD0, 0xB8, 0x00, 0x19, 0xD0, 0xB8,
0x00, 0x1A, 0xD0, 0xB8, 0x00, 0x13, 0x10, 0xB8, 0x00, 0x1B, 0xD0, 0xB8,
0x00, 0x1C, 0xD0, 0x30, 0x31, 0x01, 0x37, 0x33, 0x11, 0x21, 0x11, 0x21,
0x11, 0x21, 0x11, 0x21, 0x11, 0x21, 0x11, 0x21, 0x11, 0x21, 0x11, 0x21,
0x11, 0x21, 0x11, 0x21, 0x11, 0x21, 0x11, 0x21, 0x11, 0x21, 0x04, 0x00,
0x02, 0xFE, 0x02, 0x00, 0xFF, 0x00, 0xFF, 0x00, 0xFC, 0x00, 0xFF, 0x00,
0x02, 0x00, 0x02, 0x00, 0xFD, 0x00, 0xFF, 0x00, 0x01, 0x00, 0x03, 0x00,
0xFE, 0x00, 0x02, 0x00, 0x05, 0xFE, 0x02, 0x01, 0x00, 0xFF, 0x00, 0xF8,
0x00, 0xFF, 0x00, 0x01, 0x00, 0x01, 0x00, 0xFF, 0x00, 0x02, 0x00, 0x01,
0x00, 0x05, 0x00, 0x01, 0x00, 0xFF, 0x00, 0xFB, 0x00, 0x00, 0x00, 0x00,
0x00, 0x02, 0x00, 0x00, 0x00, 0x00, 0x07, 0x00, 0x0A, 0x00, 0x00, 0x07,
0x00, 0x13, 0x00, 0xBF, 0xBA, 0x00, 0x08, 0x00, 0x09, 0x00, 0x03, 0x2B,
0xBA, 0x00, 0x01, 0x00, 0x00, 0x00, 0x03, 0x2B, 0xBA, 0x00, 0x04, 0x00,
0x05, 0x00, 0x03, 0x2B, 0xB8, 0x00, 0x08, 0x10, 0xB8, 0x00, 0x0B, 0xDC,
0xB8, 0x00, 0x09, 0x10, 0xB8, 0x00, 0x0D, 0xD0, 0xB8, 0x00, 0x08, 0x10,
0xB8, 0x00, 0x0F, 0xD0, 0xB8, 0x00, 0x00, 0x10, 0xB8, 0x00, 0x11, 0xD0,
0xB8, 0x00, 0x0B, 0x10, 0xB8, 0x00, 0x12, 0xDC, 0x00, 0xB8, 0x00, 0x00,
0x45, 0x58, 0xB8, 0x00, 0x0E, 0x2F, 0x1B, 0xB9, 0x00, 0x0E, 0x00, 0x07,
0x3E, 0x59, 0xB8, 0x00, 0x00, 0x45, 0x58, 0xB8, 0x00, 0x00, 0x2F, 0x1B,
0xB9, 0x00, 0x00, 0x00, 0x05, 0x3E, 0x59, 0xB8, 0x00, 0x00, 0x45, 0x58,
0xB8, 0x00, 0x04, 0x2F, 0x1B, 0xB9, 0x00, 0x04, 0x00, 0x01, 0x3E, 0x59,
0xB8, 0x00, 0x00, 0x45, 0x58, 0xB8, 0x00, 0x08, 0x2F, 0x1B, 0xB9, 0x00,
0x08, 0x00, 0x01, 0x3E, 0x59, 0xB8, 0x00, 0x00, 0x10, 0xB8, 0x00, 0x02,
0xDC, 0xB8, 0x00, 0x06, 0xD0, 0xB8, 0x00, 0x07, 0xD0, 0xB8, 0x00, 0x03,
0xD0, 0xB8, 0x00, 0x08, 0x10, 0xB8, 0x00, 0x0A, 0xDC, 0xB8, 0x00, 0x0E,
0x10, 0xB8, 0x00, 0x0C, 0xDC, 0xB8, 0x00, 0x07, 0x10, 0xB8, 0x00, 0x10,
0xD0, 0xB8, 0x00, 0x11, 0xD0, 0xB8, 0x00, 0x07, 0x10, 0xB8, 0x00, 0x12,
0xDC, 0x30, 0x31, 0x01, 0x21, 0x11, 0x21, 0x11, 0x21, 0x11, 0x21, 0x01,
0x21, 0x11, 0x21, 0x11, 0x21, 0x11, 0x21, 0x11, 0x21, 0x11, 0x21, 0x04,
0x00, 0x02, 0x00, 0x01, 0x00, 0xFE, 0x00, 0xFF, 0x00, 0xFF, 0x00, 0xFD,
0x00, 0x01, 0x00, 0xFF, 0x00, 0x03, 0x00, 0x01, 0x00, 0xFF, 0x00, 0x07,
0x00, 0xFF, 0x00, 0xFA, 0x00, 0x06, 0x00, 0xFA, 0x00, 0x01, 0x00, 0x08,
0x00, 0x01, 0x00, 0xFC, 0x00, 0xFF, 0x00, 0x00, 0x00, 0x02, 0x02, 0x00,
0x00, 0x00, 0x06, 0x00, 0x0A, 0x00, 0x00, 0x03, 0x00, 0x0D, 0x00, 0x86,
0xBA, 0x00, 0x05, 0x00, 0x04, 0x00, 0x03, 0x2B, 0xB8, 0x00, 0x05, 0x10,
0xB8, 0x00, 0x00, 0xDC, 0xB8, 0x00, 0x05, 0x10, 0xB8, 0x00, 0x01, 0xD0,
0xB8, 0x00, 0x04, 0x10, 0xB8, 0x00, 0x07, 0xDC, 0xB8, 0x00, 0x04, 0x10,
0xB8, 0x00, 0x09, 0xD0, 0xB8, 0x00, 0x00, 0x10, 0xB8, 0x00, 0x0B, 0xD0,
0x00, 0xB8, 0x00, 0x00, 0x45, 0x58, 0xB8, 0x00, 0x00, 0x2F, 0x1B, 0xB9,
0x00, 0x00, 0x00, 0x07, 0x3E, 0x59, 0xB8, 0x00, 0x00, 0x45, 0x58, 0xB8,
0x00, 0x04, 0x2F, 0x1B, 0xB9, 0x00, 0x04, 0x00, 0x05, 0x3E, 0x59, 0xB8,
0x00, 0x00, 0x45, 0x58, 0xB8, 0x00, 0x08, 0x2F, 0x1B, 0xB9, 0x00, 0x08,
0x00, 0x01, 0x3E, 0x59, 0xB8, 0x00, 0x00, 0x10, 0xB8, 0x00, 0x02, 0xDC,
0xB8, 0x00, 0x08, 0x10, 0xB8, 0x00, 0x06, 0xDC, 0xB8, 0x00, 0x0A, 0xD0,
0xB8, 0x00, 0x0B, 0xD0, 0xB8, 0x00, 0x04, 0x10, 0xB8, 0x00, 0x0C, 0xDC,
0x30, 0x31, 0x01, 0x21, 0x11, 0x21, 0x01, 0x21, 0x11, 0x21, 0x11, 0x21,
0x11, 0x21, 0x11, 0x21, 0x03, 0x00, 0x02, 0x00, 0xFE, 0x00, 0xFF, 0x00,
0x03, 0x00, 0x01, 0x00, 0xFC, 0x00, 0x01, 0x00, 0xFF, 0x00, 0x0A, 0x00,
0xFE, 0x00, 0xFF, 0x00, 0xFA, 0x00, 0xFF, 0x00, 0x01, 0x00, 0x05, 0x00,
0x00, 0x02, 0x01, 0x00, 0xFD, 0x00, 0x07, 0x00, 0x0A, 0x00, 0x00, 0x03,
0x00, 0x11, 0x00, 0x96, 0xBA, 0x00, 0x0E, 0x00, 0x0B, 0x00, 0x03, 0x2B,
0xBA, 0x00, 0x05, 0x00, 0x04, 0x00, 0x03, 0x2B, 0xB8, 0x00, 0x05, 0x10,
0xB8, 0x00, 0x00, 0xDC, 0xB8, 0x00, 0x05, 0x10, 0xB8, 0x00, 0x01, 0xD0,
0xB8, 0x00, 0x00, 0x10, 0xB8, 0x00, 0x0F, 0xD0, 0x00, 0xB8, 0x00, 0x00,
0x45, 0x58, 0xB8, 0x00, 0x00, 0x2F, 0x1B, 0xB9, 0x00, 0x00, 0x00, 0x07,
0x3E, 0x59, 0xB8, 0x00, 0x00, 0x45, 0x58, 0xB8, 0x00, 0x04, 0x2F, 0x1B,
0xB9, 0x00, 0x04, 0x00, 0x05, 0x3E, 0x59, 0xB8, 0x00, 0x00, 0x45, 0x58,
0xB8, 0x00, 0x08, 0x2F, 0x1B, 0xB9, 0x00, 0x08, 0x00, 0x03, 0x3E, 0x59,
0xB8, 0x00, 0x00, 0x10, 0xB8, 0x00, 0x02, 0xDC, 0xB8, 0x00, 0x08, 0x10,
0xB8, 0x00, 0x06, 0xDC, 0xB8, 0x00, 0x0A, 0xD0, 0xB8, 0x00, 0x0B, 0xD0,
0xB8, 0x00, 0x0E, 0xD0, 0xB8, 0x00, 0x07, 0xD0, 0xB8, 0x00, 0x0E, 0x10,
0xB8, 0x00, 0x0D, 0xDC, 0xB8, 0x00, 0x0E, 0x10, 0xB8, 0x00, 0x0F, 0xD0,
0xB8, 0x00, 0x04, 0x10, 0xB8, 0x00, 0x10, 0xDC, 0x30, 0x31, 0x01, 0x21,
0x11, 0x21, 0x01, 0x21, 0x11, 0x21, 0x11, 0x21, 0x11, 0x21, 0x11, 0x21,
0x11, 0x21, 0x11, 0x21, 0x05, 0x00, 0x02, 0x00, 0xFE, 0x00, 0xFF, 0x00,
0x03, 0x00, 0xFF, 0x00, 0xFC, 0x00, 0xFF, 0x00, 0x02, 0x00, 0x02, 0x00,
0xFF, 0x00, 0x0A, 0x00, 0xFE, 0x00, 0xFF, 0x00, 0xF7, 0x00, 0xFF, 0x00,
0x01, 0x00, 0x02, 0x00, 0xFE, 0x00, 0x08, 0x00, 0x00, 0x01, 0x00, 0x00,
0x00, 0x00, 0x07, 0x00, 0x0A, 0x00, 0x00, 0x1B, 0x00, 0xFB, 0xBA, 0x00,
0x12, 0x00, 0x13, 0x00, 0x03, 0x2B, 0xBA, 0x00, 0x05, 0x00, 0x00, 0x00,
0x03, 0x2B, 0xBA, 0x00, 0x04, 0x00, 0x01, 0x00, 0x03, 0x2B, 0xB8, 0x00,
0x01, 0x10, 0xB8, 0x00, 0x07, 0xD0, 0xB8, 0x00, 0x05, 0x10, 0xB8, 0x00,
0x09, 0xD0, 0xB8, 0x00, 0x04, 0x10, 0xB8, 0x00, 0x0B, 0xD0, 0xB8, 0x00,
0x01, 0x10, 0xB8, 0x00, 0x0D, 0xD0, 0xB8, 0x00, 0x00, 0x10, 0xB8, 0x00,
0x0F, 0xD0, 0xB8, 0x00, 0x12, 0x10, 0xB8, 0x00, 0x15, 0xDC, 0xB8, 0x00,
0x13, 0x10, 0xB8, 0x00, 0x17, 0xD0, 0xB8, 0x00, 0x12, 0x10, 0xB8, 0x00,
0x19, 0xD0, 0x00, 0xB8, 0x00, 0x00, 0x45, 0x58, 0xB8, 0x00, 0x18, 0x2F,
0x1B, 0xB9, 0x00, 0x18, 0x00, 0x07, 0x3E, 0x59, 0xB8, 0x00, 0x00, 0x45,
0x58, 0xB8, 0x00, 0x02, 0x2F, 0x1B, 0xB9, 0x00, 0x02, 0x00, 0x05, 0x3E,
0x59, 0xB8, 0x00, 0x00, 0x45, 0x58, 0xB8, 0x00, 0x0C, 0x2F, 0x1B, 0xB9,
0x00, 0x0C, 0x00, 0x01, 0x3E, 0x59, 0xB8, 0x00, 0x00, 0x45, 0x58, 0xB8,
0x00, 0x12, 0x2F, 0x1B, 0xB9, 0x00, 0x12, 0x00, 0x01, 0x3E, 0x59, 0xB8,
0x00, 0x02, 0x10, 0xB8, 0x00, 0x00, 0xDC, 0xB8, 0x00, 0x04, 0xD0, 0xB8,
0x00, 0x05, 0xD0, 0xB8, 0x00, 0x02, 0x10, 0xB8, 0x00, 0x06, 0xDC, 0xB8,
0x00, 0x0C, 0x10, 0xB8, 0x00, 0x08, 0xDC, 0xB8, 0x00, 0x07, 0xDC, 0xB8,
0x00, 0x0C, 0x10, 0xB8, 0x00, 0x0A, 0xDC, 0xB8, 0x00, 0x0E, 0xD0, 0xB8,
0x00, 0x0F, 0xD0, 0xB8, 0x00, 0x08, 0x10, 0xB8, 0x00, 0x10, 0xD0, 0xB8,
0x00, 0x11, 0xD0, 0xB8, 0x00, 0x12, 0x10, 0xB8, 0x00, 0x14, 0xDC, 0xB8,
0x00, 0x18, 0x10, 0xB8, 0x00, 0x16, 0xDC, 0xB8, 0x00, 0x06, 0x10, 0xB8,
0x00, 0x1A, 0xD0, 0xB8, 0x00, 0x1B, 0xD0, 0x30, 0x31, 0x01, 0x21, 0x11,
0x21, 0x11, 0x21, 0x11, 0x21, 0x11, 0x21, 0x11, 0x21, 0x11, 0x21, 0x11,
0x21, 0x11, 0x21, 0x11, 0x21, 0x11, 0x21, 0x11, 0x21, 0x11, 0x21, 0x11,
0x21, 0x04, 0x00, 0x01, 0x00, 0x02, 0x00, 0xFF, 0x00, 0xFF, 0x00, 0x01,
0x00, 0x01, 0x00, 0xFE, 0x00, 0xFF, 0x00, 0xFF, 0x00, 0xFD, 0x00, 0x01,
0x00, 0xFF, 0x00, 0x03, 0x00, 0x01, 0x00, 0x06, 0x00, 0x01, 0x00, 0xFF,
0x00, 0xFF, 0x00, 0xFE, 0x00, 0xFF, 0x00, 0xFE, 0x00, 0x02, 0x00, 0x01,
0x00, 0xFD, 0x00, 0x01, 0x00, 0x08, 0x00, 0x01, 0x00, 0xFB, 0x00, 0x00,
0x00, 0x01, 0x02, 0x00, 0x00, 0x00, 0x06, 0x00, 0x0A, 0x00, 0x00, 0x09,
0x00, 0x59, 0xBA, 0x00, 0x01, 0x00, 0x00, 0x00, 0x03, 0x2B, 0xB8, 0x00,
0x00, 0x10, 0xB8, 0x00, 0x03, 0xDC, 0xB8, 0x00, 0x00, 0x10, 0xB8, 0x00,
0x05, 0xD0, 0xB8, 0x00, 0x01, 0x10, 0xB8, 0x00, 0x07, 0xDC, 0x00, 0xB8,
0x00, 0x00, 0x45, 0x58, 0xB8, 0x00, 0x00, 0x2F, 0x1B, 0xB9, 0x00, 0x00,
0x00, 0x07, 0x3E, 0x59, 0xB8, 0x00, 0x00, 0x45, 0x58, 0xB8, 0x00, 0x04,
0x2F, 0x1B, 0xB9, 0x00, 0x04, 0x00, 0x01, 0x3E, 0x59, 0xB8, 0x00, 0x02,
0xDC, 0xB8, 0x00, 0x06, 0xD0, 0xB8, 0x00, 0x07, 0xD0, 0xB8, 0x00, 0x00,
0x10, 0xB8, 0x00, 0x08, 0xDC, 0x30, 0x31, 0x01, 0x21, 0x11, 0x21, 0x11,
0x21, 0x11, 0x21, 0x11, 0x21, 0x02, 0x00, 0x03, 0x00, 0x01, 0x00, 0xFC,
0x00, 0x01, 0x00, 0xFF, 0x00, 0x0A, 0x00, 0xF7, 0x00, 0xFF, 0x00, 0x01,
0x00, 0x08, 0x00, 0x00, 0x00, 0x01, 0x00, 0x00, 0x00, 0x00, 0x07, 0x00,
0x07, 0x00, 0x00, 0x11, 0x00, 0x87, 0xBA, 0x00, 0x06, 0x00, 0x07, 0x00,
0x03, 0x2B, 0xBA, 0x00, 0x02, 0x00, 0x03, 0x00, 0x03, 0x2B, 0xBA, 0x00,
0x0F, 0x00, 0x00, 0x00, 0x03, 0x2B, 0xB8, 0x00, 0x03, 0x10, 0xB8, 0x00,
0x09, 0xD0, 0xB8, 0x00, 0x02, 0x10, 0xB8, 0x00, 0x0B, 0xD0, 0xB8, 0x00,
0x02, 0x10, 0xB8, 0x00, 0x0E, 0xDC, 0x00, 0xB8, 0x00, 0x00, 0x45, 0x58,
0xB8, 0x00, 0x08, 0x2F, 0x1B, 0xB9, 0x00, 0x08, 0x00, 0x05, 0x3E, 0x59,
0xB8, 0x00, 0x00, 0x45, 0x58, 0xB8, 0x00, 0x0C, 0x2F, 0x1B, 0xB9, 0x00,
0x0C, 0x00, 0x05, 0x3E, 0x59, 0xB8, 0x00, 0x00, 0x45, 0x58, 0xB8, 0x00,
0x06, 0x2F, 0x1B, 0xB9, 0x00, 0x06, 0x00, 0x01, 0x3E, 0x59, 0xB8, 0x00,
0x00, 0x45, 0x58, 0xB8, 0x00, 0x10, 0x2F, 0x1B, 0xB9, 0x00, 0x10, 0x00,
0x01, 0x3E, 0x59, 0xB8, 0x00, 0x0C, 0x10, 0xB8, 0x00, 0x00, 0xDC, 0xB8,
0x00, 0x04, 0xD0, 0xB8, 0x00, 0x05, 0xD0, 0x30, 0x31, 0x01, 0x21, 0x11,
0x21, 0x11, 0x21, 0x11, 0x21, 0x11, 0x21, 0x11, 0x21, 0x11, 0x21, 0x11,
0x21, 0x11, 0x21, 0x05, 0x00, 0xFF, 0x00, 0xFF, 0x00, 0xFF, 0x00, 0xFE,
0x00, 0x03, 0x00, 0x01, 0x00, 0x02, 0x00, 0x01, 0x00, 0xFE, 0x00, 0x05,
0x00, 0xFC, 0x00, 0x04, 0x00, 0xFB, 0x00, 0x07, 0x00, 0xFF, 0x00, 0x01,
0x00, 0xFF, 0x00, 0xFA, 0x00, 0x00, 0x00, 0x00, 0x00, 0x02, 0x00, 0x00,
0x00, 0x00, 0x07, 0x00, 0x07, 0x00, 0x00, 0x07, 0x00, 0x0F, 0x00, 0x87,
0xBA, 0x00, 0x04, 0x00, 0x01, 0x00, 0x03, 0x2B, 0xBA, 0x00, 0x05, 0x00,
0x00, 0x00, 0x03, 0x2B, 0xBA, 0x00, 0x0C, 0x00, 0x0D, 0x00, 0x03, 0x2B,
0xB8, 0x00, 0x05, 0x10, 0xB8, 0x00, 0x08, 0xD0, 0x00, 0xB8, 0x00, 0x00,
0x45, 0x58, 0xB8, 0x00, 0x02, 0x2F, 0x1B, 0xB9, 0x00, 0x02, 0x00, 0x05,
0x3E, 0x59, 0xB8, 0x00, 0x00, 0x45, 0x58, 0xB8, 0x00, 0x08, 0x2F, 0x1B,
0xB9, 0x00, 0x08, 0x00, 0x05, 0x3E, 0x59, 0xB8, 0x00, 0x00, 0x45, 0x58,
0xB8, 0x00, 0x06, 0x2F, 0x1B, 0xB9, 0x00, 0x06, 0x00, 0x01, 0x3E, 0x59,
0xB8, 0x00, 0x00, 0x45, 0x58, 0xB8, 0x00, 0x0C, 0x2F, 0x1B, 0xB9, 0x00,
0x0C, 0x00, 0x01, 0x3E, 0x59, 0xB8, 0x00, 0x02, 0x10, 0xB8, 0x00, 0x00,
0xDC, 0xB8, 0x00, 0x04, 0xD0, 0xB8, 0x00, 0x05, 0xD0, 0xB8, 0x00, 0x0A,
0xD0, 0xB8, 0x00, 0x0B, 0xD0, 0xB8, 0x00, 0x0E, 0xD0, 0xB8, 0x00, 0x0F,
0xD0, 0x30, 0x31, 0x01, 0x21, 0x11, 0x21, 0x11, 0x21, 0x11, 0x21, 0x01,
0x21, 0x11, 0x21, 0x11, 0x21, 0x11, 0x21, 0x01, 0x00, 0xFF, 0x00, 0x02,
0x00, 0x01, 0x00, 0xFE, 0x00, 0x02, 0x00, 0x03, 0x00, 0x01, 0x00, 0xFE,
0x00, 0xFE, 0x00, 0x06, 0x00, 0x01, 0x00, 0xFF, 0x00, 0xFA, 0x00, 0x07,
0x00, 0xFF, 0x00, 0xFA, 0x00, 0x06, 0x00, 0x00, 0x00, 0x02, 0x00, 0x00,
0x00, 0x00, 0x07, 0x00, 0x07, 0x00, 0x00, 0x03, 0x00, 0x0F, 0x00, 0x7D,
0xB8, 0x00, 0x10, 0x2F, 0xB8, 0x00, 0x00, 0x2F, 0xB8, 0x00, 0x10, 0x10,
0xB8, 0x00, 0x05, 0xD0, 0xB8, 0x00, 0x05, 0x2F, 0xB8, 0x00, 0x02, 0xDC,
0xB8, 0x00, 0x00, 0x10, 0xB8, 0x00, 0x0B, 0xDC, 0x00, 0xB8, 0x00, 0x00,
0x45, 0x58, 0xB8, 0x00, 0x08, 0x2F, 0x1B, 0xB9, 0x00, 0x08, 0x00, 0x05,
0x3E, 0x59, 0xB8, 0x00, 0x00, 0x45, 0x58, 0xB8, 0x00, 0x0E, 0x2F, 0x1B,
0xB9, 0x00, 0x0E, 0x00, 0x01, 0x3E, 0x59, 0xB8, 0x00, 0x08, 0x10, 0xB8,
0x00, 0x00, 0xDC, 0xB8, 0x00, 0x0E, 0x10, 0xB8, 0x00, 0x02, 0xDC, 0xB8,
0x00, 0x04, 0xD0, 0xB8, 0x00, 0x05, 0xD0, 0xB8, 0x00, 0x00, 0x10, 0xB8,
0x00, 0x06, 0xD0, 0xB8, 0x00, 0x07, 0xD0, 0xB8, 0x00, 0x0A, 0xD0, 0xB8,
0x00, 0x0B, 0xD0, 0xB8, 0x00, 0x05, 0x10, 0xB8, 0x00, 0x0C, 0xD0, 0xB8,
0x00, 0x0D, 0xD0, 0x30, 0x31, 0x01, 0x21, 0x11, 0x29, 0x02, 0x11, 0x21,
0x11, 0x21, 0x11, 0x21, 0x11, 0x21, 0x11, 0x21, 0x05, 0x00, 0xFD, 0x00,
0x03, 0x00, 0xFC, 0x00, 0xFF, 0x00, 0x01, 0x00, 0x05, 0x00, 0x01, 0x00,
0xFF, 0x00, 0xFB, 0x00, 0x06, 0x00, 0xFB, 0x00, 0x05, 0x00, 0x01, 0x00,
0xFF, 0x00, 0xFB, 0x00, 0xFF, 0x00, 0x00, 0x00, 0x00, 0x01, 0x00, 0x00,
0xFD, 0x00, 0x07, 0x00, 0x07, 0x00, 0x00, 0x18, 0x00, 0xDF, 0xBA, 0x00,
0x12, 0x00, 0x0F, 0x00, 0x03, 0x2B, 0xBA, 0x00, 0x08, 0x00, 0x0D, 0x00,
0x03, 0x2B, 0xBA, 0x00, 0x04, 0x00, 0x16, 0x00, 0x03, 0x2B, 0xB8, 0x00,
0x08, 0x10, 0xB8, 0x00, 0x00, 0xD0, 0xB8, 0x00, 0x08, 0x10, 0xB8, 0x00,
0x01, 0xDC, 0xB8, 0x00, 0x05, 0xD0, 0xB8, 0x00, 0x0F, 0x10, 0xB8, 0x00,
0x0A, 0xDC, 0xB8, 0x00, 0x0F, 0x10, 0xB8, 0x00, 0x0B, 0xD0, 0xB8, 0x00,
0x08, 0x10, 0xB8, 0x00, 0x14, 0xD0, 0xB8, 0x00, 0x00, 0x10, 0xB8, 0x00,
0x15, 0xD0, 0x00, 0xB8, 0x00, 0x00, 0x45, 0x58, 0xB8, 0x00, 0x00, 0x2F,
0x1B, 0xB9, 0x00, 0x00, 0x00, 0x05, 0x3E, 0x59, 0xB8, 0x00, 0x00, 0x45,
0x58, 0xB8, 0x00, 0x10, 0x2F, 0x1B, 0xB9, 0x00, 0x10, 0x00, 0x05, 0x3E,
0x59, 0xB8, 0x00, 0x00, 0x45, 0x58, 0xB8, 0x00, 0x0A, 0x2F, 0x1B, 0xB9,
0x00, 0x0A, 0x00, 0x03, 0x3E, 0x59, 0xB8, 0x00, 0x00, 0x45, 0x58, 0xB8,
0x00, 0x06, 0x2F, 0x1B, 0xB9, 0x00, 0x06, 0x00, 0x01, 0x3E, 0x59, 0xB8,
0x00, 0x00, 0x10, 0xB8, 0x00, 0x02, 0xDC, 0xB8, 0x00, 0x06, 0x10, 0xB8,
0x00, 0x04, 0xDC, 0xB8, 0x00, 0x0A, 0x10, 0xB8, 0x00, 0x08, 0xDC, 0xB8,
0x00, 0x0C, 0xD0, 0xB8, 0x00, 0x0D, 0xD0, 0xB8, 0x00, 0x02, 0x10, 0xB8,
0x00, 0x0E, 0xD0, 0xB8, 0x00, 0x0F, 0xD0, 0xB8, 0x00, 0x12, 0xD0, 0xB8,
0x00, 0x13, 0xD0, 0xB8, 0x00, 0x04, 0x10, 0xB8, 0x00, 0x15, 0xD0, 0xB8,
0x00, 0x16, 0xD0, 0xB8, 0x00, 0x13, 0x10, 0xB8, 0x00, 0x17, 0xD0, 0xB8,
0x00, 0x18, 0xD0, 0x30, 0x31, 0x01, 0x21, 0x11, 0x21, 0x11, 0x21, 0x11,
0x21, 0x11, 0x21, 0x11, 0x21, 0x11, 0x21, 0x11, 0x21, 0x11, 0x21, 0x11,
0x33, 0x17, 0x11, 0x21, 0x11, 0x21, 0x03, 0x00, 0x03, 0x00, 0x01, 0x00,
0xFF, 0x00, 0xFD, 0x00, 0x01, 0x00, 0xFC, 0x00, 0x01, 0x00, 0xFF, 0x00,
0x02, 0x00, 0xFE, 0x02, 0x02, 0x00, 0xFE, 0x00, 0x07, 0x00, 0xFF, 0x00,
0xFB, 0x00, 0xFF, 0x00, 0xFE, 0x00, 0xFF, 0x00, 0x01, 0x00, 0x08, 0x00,
0x01, 0x00, 0xFF, 0x00, 0x02, 0xFB, 0x02, 0x05, 0x00, 0x00, 0x00, 0x00,
0x00, 0x01, 0x00, 0x00, 0xFD, 0x00, 0x07, 0x00, 0x07, 0x00, 0x00, 0x18,
0x00, 0xE3, 0xBA, 0x00, 0x18, 0x00, 0x11, 0x00, 0x03, 0x2B, 0xBA, 0x00,
0x0E, 0x00, 0x0F, 0x00, 0x03, 0x2B, 0xBA, 0x00, 0x0A, 0x00, 0x0B, 0x00,
0x03, 0x2B, 0xB8, 0x00, 0x0E, 0x10, 0xB8, 0x00, 0x00, 0xD0, 0xB8, 0x00,
0x0D, 0x10, 0xB8, 0x00, 0x01, 0xD0, 0xB8, 0x00, 0x0A, 0x10, 0xB8, 0x00,
0x03, 0xDC, 0xB8, 0x00, 0x0A, 0x10, 0xB8, 0x00, 0x05, 0xD0, 0xB8, 0x00,
0x0E, 0x10, 0xB8, 0x00, 0x08, 0xDC, 0xB8, 0x00, 0x0F, 0x10, 0xB8, 0x00,
0x13, 0xD0, 0xB8, 0x00, 0x0E, 0x10, 0xB8, 0x00, 0x15, 0xD0, 0xB8, 0x00,
0x0D, 0x10, 0xB8, 0x00, 0x16, 0xD0, 0x00, 0xB8, 0x00, 0x00, 0x45, 0x58,
0xB8, 0x00, 0x04, 0x2F, 0x1B, 0xB9, 0x00, 0x04, 0x00, 0x05, 0x3E, 0x59,
0xB8, 0x00, 0x00, 0x45, 0x58, 0xB8, 0x00, 0x14, 0x2F, 0x1B, 0xB9, 0x00,
0x14, 0x00, 0x05, 0x3E, 0x59, 0xB8, 0x00, 0x00, 0x45, 0x58, 0xB8, 0x00,
0x0A, 0x2F, 0x1B, 0xB9, 0x00, 0x0A, 0x00, 0x03, 0x3E, 0x59, 0xB8, 0x00,
0x00, 0x45, 0x58, 0xB8, 0x00, 0x0E, 0x2F, 0x1B, 0xB9, 0x00, 0x0E, 0x00,
0x01, 0x3E, 0x59, 0xB8, 0x00, 0x00, 0xDC, 0xB8, 0x00, 0x04, 0x10, 0xB8,
0x00, 0x02, 0xDC, 0xB8, 0x00, 0x06, 0xD0, 0xB8, 0x00, 0x07, 0xD0, 0xB8,
0x00, 0x0A, 0x10, 0xB8, 0x00, 0x08, 0xDC, 0xB8, 0x00, 0x0C, 0xD0, 0xB8,
0x00, 0x0D, 0xD0, 0xB8, 0x00, 0x00, 0x10, 0xB8, 0x00, 0x10, 0xD0, 0xB8,
0x00, 0x11, 0xD0, 0xB8, 0x00, 0x07, 0x10, 0xB8, 0x00, 0x12, 0xD0, 0xB8,
0x00, 0x13, 0xD0, 0xB8, 0x00, 0x16, 0xD0, 0xB8, 0x00, 0x17, 0xD0, 0x30,
0x31, 0x01, 0x11, 0x37, 0x33, 0x11, 0x21, 0x11, 0x21, 0x11, 0x21, 0x11,
0x21, 0x11, 0x21, 0x11, 0x21, 0x11, 0x21, 0x11, 0x21, 0x11, 0x21, 0x11,
0x21, 0x11, 0x04, 0x00, 0x02, 0xFE, 0x02, 0x00, 0xFF, 0x00, 0x01, 0x00,
0xFC, 0x00, 0x01, 0x00, 0xFD, 0x00, 0xFF, 0x00, 0x01, 0x00, 0x03, 0x00,
0xFE, 0x00, 0x01, 0x00, 0x04, 0xFE, 0x02, 0x01, 0x00, 0xFF, 0x00, 0xF8,
0x00, 0xFF, 0x00, 0x01, 0x00, 0x02, 0x00, 0x01, 0x00, 0x05, 0x00, 0x01,
0x00, 0xFF, 0x00, 0xFB, 0x00, 0x00, 0x00, 0x00, 0x00, 0x01, 0x00, 0x00,
0x00, 0x00, 0x07, 0x00, 0x07, 0x00, 0x00, 0x15, 0x00, 0xB2, 0xBA, 0x00,
0x0C, 0x00, 0x09, 0x00, 0x03, 0x2B, 0xBA, 0x00, 0x02, 0x00, 0x07, 0x00,
0x03, 0x2B, 0xBA, 0x00, 0x12, 0x00, 0x13, 0x00, 0x03, 0x2B, 0xB8, 0x00,
0x07, 0x10, 0xB8, 0x00, 0x03, 0xDC, 0xB8, 0x00, 0x00, 0xD0, 0xB8, 0x00,
0x09, 0x10, 0xB8, 0x00, 0x05, 0xD0, 0xB8, 0x00, 0x02, 0x10, 0xB8, 0x00,
0x0D, 0xD0, 0x00, 0xB8, 0x00, 0x00, 0x45, 0x58, 0xB8, 0x00, 0x0A, 0x2F,
0x1B, 0xB9, 0x00, 0x0A, 0x00, 0x05, 0x3E, 0x59, 0xB8, 0x00, 0x00, 0x45,
0x58, 0xB8, 0x00, 0x0E, 0x2F, 0x1B, 0xB9, 0x00, 0x0E, 0x00, 0x05, 0x3E,
0x59, 0xB8, 0x00, 0x00, 0x45, 0x58, 0xB8, 0x00, 0x04, 0x2F, 0x1B, 0xB9,
0x00, 0x04, 0x00, 0x01, 0x3E, 0x59, 0xB8, 0x00, 0x0E, 0x10, 0xB8, 0x00,
0x00, 0xDC, 0xB8, 0x00, 0x04, 0x10, 0xB8, 0x00, 0x02, 0xDC, 0xB8, 0x00,
0x06, 0xD0, 0xB8, 0x00, 0x07, 0xD0, 0xB8, 0x00, 0x0A, 0x10, 0xB8, 0x00,
0x08, 0xDC, 0xB8, 0x00, 0x0C, 0xD0, 0xB8, 0x00, 0x0D, 0xD0, 0xB8, 0x00,
0x10, 0xD0, 0xB8, 0x00, 0x11, 0xD0, 0xB8, 0x00, 0x09, 0xD0, 0xB8, 0x00,
0x11, 0x10, 0xB8, 0x00, 0x12, 0xDC, 0xB8, 0x00, 0x11, 0x10, 0xB8, 0x00,
0x14, 0xD0, 0xB8, 0x00, 0x15, 0xD0, 0x30, 0x31, 0x01, 0x21, 0x11, 0x21,
0x11, 0x21, 0x11, 0x21, 0x11, 0x21, 0x11, 0x21, 0x11, 0x21, 0x11, 0x21,
0x11, 0x21, 0x11, 0x21, 0x11, 0x21, 0x04, 0x00, 0xFF, 0x00, 0x01, 0x00,
0xFC, 0x00, 0x01, 0x00, 0xFF, 0x00, 0x02, 0x00, 0x01, 0x00, 0x03, 0x00,
0x01, 0x00, 0xFE, 0x00, 0xFF, 0x00, 0x05, 0x00, 0xFC, 0x00, 0xFF, 0x00,
0x01, 0x00, 0x05, 0x00, 0x01, 0x00, 0xFF, 0x00, 0x01, 0x00, 0xFF, 0x00,
0xFE, 0x00, 0x02, 0x00, 0x00, 0x01, 0x00, 0x00, 0x00, 0x00, 0x07, 0x00,
0x07, 0x00, 0x00, 0x23, 0x01, 0x41, 0xBA, 0x00, 0x12, 0x00, 0x0F, 0x00,
0x03, 0x2B, 0xBA, 0x00, 0x04, 0x00, 0x19, 0x00, 0x03, 0x2B, 0xBA, 0x00,
0x08, 0x00, 0x15, 0x00, 0x03, 0x2B, 0xBA, 0x00, 0x21, 0x00, 0x00, 0x00,
0x03, 0x2B, 0xB8, 0x00, 0x12, 0x10, 0xB8, 0x00, 0x01, 0xD0, 0xB8, 0x00,
0x00, 0x10, 0xB8, 0x00, 0x05, 0xD0, 0xB8, 0x00, 0x21, 0x10, 0xB8, 0x00,
0x09, 0xD0, 0xB8, 0x00, 0x08, 0x10, 0xB8, 0x00, 0x0B, 0xD0, 0xB8, 0x00,
0x19, 0x10, 0xB8, 0x00, 0x0D, 0xD0, 0xB8, 0x00, 0x00, 0x10, 0xB8, 0x00,
0x13, 0xD0, 0xB8, 0x00, 0x12, 0x10, 0xB8, 0x00, 0x17, 0xD0, 0xB8, 0x00,
0x0F, 0x10, 0xB8, 0x00, 0x1B, 0xD0, 0xB8, 0x00, 0x19, 0x10, 0xB8, 0x00,
0x1D, 0xD0, 0xB8, 0x00, 0x08, 0x10, 0xB8, 0x00, 0x1F, 0xD0, 0x00, 0xB8,
0x00, 0x00, 0x45, 0x58, 0xB8, 0x00, 0x1E, 0x2F, 0x1B, 0xB9, 0x00, 0x1E,
0x00, 0x05, 0x3E, 0x59, 0xB8, 0x00, 0x00, 0x45, 0x58, 0xB8, 0x00, 0x0C,
0x2F, 0x1B, 0xB9, 0x00, 0x0C, 0x00, 0x01, 0x3E, 0x59, 0xBA, 0x00, 0x01,
0x00, 0x02, 0x00, 0x03, 0x2B, 0xB8, 0x00, 0x1E, 0x10, 0xB8, 0x00, 0x00,
0xDC, 0xB8, 0x00, 0x1E, 0x10, 0xB8, 0x00, 0x04, 0xDC, 0xB8, 0x00, 0x0C,
0x10, 0xB8, 0x00, 0x0A, 0xDC, 0xB8, 0x00, 0x09, 0xDC, 0xB8, 0x00, 0x14,
0xD0, 0xB8, 0x00, 0x05, 0xDC, 0xB8, 0x00, 0x0C, 0x10, 0xB8, 0x00, 0x06,
0xDC, 0xB8, 0x00, 0x14, 0x10, 0xB8, 0x00, 0x08, 0xD0, 0xB8, 0x00, 0x0A,
0x10, 0xB8, 0x00, 0x0E, 0xD0, 0xB8, 0x00, 0x0F, 0xD0, 0xB8, 0x00, 0x09,
0x10, 0xB8, 0x00, 0x10, 0xD0, 0xB8, 0x00, 0x14, 0x10, 0xB8, 0x00, 0x11,
0xD0, 0xB8, 0x00, 0x0F, 0x10, 0xB8, 0x00, 0x12, 0xD0, 0xB8, 0x00, 0x13,
0xD0, 0xB8, 0x00, 0x06, 0x10, 0xB8, 0x00, 0x16, 0xD0, 0xB8, 0x00, 0x17,
0xD0, 0xB8, 0x00, 0x04, 0x10, 0xB8, 0x00, 0x18, 0xD0, 0xB8, 0x00, 0x19,
0xD0, 0xB8, 0x00, 0x02, 0x10, 0xB8, 0x00, 0x1A, 0xD0, 0xB8, 0x00, 0x06,
0x10, 0xB8, 0x00, 0x23, 0xDC, 0xB8, 0x00, 0x1B, 0xD0, 0xB8, 0x00, 0x00,
0x10, 0xB8, 0x00, 0x1C, 0xD0, 0xB8, 0x00, 0x1D, 0xD0, 0xB8, 0x00, 0x20,
0xD0, 0xB8, 0x00, 0x21, 0xD0, 0xB8, 0x00, 0x02, 0x10, 0xB8, 0x00, 0x22,
0xD0, 0x30, 0x31, 0x01, 0x21, 0x11, 0x21, 0x11, 0x21, 0x11, 0x21, 0x11,
0x21, 0x11, 0x21, 0x11, 0x21, 0x11, 0x21, 0x11, 0x21, 0x11, 0x21, 0x11,
0x21, 0x11, 0x21, 0x11, 0x21, 0x11, 0x21, 0x11, 0x21, 0x11, 0x21, 0x11,
0x21, 0x11, 0x21, 0x05, 0x00, 0xFD, 0x00, 0x01, 0x00, 0x02, 0x00, 0x01,
0x00, 0x01, 0x00, 0xFF, 0x00, 0xFB, 0x00, 0xFF, 0x00, 0x02, 0x00, 0x03,
0x00, 0xFF, 0x00, 0xFE, 0x00, 0xFF, 0x00, 0xFF, 0x00, 0x01, 0x00, 0x05,
0x00, 0x01, 0x00, 0xFE, 0x00, 0x06, 0x00, 0xFF, 0x00, 0xFF, 0x00, 0xFF,
0x00, 0xFF, 0x00, 0xFF, 0x00, 0xFF, 0x00, 0x01, 0x00, 0x01, 0x00, 0xFF,
0x00, 0x01, 0x00, 0x01, 0x00, 0x01, 0x00, 0x01, 0x00, 0x01, 0x00, 0x01,
0x00, 0xFF, 0x00, 0xFF, 0x00, 0x00, 0x00, 0x00, 0x00, 0x01, 0x00, 0x00,
0x00, 0x00, 0x07, 0x00, 0x0A, 0x00, 0x00, 0x15, 0x00, 0xC7, 0xBA, 0x00,
0x06, 0x00, 0x01, 0x00, 0x03, 0x2B, 0xBA, 0x00, 0x0E, 0x00, 0x0B, 0x00,
0x03, 0x2B, 0xB8, 0x00, 0x06, 0x10, 0xB8, 0x00, 0x04, 0xDC, 0xB8, 0x00,
0x07, 0xDC, 0xB8, 0x00, 0x06, 0x10, 0xB8, 0x00, 0x09, 0xD0, 0xB8, 0x00,
0x05, 0x10, 0xB8, 0x00, 0x0A, 0xD0, 0xB8, 0x00, 0x07, 0x10, 0xB8, 0x00,
0x0F, 0xD0, 0xB8, 0x00, 0x04, 0x10, 0xB8, 0x00, 0x11, 0xD0, 0xB8, 0x00,
0x03, 0x10, 0xB8, 0x00, 0x12, 0xD0, 0xB8, 0x00, 0x01, 0x10, 0xB8, 0x00,
0x13, 0xD0, 0x00, 0xB8, 0x00, 0x00, 0x45, 0x58, 0xB8, 0x00, 0x04, 0x2F,
0x1B, 0xB9, 0x00, 0x04, 0x00, 0x07, 0x3E, 0x59, 0xB8, 0x00, 0x00, 0x45,
0x58, 0xB8, 0x00, 0x00, 0x2F, 0x1B, 0xB9, 0x00, 0x00, 0x00, 0x05, 0x3E,
0x59, 0xB8, 0x00, 0x00, 0x45, 0x58, 0xB8, 0x00, 0x06, 0x2F, 0x1B, 0xB9,
0x00, 0x06, 0x00, 0x05, 0x3E, 0x59, 0xB8, 0x00, 0x00, 0x45, 0x58, 0xB8,
0x00, 0x10, 0x2F, 0x1B, 0xB9, 0x00, 0x10, 0x00, 0x01, 0x3E, 0x59, 0xBA,
0x00, 0x0C, 0x00, 0x0B, 0x00, 0x03, 0x2B, 0xB8, 0x00, 0x06, 0x10, 0xB8,
0x00, 0x08, 0xDC, 0xB8, 0x00, 0x10, 0x10, 0xB8, 0x00, 0x0A, 0xDC, 0xB8,
0x00, 0x0E, 0xD0, 0xB8, 0x00, 0x0F, 0xD0, 0xB8, 0x00, 0x12, 0xD0, 0xB8,
0x00, 0x13, 0xD0, 0xB8, 0x00, 0x08, 0x10, 0xB8, 0x00, 0x14, 0xD0, 0xB8,
0x00, 0x15, 0xD0, 0x30, 0x31, 0x11, 0x21, 0x11, 0x21, 0x11, 0x21, 0x11,
0x21, 0x11, 0x21, 0x11, 0x21, 0x11, 0x21, 0x11, 0x21, 0x11, 0x21, 0x11,
0x21, 0x11, 0x21, 0x02, 0x00, 0x01, 0x00, 0x01, 0x00, 0x02, 0x00, 0xFE,
0x00, 0x01, 0x00, 0x02, 0x00, 0xFF, 0x00, 0xFD, 0x00, 0xFF, 0x00, 0xFE,
0x00, 0x07, 0x00, 0x02, 0x00, 0x01, 0x00, 0xFD, 0x00, 0xFF, 0x00, 0xFB,
0x00, 0x01, 0x00, 0xFF, 0x00, 0xFF, 0x00, 0x01, 0x00, 0x05, 0x00, 0x00,
0x00, 0x02, 0x00, 0x00, 0x00, 0x00, 0x07, 0x00, 0x07, 0x00, 0x00, 0x07,
0x00, 0x0F, 0x00, 0x87, 0xBA, 0x00, 0x09, 0x00, 0x08, 0x00, 0x03, 0x2B,
0xBA, 0x00, 0x01, 0x00, 0x00, 0x00, 0x03, 0x2B, 0xBA, 0x00, 0x04, 0x00,
0x05, 0x00, 0x03, 0x2B, 0xB8, 0x00, 0x00, 0x10, 0xB8, 0x00, 0x0B, 0xD0,
0x00, 0xB8, 0x00, 0x00, 0x45, 0x58, 0xB8, 0x00, 0x00, 0x2F, 0x1B, 0xB9,
0x00, 0x00, 0x00, 0x05, 0x3E, 0x59, 0xB8, 0x00, 0x00, 0x45, 0x58, 0xB8,
0x00, 0x08, 0x2F, 0x1B, 0xB9, 0x00, 0x08, 0x00, 0x05, 0x3E, 0x59, 0xB8,
0x00, 0x00, 0x45, 0x58, 0xB8, 0x00, 0x04, 0x2F, 0x1B, 0xB9, 0x00, 0x04,
0x00, 0x01, 0x3E, 0x59, 0xB8, 0x00, 0x00, 0x45, 0x58, 0xB8, 0x00, 0x0C,
0x2F, 0x1B, 0xB9, 0x00, 0x0C, 0x00, 0x01, 0x3E, 0x59, 0xB8, 0x00, 0x04,
0x10, 0xB8, 0x00, 0x02, 0xDC, 0xB8, 0x00, 0x06, 0xD0, 0xB8, 0x00, 0x07,
0xD0, 0xB8, 0x00, 0x0A, 0xD0, 0xB8, 0x00, 0x0B, 0xD0, 0xB8, 0x00, 0x0E,
0xD0, 0xB8, 0x00, 0x0F, 0xD0, 0x30, 0x31, 0x01, 0x21, 0x11, 0x21, 0x11,
0x21, 0x11, 0x21, 0x01, 0x21, 0x11, 0x21, 0x11, 0x21, 0x11, 0x21, 0x04,
0x00, 0x02, 0x00, 0x01, 0x00, 0xFE, 0x00, 0xFF, 0x00, 0xFC, 0x00, 0x02,
0x00, 0x02, 0x00, 0xFD, 0x00, 0xFF, 0x00, 0x07, 0x00, 0xFA, 0x00, 0xFF,
0x00, 0x01, 0x00, 0x06, 0x00, 0xFA, 0x00, 0xFF, 0x00, 0x01, 0x00, 0x00,
0x00, 0x01, 0x00, 0x00, 0x00, 0x00, 0x07, 0x00, 0x07, 0x00, 0x00, 0x13,
0x00, 0xA6, 0xBA, 0x00, 0x0E, 0x00, 0x0B, 0x00, 0x03, 0x2B, 0xBA, 0x00,
0x10, 0x00, 0x09, 0x00, 0x03, 0x2B, 0xBA, 0x00, 0x04, 0x00, 0x11, 0x00,
0x03, 0x2B, 0xBA, 0x00, 0x01, 0x00, 0x00, 0x00, 0x03, 0x2B, 0xB8, 0x00,
0x00, 0x10, 0xB8, 0x00, 0x05, 0xD0, 0xB8, 0x00, 0x0E, 0x10, 0xB8, 0x00,
0x07, 0xD0, 0x00, 0xB8, 0x00, 0x00, 0x45, 0x58, 0xB8, 0x00, 0x00, 0x2F,
0x1B, 0xB9, 0x00, 0x00, 0x00, 0x05, 0x3E, 0x59, 0xB8, 0x00, 0x00, 0x45,
0x58, 0xB8, 0x00, 0x0C, 0x2F, 0x1B, 0xB9, 0x00, 0x0C, 0x00, 0x05, 0x3E,
0x59, 0xB8, 0x00, 0x00, 0x45, 0x58, 0xB8, 0x00, 0x06, 0x2F, 0x1B, 0xB9,
0x00, 0x06, 0x00, 0x01, 0x3E, 0x59, 0xB8, 0x00, 0x02, 0xDC, 0xB8, 0x00,
0x06, 0x10, 0xB8, 0x00, 0x04, 0xDC, 0xB8, 0x00, 0x08, 0xD0, 0xB8, 0x00,
0x09, 0xD0, 0xB8, 0x00, 0x02, 0x10, 0xB8, 0x00, 0x0A, 0xD0, 0xB8, 0x00,
0x0B, 0xD0, 0xB8, 0x00, 0x0E, 0xD0, 0xB8, 0x00, 0x0F, 0xD0, 0xB8, 0x00,
0x09, 0x10, 0xB8, 0x00, 0x10, 0xD0, 0xB8, 0x00, 0x11, 0xD0, 0xB8, 0x00,
0x0F, 0x10, 0xB8, 0x00, 0x12, 0xD0, 0xB8, 0x00, 0x13, 0xD0, 0x30, 0x31,
0x01, 0x21, 0x11, 0x21, 0x11, 0x21, 0x11, 0x21, 0x11, 0x21, 0x11, 0x21,
0x11, 0x21, 0x11, 0x21, 0x11, 0x21, 0x11, 0x21, 0x05, 0x00, 0x02, 0x00,
0xFF, 0x00, 0xFF, 0x00, 0xFD, 0x00, 0xFF, 0x00, 0xFF, 0x00, 0x02, 0x00,
0x01, 0x00, 0x01, 0x00, 0x01, 0x00, 0x07, 0x00, 0xFB, 0x00, 0xFF, 0x00,
0xFF, 0x00, 0x01, 0x00, 0x01, 0x00, 0x05, 0x00, 0xFB, 0x00, 0xFF, 0x00,
0x01, 0x00, 0x00, 0x00, 0x00, 0x01, 0x00, 0x00, 0x00, 0x00, 0x07, 0x00,
0x07, 0x00, 0x00, 0x13, 0x00, 0xB3, 0xBA, 0x00, 0x0A, 0x00, 0x07, 0x00,
0x03, 0x2B, 0xBA, 0x00, 0x04, 0x00, 0x05, 0x00, 0x03, 0x2B, 0xBA, 0x00,
0x12, 0x00, 0x0F, 0x00, 0x03, 0x2B, 0xB8, 0x00, 0x04, 0x10, 0xB8, 0x00,
0x02, 0xDC, 0xB8, 0x00, 0x00, 0xDC, 0xB8, 0x00, 0x04, 0x10, 0xB8, 0x00,
0x0B, 0xD0, 0xB8, 0x00, 0x03, 0x10, 0xB8, 0x00, 0x0C, 0xD0, 0xB8, 0x00,
0x02, 0x10, 0xB8, 0x00, 0x0D, 0xD0, 0xB8, 0x00, 0x01, 0x10, 0xB8, 0x00,
0x0E, 0xD0, 0x00, 0xB8, 0x00, 0x00, 0x45, 0x58, 0xB8, 0x00, 0x08, 0x2F,
0x1B, 0xB9, 0x00, 0x08, 0x00, 0x05, 0x3E, 0x59, 0xB8, 0x00, 0x00, 0x45,
0x58, 0xB8, 0x00, 0x10, 0x2F, 0x1B, 0xB9, 0x00, 0x10, 0x00, 0x05, 0x3E,
0x59, 0xB8, 0x00, 0x00, 0x45, 0x58, 0xB8, 0x00, 0x00, 0x2F, 0x1B, 0xB9,
0x00, 0x00, 0x00, 0x01, 0x3E, 0x59, 0xB8, 0x00, 0x00, 0x45, 0x58, 0xB8,
0x00, 0x04, 0x2F, 0x1B, 0xB9, 0x00, 0x04, 0x00, 0x01, 0x3E, 0x59, 0xBA,
0x00, 0x0D, 0x00, 0x02, 0x00, 0x03, 0x2B, 0xB8, 0x00, 0x02, 0x10, 0xB8,
0x00, 0x06, 0xD0, 0xB8, 0x00, 0x04, 0x10, 0xB8, 0x00, 0x0A, 0xDC, 0xB8,
0x00, 0x0E, 0xD0, 0xB8, 0x00, 0x0F, 0xD0, 0xB8, 0x00, 0x02, 0x10, 0xB8,
0x00, 0x12, 0xD0, 0x30, 0x31, 0x29, 0x01, 0x11, 0x21, 0x11, 0x21, 0x11,
0x21, 0x11, 0x21, 0x11, 0x21, 0x11, 0x21, 0x11, 0x21, 0x11, 0x21, 0x11,
0x21, 0x06, 0x00, 0xFE, 0x00, 0xFF, 0x00, 0xFE, 0x00, 0xFF, 0x00, 0x02,
0x00, 0x01, 0x00, 0x01, 0x00, 0x01, 0x00, 0x02, 0x00, 0xFF, 0x00, 0x01,
0x00, 0xFF, 0x00, 0x01, 0x00, 0x06, 0x00, 0xFB, 0x00, 0x03, 0x00, 0xFD,
0x00, 0x05, 0x00, 0xFA, 0x00, 0x00, 0x00, 0x00, 0x00, 0x01, 0x00, 0x00,
0x00, 0x00, 0x07, 0x00, 0x07, 0x00, 0x00, 0x23, 0x01, 0x5B, 0xBA, 0x00,
0x01, 0x00, 0x00, 0x00, 0x03, 0x2B, 0xBA, 0x00, 0x18, 0x00, 0x1D, 0x00,
0x03, 0x2B, 0xBA, 0x00, 0x0C, 0x00, 0x05, 0x00, 0x03, 0x2B, 0xB8, 0x00,
0x18, 0x10, 0xB8, 0x00, 0x03, 0xD0, 0xB8, 0x00, 0x01, 0x10, 0xB8, 0x00,
0x08, 0xDC, 0xB8, 0x00, 0x0A, 0xDC, 0xB8, 0x00, 0x08, 0x10, 0xB8, 0x00,
0x0D, 0xD0, 0xB8, 0x00, 0x07, 0x10, 0xB8, 0x00, 0x0E, 0xD0, 0xB8, 0x00,
0x0C, 0x10, 0xB8, 0x00, 0x0F, 0xD0, 0xB8, 0x00, 0x0A, 0x10, 0xB8, 0x00,
0x11, 0xD0, 0xB8, 0x00, 0x08, 0x10, 0xB8, 0x00, 0x13, 0xD0, 0xB8, 0x00,
0x07, 0x10, 0xB8, 0x00, 0x14, 0xD0, 0xB8, 0x00, 0x05, 0x10, 0xB8, 0x00,
0x15, 0xD0, 0xB8, 0x00, 0x01, 0x10, 0xB8, 0x00, 0x19, 0xD0, 0xB8, 0x00,
0x00, 0x10, 0xB8, 0x00, 0x1B, 0xD0, 0xB8, 0x00, 0x01, 0x10, 0xB8, 0x00,
0x1F, 0xD0, 0xB8, 0x00, 0x1D, 0x10, 0xB8, 0x00, 0x21, 0xD0, 0x00, 0xB8,
0x00, 0x00, 0x45, 0x58, 0xB8, 0x00, 0x00, 0x2F, 0x1B, 0xB9, 0x00, 0x00,
0x00, 0x05, 0x3E, 0x59, 0xB8, 0x00, 0x00, 0x45, 0x58, 0xB8, 0x00, 0x08,
0x2F, 0x1B, 0xB9, 0x00, 0x08, 0x00, 0x05, 0x3E, 0x59, 0xB8, 0x00, 0x00,
0x45, 0x58, 0xB8, 0x00, 0x12, 0x2F, 0x1B, 0xB9, 0x00, 0x12, 0x00, 0x01,
0x3E, 0x59, 0xB8, 0x00, 0x00, 0x45, 0x58, 0xB8, 0x00, 0x1A, 0x2F, 0x1B,
0xB9, 0x00, 0x1A, 0x00, 0x01, 0x3E, 0x59, 0xB8, 0x00, 0x00, 0x10, 0xB8,
0x00, 0x02, 0xDC, 0xB8, 0x00, 0x03, 0xD0, 0xB8, 0x00, 0x08, 0x10, 0xB8,
0x00, 0x04, 0xDC, 0xB8, 0x00, 0x03, 0x10, 0xB8, 0x00, 0x06, 0xD0, 0xB8,
0x00, 0x07, 0xD0, 0xB8, 0x00, 0x0A, 0xD0, 0xB8, 0x00, 0x0B, 0xD0, 0xB8,
0x00, 0x04, 0x10, 0xB8, 0x00, 0x0C, 0xD0, 0xB8, 0x00, 0x0D, 0xD0, 0xB8,
0x00, 0x12, 0x10, 0xB8, 0x00, 0x0E, 0xDC, 0xB8, 0x00, 0x12, 0x10, 0xB8,
0x00, 0x10, 0xDC, 0xB8, 0x00, 0x14, 0xD0, 0xB8, 0x00, 0x15, 0xD0, 0xB8,
0x00, 0x0E, 0x10, 0xB8, 0x00, 0x16, 0xD0, 0xB8, 0x00, 0x17, 0xD0, 0xB8,
0x00, 0x15, 0x10, 0xB8, 0x00, 0x18, 0xD0, 0xB8, 0x00, 0x19, 0xD0, 0xB8,
0x00, 0x1C, 0xD0, 0xB8, 0x00, 0x1D, 0xD0, 0xB8, 0x00, 0x17, 0x10, 0xB8,
0x00, 0x1E, 0xD0, 0xB8, 0x00, 0x1F, 0xD0, 0xB8, 0x00, 0x0D, 0x10, 0xB8,
0x00, 0x20, 0xD0, 0xB8, 0x00, 0x21, 0xD0, 0xB8, 0x00, 0x0B, 0x10, 0xB8,
0x00, 0x22, 0xD0, 0xB8, 0x00, 0x23, 0xD0, 0x30, 0x31, 0x11, 0x21, 0x11,
0x21, 0x11, 0x21, 0x11, 0x21, 0x11, 0x21, 0x11, 0x21, 0x11, 0x21, 0x11,
0x21, 0x11, 0x21, 0x11, 0x21, 0x11, 0x21, 0x11, 0x21, 0x11, 0x21, 0x11,
0x21, 0x11, 0x21, 0x11, 0x21, 0x11, 0x21, 0x11, 0x21, 0x02, 0x00, 0x01,
0x00, 0x01, 0x00, 0x01, 0x00, 0x02, 0x00, 0xFF, 0x00, 0xFF, 0x00, 0x01,
0x00, 0x01, 0x00, 0xFE, 0x00, 0xFF, 0x00, 0xFF, 0x00, 0xFF, 0x00, 0xFE,
0x00, 0x01, 0x00, 0x01, 0x00, 0xFF, 0x00, 0xFF, 0x00, 0x07, 0x00, 0xFF,
0x00, 0xFF, 0x00, 0x01, 0x00, 0x01, 0x00, 0xFF, 0x00, 0xFF, 0x00, 0xFD,
0x00, 0xFF, 0x00, 0xFF, 0x00, 0x01, 0x00, 0x01, 0x00, 0xFF, 0x00, 0xFF,
0x00, 0x01, 0x00, 0x01, 0x00, 0x03, 0x00, 0x01, 0x00, 0x00, 0x00, 0x00,
0x00, 0x01, 0x00, 0x00, 0xFD, 0x00, 0x07, 0x00, 0x07, 0x00, 0x00, 0x13,
0x00, 0xAF, 0xBA, 0x00, 0x0A, 0x00, 0x07, 0x00, 0x03, 0x2B, 0xBA, 0x00,
0x10, 0x00, 0x01, 0x00, 0x03, 0x2B, 0xBA, 0x00, 0x0E, 0x00, 0x03, 0x00,
0x03, 0x2B, 0xB8, 0x00, 0x07, 0x10, 0xB8, 0x00, 0x00, 0xD0, 0xB8, 0x00,
0x03, 0x10, 0xB8, 0x00, 0x0B, 0xD0, 0xB8, 0x00, 0x03, 0x10, 0xB8, 0x00,
0x11, 0xD0, 0x00, 0xB8, 0x00, 0x00, 0x45, 0x58, 0xB8, 0x00, 0x08, 0x2F,
0x1B, 0xB9, 0x00, 0x08, 0x00, 0x05, 0x3E, 0x59, 0xB8, 0x00, 0x00, 0x45,
0x58, 0xB8, 0x00, 0x0C, 0x2F, 0x1B, 0xB9, 0x00, 0x0C, 0x00, 0x05, 0x3E,
0x59, 0xB8, 0x00, 0x00, 0x45, 0x58, 0xB8, 0x00, 0x12, 0x2F, 0x1B, 0xB9,
0x00, 0x12, 0x00, 0x03, 0x3E, 0x59, 0xB8, 0x00, 0x00, 0x45, 0x58, 0xB8,
0x00, 0x04, 0x2F, 0x1B, 0xB9, 0x00, 0x04, 0x00, 0x01, 0x3E, 0x59, 0xB8,
0x00, 0x12, 0x10, 0xB8, 0x00, 0x00, 0xDC, 0xB8, 0x00, 0x12, 0x10, 0xB8,
0x00, 0x02, 0xDC, 0xB8, 0x00, 0x04, 0x10, 0xB8, 0x00, 0x06, 0xDC, 0xB8,
0x00, 0x0A, 0xD0, 0xB8, 0x00, 0x0B, 0xD0, 0xB8, 0x00, 0x02, 0x10, 0xB8,
0x00, 0x0E, 0xD0, 0xB8, 0x00, 0x0F, 0xD0, 0xB8, 0x00, 0x00, 0x10, 0xB8,
0x00, 0x10, 0xD0, 0xB8, 0x00, 0x11, 0xD0, 0x30, 0x31, 0x11, 0x21, 0x11,
0x21, 0x11, 0x21, 0x11, 0x21, 0x11, 0x21, 0x11, 0x21, 0x11, 0x21, 0x11,
0x21, 0x11, 0x21, 0x11, 0x21, 0x04, 0x00, 0x01, 0x00, 0xFC, 0x00, 0xFF,
0x00, 0x02, 0x00, 0x03, 0x00, 0x02, 0x00, 0xFF, 0x00, 0xFF, 0x00, 0xFB,
0x00, 0xFE, 0x00, 0x01, 0x00, 0x01, 0x00, 0x01, 0x00, 0x06, 0x00, 0xFA,
0x00, 0x06, 0x00, 0xF8, 0x00, 0xFF, 0x00, 0xFF, 0x00, 0x00, 0x00, 0x00,
0x00, 0x01, 0x00, 0x00, 0x00, 0x00, 0x07, 0x00, 0x07, 0x00, 0x00, 0x1D,
0x01, 0x15, 0xBA, 0x00, 0x1B, 0x00, 0x00, 0x00, 0x03, 0x2B, 0xBA, 0x00,
0x0A, 0x00, 0x13, 0x00, 0x03, 0x2B, 0xB8, 0x00, 0x0A, 0x10, 0xB8, 0x00,
0x06, 0xDC, 0xB8, 0x00, 0x02, 0xDC, 0xB8, 0x00, 0x1B, 0x10, 0xB8, 0x00,
0x08, 0xDC, 0xB8, 0x00, 0x04, 0xDC, 0xB8, 0x00, 0x08, 0x10, 0xB8, 0x00,
0x19, 0xD0, 0xB8, 0x00, 0x07, 0xD0, 0xB8, 0x00, 0x1B, 0x10, 0xB8, 0x00,
0x0B, 0xD0, 0xB8, 0x00, 0x1B, 0x10, 0xB8, 0x00, 0x15, 0xD0, 0xB8, 0x00,
0x0C, 0xD0, 0xB8, 0x00, 0x06, 0x10, 0xB8, 0x00, 0x0D, 0xD0, 0xB8, 0x00,
0x05, 0x10, 0xB8, 0x00, 0x0E, 0xD0, 0xB8, 0x00, 0x02, 0x10, 0xB8, 0x00,
0x0F, 0xD0, 0xB8, 0x00, 0x00, 0x10, 0xB8, 0x00, 0x11, 0xD0, 0xB8, 0x00,
0x0A, 0x10, 0xB8, 0x00, 0x17, 0xD0, 0x00, 0xB8, 0x00, 0x00, 0x45, 0x58,
0xB8, 0x00, 0x00, 0x2F, 0x1B, 0xB9, 0x00, 0x00, 0x00, 0x05, 0x3E, 0x59,
0xB8, 0x00, 0x00, 0x45, 0x58, 0xB8, 0x00, 0x10, 0x2F, 0x1B, 0xB9, 0x00,
0x10, 0x00, 0x01, 0x3E, 0x59, 0xB8, 0x00, 0x00, 0x10, 0xB8, 0x00, 0x02,
0xDC, 0xB8, 0x00, 0x00, 0x10, 0xB8, 0x00, 0x04, 0xDC, 0xB8, 0x00, 0x18,
0xD0, 0xB8, 0x00, 0x19, 0xD0, 0xB8, 0x00, 0x05, 0xD0, 0xB8, 0x00, 0x00,
0x10, 0xB8, 0x00, 0x06, 0xDC, 0xB8, 0x00, 0x16, 0xD0, 0xB8, 0x00, 0x17,
0xD0, 0xB8, 0x00, 0x07, 0xD0, 0xB8, 0x00, 0x10, 0x10, 0xB8, 0x00, 0x08,
0xDC, 0xB8, 0x00, 0x10, 0x10, 0xB8, 0x00, 0x0A, 0xDC, 0xB8, 0x00, 0x10,
0x10, 0xB8, 0x00, 0x0C, 0xDC, 0xB8, 0x00, 0x0A, 0x10, 0xB8, 0x00, 0x0E,
0xD0, 0xB8, 0x00, 0x0F, 0xD0, 0xB8, 0x00, 0x12, 0xD0, 0xB8, 0x00, 0x13,
0xD0, 0xB8, 0x00, 0x08, 0x10, 0xB8, 0x00, 0x14, 0xD0, 0xB8, 0x00, 0x15,
0xD0, 0xB8, 0x00, 0x02, 0x10, 0xB8, 0x00, 0x1A, 0xD0, 0xB8, 0x00, 0x1B,
0xD0, 0xB8, 0x00, 0x19, 0x10, 0xB8, 0x00, 0x1C, 0xD0, 0xB8, 0x00, 0x1D,
0xD0, 0x30, 0x31, 0x11, 0x21, 0x11, 0x21, 0x11, 0x21, 0x11, 0x21, 0x11,
0x21, 0x11, 0x21, 0x11, 0x21, 0x11, 0x21, 0x11, 0x21, 0x11, 0x21, 0x11,
0x21, 0x11, 0x21, 0x11, 0x21, 0x11, 0x21, 0x11, 0x21, 0x07, 0x00, 0xFF,
0x00, 0xFF, 0x00, 0xFF, 0x00, 0xFF, 0x00, 0xFF, 0x00, 0x03, 0x00, 0x02,
0x00, 0xF9, 0x00, 0x01, 0x00, 0x01, 0x00, 0x01, 0x00, 0x01, 0x00, 0xFE,
0x00, 0xFE, 0x00, 0x07, 0x00, 0xFF, 0x00, 0xFF, 0x00, 0xFF, 0x00, 0xFF,
0x00, 0xFF, 0x00, 0xFF, 0x00, 0x01, 0x00, 0xFE, 0x00, 0x02, 0x00, 0x01,
0x00, 0x01, 0x00, 0x01, 0x00, 0x01, 0x00, 0xFF, 0x00, 0x00, 0x00, 0x00,
0x00, 0x01, 0x01, 0x00, 0x00, 0x00, 0x07, 0x00, 0x0A, 0x00, 0x00, 0x13,
0x00, 0xA5, 0xBA, 0x00, 0x08, 0x00, 0x0D, 0x00, 0x03, 0x2B, 0xBA, 0x00,
0x01, 0x00, 0x00, 0x00, 0x03, 0x2B, 0xB8, 0x00, 0x08, 0x10, 0xB8, 0x00,
0x03, 0xD0, 0xB8, 0x00, 0x00, 0x10, 0xB8, 0x00, 0x05, 0xD0, 0xB8, 0x00,
0x01, 0x10, 0xB8, 0x00, 0x09, 0xD0, 0xB8, 0x00, 0x00, 0x10, 0xB8, 0x00,
0x0B, 0xD0, 0xB8, 0x00, 0x0D, 0x10, 0xB8, 0x00, 0x11, 0xD0, 0x00, 0xB8,
0x00, 0x00, 0x45, 0x58, 0xB8, 0x00, 0x00, 0x2F, 0x1B, 0xB9, 0x00, 0x00,
0x00, 0x07, 0x3E, 0x59, 0xB8, 0x00, 0x00, 0x45, 0x58, 0xB8, 0x00, 0x0A,
0x2F, 0x1B, 0xB9, 0x00, 0x0A, 0x00, 0x01, 0x3E, 0x59, 0xBA, 0x00, 0x05,
0x00, 0x06, 0x00, 0x03, 0x2B, 0xB8, 0x00, 0x00, 0x10, 0xB8, 0x00, 0x02,
0xDC, 0xB8, 0x00, 0x00, 0x10, 0xB8, 0x00, 0x04, 0xDC, 0xB8, 0x00, 0x0A,
0x10, 0xB8, 0x00, 0x08, 0xDC, 0xB8, 0x00, 0x0C, 0xD0, 0xB8, 0x00, 0x0D,
0xD0, 0xB8, 0x00, 0x06, 0x10, 0xB8, 0x00, 0x0E, 0xD0, 0xB8, 0x00, 0x04,
0x10, 0xB8, 0x00, 0x10, 0xD0, 0xB8, 0x00, 0x11, 0xD0, 0xB8, 0x00, 0x02,
0x10, 0xB8, 0x00, 0x12, 0xD0, 0xB8, 0x00, 0x13, 0xD0, 0x30, 0x31, 0x01,
0x21, 0x11, 0x21, 0x11, 0x21, 0x11, 0x21, 0x11, 0x21, 0x11, 0x21, 0x11,
0x21, 0x11, 0x21, 0x11, 0x21, 0x11, 0x21, 0x04, 0x00, 0x03, 0x00, 0xFE,
0x00, 0xFF, 0x00, 0x01, 0x00, 0x02, 0x00, 0xFD, 0x00, 0xFF, 0x00, 0xFE,
0x00, 0x02, 0x00, 0x01, 0x00, 0x0A, 0x00, 0xFF, 0x00, 0xFD, 0x00, 0xFF,
0x00, 0xFC, 0x00, 0xFF, 0x00, 0x01, 0x00, 0x04, 0x00, 0x01, 0x00, 0x03,
0x00, 0x00, 0x00, 0x00, 0x00, 0x01, 0x03, 0x00, 0x00, 0x00, 0x05, 0x00,
0x0A, 0x00, 0x00, 0x03, 0x00, 0x2D, 0xBA, 0x00, 0x01, 0x00, 0x00, 0x00,
0x03, 0x2B, 0x00, 0xB8, 0x00, 0x00, 0x45, 0x58, 0xB8, 0x00, 0x00, 0x2F,
0x1B, 0xB9, 0x00, 0x00, 0x00, 0x07, 0x3E, 0x59, 0xB8, 0x00, 0x00, 0x45,
0x58, 0xB8, 0x00, 0x02, 0x2F, 0x1B, 0xB9, 0x00, 0x02, 0x00, 0x01, 0x3E,
0x59, 0x30, 0x31, 0x01, 0x21, 0x11, 0x21, 0x03, 0x00, 0x02, 0x00, 0xFE,
0x00, 0x0A, 0x00, 0xF6, 0x00, 0x00, 0x00, 0x00, 0x00, 0x01, 0x01, 0x00,
0x00, 0x00, 0x07, 0x00, 0x0A, 0x00, 0x00, 0x13, 0x00, 0xA5, 0xBA, 0x00,
0x11, 0x00, 0x00, 0x00, 0x03, 0x2B, 0xBA, 0x00, 0x10, 0x00, 0x01, 0x00,
0x03, 0x2B, 0xB8, 0x00, 0x11, 0x10, 0xB8, 0x00, 0x03, 0xD0, 0xB8, 0x00,
0x01, 0x10, 0xB8, 0x00, 0x05, 0xD0, 0xB8, 0x00, 0x00, 0x10, 0xB8, 0x00,
0x07, 0xD0, 0xB8, 0x00, 0x11, 0x10, 0xB8, 0x00, 0x09, 0xD0, 0xB8, 0x00,
0x10, 0x10, 0xB8, 0x00, 0x0B, 0xD0, 0x00, 0xB8, 0x00, 0x00, 0x45, 0x58,
0xB8, 0x00, 0x08, 0x2F, 0x1B, 0xB9, 0x00, 0x08, 0x00, 0x07, 0x3E, 0x59,
0xB8, 0x00, 0x00, 0x45, 0x58, 0xB8, 0x00, 0x12, 0x2F, 0x1B, 0xB9, 0x00,
0x12, 0x00, 0x01, 0x3E, 0x59, 0xBA, 0x00, 0x05, 0x00, 0x02, 0x00, 0x03,
0x2B, 0xB8, 0x00, 0x12, 0x10, 0xB8, 0x00, 0x00, 0xDC, 0xB8, 0x00, 0x08,
0x10, 0xB8, 0x00, 0x04, 0xDC, 0xB8, 0x00, 0x08, 0x10, 0xB8, 0x00, 0x06,
0xDC, 0xB8, 0x00, 0x0A, 0xD0, 0xB8, 0x00, 0x0B, 0xD0, 0xB8, 0x00, 0x04,
0x10, 0xB8, 0x00, 0x0C, 0xD0, 0xB8, 0x00, 0x0D, 0xD0, 0xB8, 0x00, 0x02,
0x10, 0xB8, 0x00, 0x0E, 0xD0, 0xB8, 0x00, 0x00, 0x10, 0xB8, 0x00, 0x10,
0xD0, 0xB8, 0x00, 0x11, 0xD0, 0x30, 0x31, 0x01, 0x21, 0x11, 0x21, 0x11,
0x21, 0x11, 0x21, 0x11, 0x21, 0x11, 0x21, 0x11, 0x21, 0x11, 0x21, 0x11,
0x21, 0x11, 0x21, 0x01, 0x00, 0x02, 0x00, 0x01, 0x00, 0xFF, 0x00, 0xFE,
0x00, 0x03, 0x00, 0x01, 0x00, 0x02, 0x00, 0xFE, 0x00, 0xFF, 0x00, 0xFD,
0x00, 0x01, 0x00, 0x04, 0x00, 0x01, 0x00, 0x03, 0x00, 0x01, 0x00, 0xFF,
0x00, 0xFD, 0x00, 0xFF, 0x00, 0xFC, 0x00, 0xFF, 0x00, 0x00, 0x00, 0x00,
0x00, 0x01, 0x00, 0x00, 0x09, 0x00, 0x07, 0x00, 0x0B, 0x00, 0x00, 0x0F,
0x00, 0xA3, 0xB8, 0x00, 0x10, 0x2F, 0xB8, 0x00, 0x00, 0x2F, 0xB8, 0x00,
0x01, 0xDC, 0xB8, 0x00, 0x10, 0x10, 0xB8, 0x00, 0x09, 0xD0, 0xB8, 0x00,
0x09, 0x2F, 0xB8, 0x00, 0x08, 0xDC, 0x00, 0xB8, 0x00, 0x00, 0x45, 0x58,
0xB8, 0x00, 0x02, 0x2F, 0x1B, 0xB9, 0x00, 0x02, 0x00, 0x07, 0x3E, 0x59,
0xB8, 0x00, 0x00, 0x45, 0x58, 0xB8, 0x00, 0x06, 0x2F, 0x1B, 0xB9, 0x00,
0x06, 0x00, 0x07, 0x3E, 0x59, 0xB8, 0x00, 0x00, 0x45, 0x58, 0xB8, 0x00,
0x0A, 0x2F, 0x1B, 0xB9, 0x00, 0x0A, 0x00, 0x07, 0x3E, 0x59, 0xB8, 0x00,
0x00, 0x45, 0x58, 0xB8, 0x00, 0x0E, 0x2F, 0x1B, 0xB9, 0x00, 0x0E, 0x00,
0x07, 0x3E, 0x59, 0xB8, 0x00, 0x02, 0x10, 0xB8, 0x00, 0x01, 0xDC, 0xB8,
0x00, 0x02, 0x10, 0xB8, 0x00, 0x04, 0xDC, 0xB8, 0x00, 0x05, 0xD0, 0xB8,
0x00, 0x02, 0x10, 0xB8, 0x00, 0x07, 0xD0, 0xB8, 0x00, 0x05, 0x10, 0xB8,
0x00, 0x08, 0xD0, 0xB8, 0x00, 0x09, 0xD0, 0xB8, 0x00, 0x02, 0x10, 0xB8,
0x00, 0x0B, 0xD0, 0xB8, 0x00, 0x01, 0x10, 0xB8, 0x00, 0x0C, 0xD0, 0xB8,
0x00, 0x02, 0x10, 0xB8, 0x00, 0x0F, 0xD0, 0x30, 0x31, 0x01, 0x21, 0x11,
0x21, 0x11, 0x21, 0x11, 0x21, 0x11, 0x21, 0x11, 0x21, 0x11, 0x21, 0x11,
0x21, 0x05, 0x00, 0x02, 0x00, 0xFF, 0x00, 0xFD, 0x00, 0xFF, 0x00, 0xFE,
0x00, 0x01, 0x00, 0x03, 0x00, 0x01, 0x00, 0x0B, 0x00, 0xFF, 0x00, 0xFF,
0x00, 0x01, 0x00, 0xFF, 0x00, 0x01, 0x00, 0x01, 0x00, 0xFF, 0x00, 0x00,
0x00, 0x02, 0x00, 0x00, 0x01, 0x00, 0x07, 0x00, 0x08, 0x00, 0x00, 0x07,
0x00, 0x17, 0x00, 0xC1, 0xBA, 0x00, 0x04, 0x00, 0x0D, 0x00, 0x03, 0x2B,
0xBA, 0x00, 0x02, 0x00, 0x0F, 0x00, 0x03, 0x2B, 0xBA, 0x00, 0x0C, 0x00,
0x05, 0x00, 0x03, 0x2B, 0xB8, 0x00, 0x02, 0x10, 0xB8, 0x00, 0x00, 0xDC,
0xB8, 0x00, 0x05, 0x10, 0xB8, 0x00, 0x08, 0xD0, 0xB8, 0x00, 0x00, 0x10,
0xB8, 0x00, 0x09, 0xDC, 0xB8, 0x00, 0x04, 0x10, 0xB8, 0x00, 0x11, 0xD0,
0xB8, 0x00, 0x02, 0x10, 0xB8, 0x00, 0x13, 0xD0, 0xB8, 0x00, 0x01, 0x10,
0xB8, 0x00, 0x14, 0xD0, 0xB8, 0x00, 0x00, 0x10, 0xB8, 0x00, 0x15, 0xD0,
0x00, 0xB8, 0x00, 0x00, 0x45, 0x58, 0xB8, 0x00, 0x12, 0x2F, 0x1B, 0xB9,
0x00, 0x12, 0x00, 0x05, 0x3E, 0x59, 0xB8, 0x00, 0x00, 0x45, 0x58, 0xB8,
0x00, 0x16, 0x2F, 0x1B, 0xB9, 0x00, 0x16, 0x00, 0x05, 0x3E, 0x59, 0xBA,
0x00, 0x15, 0x00, 0x00, 0x00, 0x03, 0x2B, 0xB8, 0x00, 0x12, 0x10, 0xB8,
0x00, 0x02, 0xDC, 0xB8, 0x00, 0x06, 0xD0, 0xB8, 0x00, 0x07, 0xD0, 0xB8,
0x00, 0x0A, 0xD0, 0xB8, 0x00, 0x0B, 0xD0, 0xB8, 0x00, 0x03, 0xD0, 0xB8,
0x00, 0x0B, 0x10, 0xB8, 0x00, 0x0C, 0xDC, 0xB8, 0x00, 0x05, 0xDC, 0xB8,
0x00, 0x00, 0x10, 0xB8, 0x00, 0x08, 0xD0, 0xB8, 0x00, 0x0B, 0x10, 0xB8,
0x00, 0x0E, 0xD0, 0xB8, 0x00, 0x0F, 0xD0, 0xB8, 0x00, 0x00, 0x10, 0xB8,
0x00, 0x10, 0xD0, 0x30, 0x31, 0x01, 0x21, 0x11, 0x21, 0x11, 0x21, 0x11,
0x21, 0x01, 0x21, 0x11, 0x21, 0x11, 0x21, 0x11, 0x21, 0x11, 0x21, 0x11,
0x21, 0x11, 0x21, 0x11, 0x21, 0x04, 0x00, 0xFF, 0x00, 0xFF, 0x00, 0x03,
0x00, 0xFF, 0x00, 0x01, 0x00, 0x01, 0x00, 0x01, 0x00, 0xF9, 0x00, 0x01,
0x00, 0x01, 0x00, 0x01, 0x00, 0x01, 0x00, 0x01, 0x00, 0x06, 0x00, 0xFF,
0x00, 0xFD, 0x00, 0x03, 0x00, 0x01, 0x00, 0xFF, 0x00, 0xFC, 0x00, 0x04,
0x00, 0x01, 0x00, 0x01, 0x00, 0x01, 0x00, 0xFF, 0x00, 0x00, 0x00, 0x00,
0x00, 0x01, 0x00, 0x00, 0xFE, 0x00, 0x07, 0x00, 0x0A, 0x00, 0x00, 0x27,
0x01, 0x7E, 0xBA, 0x00, 0x18, 0x00, 0x07, 0x00, 0x03, 0x2B, 0xBA, 0x00,
0x01, 0x00, 0x00, 0x00, 0x03, 0x2B, 0xB8, 0x00, 0x18, 0x10, 0xB8, 0x00,
0x03, 0xD0, 0xB8, 0x00, 0x00, 0x10, 0xB8, 0x00, 0x05, 0xD0, 0xB8, 0x00,
0x00, 0x10, 0xB8, 0x00, 0x09, 0xD0, 0xB8, 0x00, 0x18, 0x10, 0xB8, 0x00,
0x0B, 0xD0, 0xB8, 0x00, 0x03, 0x10, 0xB8, 0x00, 0x0C, 0xD0, 0xB8, 0x00,
0x18, 0x10, 0xB8, 0x00, 0x22, 0xDC, 0xB8, 0x00, 0x0D, 0xD0, 0xB8, 0x00,
0x01, 0x10, 0xB8, 0x00, 0x24, 0xDC, 0xB8, 0x00, 0x0F, 0xDC, 0xB8, 0x00,
0x22, 0x10, 0xB8, 0x00, 0x11, 0xD0, 0xB8, 0x00, 0x24, 0x10, 0xB8, 0x00,
0x13, 0xD0, 0xB8, 0x00, 0x01, 0x10, 0xB8, 0x00, 0x15, 0xD0, 0xB8, 0x00,
0x01, 0x10, 0xB8, 0x00, 0x19, 0xD0, 0xB8, 0x00, 0x24, 0x10, 0xB8, 0x00,
0x1B, 0xD0, 0xB8, 0x00, 0x14, 0x10, 0xB8, 0x00, 0x1C, 0xD0, 0xB8, 0x00,
0x22, 0x10, 0xB8, 0x00, 0x1D, 0xD0, 0xB8, 0x00, 0x0F, 0x10, 0xB8, 0x00,
0x1F, 0xD0, 0xB8, 0x00, 0x14, 0x10, 0xB8, 0x00, 0x23, 0xD0, 0xB8, 0x00,
0x00, 0x10, 0xB8, 0x00, 0x25, 0xDC, 0x00, 0xB8, 0x00, 0x00, 0x45, 0x58,
0xB8, 0x00, 0x0C, 0x2F, 0x1B, 0xB9, 0x00, 0x0C, 0x00, 0x07, 0x3E, 0x59,
0xB8, 0x00, 0x00, 0x45, 0x58, 0xB8, 0x00, 0x02, 0x2F, 0x1B, 0xB9, 0x00,
0x02, 0x00, 0x01, 0x3E, 0x59, 0xB8, 0x00, 0x00, 0x45, 0x58, 0xB8, 0x00,
0x22, 0x2F, 0x1B, 0xB9, 0x00, 0x22, 0x00, 0x01, 0x3E, 0x59, 0xBA, 0x00,
0x25, 0x00, 0x26, 0x00, 0x03, 0x2B, 0xBA, 0x00, 0x1E, 0x00, 0x21, 0x00,
0x03, 0x2B, 0xB8, 0x00, 0x25, 0x10, 0xB8, 0x00, 0x00, 0xD0, 0xB8, 0x00,
0x21, 0x10, 0xB8, 0x00, 0x04, 0xD0, 0xB8, 0x00, 0x00, 0x10, 0xB8, 0x00,
0x05, 0xDC, 0xB8, 0x00, 0x02, 0x10, 0xB8, 0x00, 0x06, 0xDC, 0xB8, 0x00,
0x0C, 0x10, 0xB8, 0x00, 0x08, 0xDC, 0xB8, 0x00, 0x0C, 0x10, 0xB8, 0x00,
0x0A, 0xDC, 0xB8, 0x00, 0x0E, 0xD0, 0xB8, 0x00, 0x0F, 0xD0, 0xB8, 0x00,
0x0B, 0xD0, 0xB8, 0x00, 0x0F, 0x10, 0xB8, 0x00, 0x10, 0xDC, 0xB8, 0x00,
0x08, 0x10, 0xB8, 0x00, 0x12, 0xD0, 0xB8, 0x00, 0x13, 0xD0, 0xB8, 0x00,
0x0F, 0x10, 0xB8, 0x00, 0x14, 0xD0, 0xB8, 0x00, 0x15, 0xD0, 0xB8, 0x00,
0x13, 0x10, 0xB8, 0x00, 0x16, 0xD0, 0xB8, 0x00, 0x17, 0xD0, 0xB8, 0x00,
0x06, 0x10, 0xB8, 0x00, 0x18, 0xD0, 0xB8, 0x00, 0x19, 0xD0, 0xB8, 0x00,
0x05, 0x10, 0xB8, 0x00, 0x1A, 0xD0, 0xB8, 0x00, 0x21, 0x10, 0xB8, 0x00,
0x1B, 0xD0, 0xB8, 0x00, 0x19, 0x10, 0xB8, 0x00, 0x1C, 0xD0, 0xB8, 0x00,
0x1D, 0xD0, 0xB8, 0x00, 0x05, 0x10, 0xB8, 0x00, 0x20, 0xD0, 0x30, 0x31,
0x01, 0x21, 0x11, 0x21, 0x11, 0x21, 0x11, 0x21, 0x11, 0x21, 0x11, 0x21,
0x11, 0x21, 0x11, 0x21, 0x11, 0x21, 0x11, 0x21, 0x11, 0x21, 0x11, 0x21,
0x11, 0x21, 0x11, 0x21, 0x11, 0x21, 0x11, 0x21, 0x11, 0x21, 0x11, 0x21,
0x11, 0x21, 0x11, 0x21, 0x01, 0x00, 0x02, 0x00, 0xFF, 0x00, 0xFF, 0x00,
0xFF, 0x00, 0x01, 0x00, 0x01, 0x00, 0x04, 0x00, 0x01, 0x00, 0xFF, 0x00,
0xFF, 0x00, 0xFE, 0x00, 0xFF, 0x00, 0x01, 0x00, 0x02, 0x00, 0x01, 0x00,
0x01, 0x00, 0xFF, 0x00, 0xFF, 0x00, 0xFF, 0x00, 0xFD, 0x00, 0xFF, 0x00,
0x01, 0x00, 0x01, 0x00, 0x01, 0x00, 0x06, 0x00, 0x01, 0x00, 0x01, 0x00,
0xFF, 0x00, 0xFE, 0x00, 0x01, 0x00, 0x01, 0x00, 0xFF, 0x00, 0xFA, 0x00,
0xFF, 0x00, 0x01, 0x00, 0x01, 0x00, 0xFE, 0x00, 0xFF, 0x00, 0xFF, 0x00,
0xFF, 0x00, 0x00, 0x00, 0x00, 0x04, 0x00, 0x00, 0x00, 0x00, 0x07, 0x00,
0x0A, 0x00, 0x00, 0x03, 0x00, 0x07, 0x00, 0x0F, 0x00, 0x17, 0x00, 0xD9,
0xBA, 0x00, 0x05, 0x00, 0x04, 0x00, 0x03, 0x2B, 0xBA, 0x00, 0x01, 0x00,
0x00, 0x00, 0x03, 0x2B, 0xBA, 0x00, 0x0C, 0x00, 0x0D, 0x00, 0x03, 0x2B,
0xB8, 0x00, 0x00, 0x10, 0xB8, 0x00, 0x08, 0xD0, 0xB8, 0x00, 0x01, 0x10,
0xB8, 0x00, 0x09, 0xD0, 0xB8, 0x00, 0x04, 0x10, 0xB8, 0x00, 0x10, 0xD0,
0xB8, 0x00, 0x05, 0x10, 0xB8, 0x00, 0x11, 0xD0, 0xB8, 0x00, 0x00, 0x10,
0xB8, 0x00, 0x13, 0xD0, 0x00, 0xB8, 0x00, 0x00, 0x45, 0x58, 0xB8, 0x00,
0x08, 0x2F, 0x1B, 0xB9, 0x00, 0x08, 0x00, 0x05, 0x3E, 0x59, 0xB8, 0x00,
0x00, 0x45, 0x58, 0xB8, 0x00, 0x10, 0x2F, 0x1B, 0xB9, 0x00, 0x10, 0x00,
0x05, 0x3E, 0x59, 0xB8, 0x00, 0x00, 0x45, 0x58, 0xB8, 0x00, 0x00, 0x2F,
0x1B, 0xB9, 0x00, 0x00, 0x00, 0x07, 0x3E, 0x59, 0xB8, 0x00, 0x00, 0x45,
0x58, 0xB8, 0x00, 0x04, 0x2F, 0x1B, 0xB9, 0x00, 0x04, 0x00, 0x07, 0x3E,
0x59, 0xB8, 0x00, 0x00, 0x45, 0x58, 0xB8, 0x00, 0x0C, 0x2F, 0x1B, 0xB9,
0x00, 0x0C, 0x00, 0x01, 0x3E, 0x59, 0xB8, 0x00, 0x00, 0x45, 0x58, 0xB8,
0x00, 0x14, 0x2F, 0x1B, 0xB9, 0x00, 0x14, 0x00, 0x01, 0x3E, 0x59, 0xB8,
0x00, 0x00, 0x10, 0xB8, 0x00, 0x02, 0xDC, 0xB8, 0x00, 0x06, 0xD0, 0xB8,
0x00, 0x07, 0xD0, 0xB8, 0x00, 0x0C, 0x10, 0xB8, 0x00, 0x0A, 0xDC, 0xB8,
0x00, 0x0E, 0xD0, 0xB8, 0x00, 0x0F, 0xD0, 0xB8, 0x00, 0x12, 0xD0, 0xB8,
0x00, 0x13, 0xD0, 0xB8, 0x00, 0x16, 0xD0, 0xB8, 0x00, 0x17, 0xD0, 0x30,
0x31, 0x01, 0x21, 0x11, 0x21, 0x01, 0x21, 0x11, 0x21, 0x01, 0x21, 0x11,
0x21, 0x11, 0x21, 0x11, 0x21, 0x01, 0x21, 0x11, 0x21, 0x11, 0x21, 0x11,
0x21, 0x04, 0x00, 0x02, 0x00, 0xFE, 0x00, 0xFC, 0x00, 0x02, 0x00, 0xFE,
0x00, 0x04, 0x00, 0x02, 0x00, 0x01, 0x00, 0xFE, 0x00, 0xFF, 0x00, 0xFC,
0x00, 0x02, 0x00, 0x02, 0x00, 0xFD, 0x00, 0xFF, 0x00, 0x0A, 0x00, 0xFF,
0x00, 0x01, 0x00, 0xFF, 0x00, 0xFE, 0x00, 0xFA, 0x00, 0xFF, 0x00, 0x01,
0x00, 0x06, 0x00, 0xFA, 0x00, 0xFF, 0x00, 0x01, 0x00, 0x00, 0x00, 0x00,
0x00, 0x03, 0x00, 0x00, 0x00, 0x00, 0x07, 0x00, 0x0B, 0x00, 0x00, 0x03,
0x00, 0x0F, 0x00, 0x21, 0x01, 0x33, 0xBA, 0x00, 0x16, 0x00, 0x1F, 0x00,
0x03, 0x2B, 0xBA, 0x00, 0x09, 0x00, 0x04, 0x00, 0x03, 0x2B, 0xB8, 0x00,
0x16, 0x10, 0xB8, 0x00, 0x00, 0xD0, 0xB8, 0x00, 0x09, 0x10, 0xB8, 0x00,
0x01, 0xD0, 0xB8, 0x00, 0x16, 0x10, 0xB8, 0x00, 0x0D, 0xD0, 0xB8, 0x00,
0x03, 0xD0, 0xB8, 0x00, 0x16, 0x10, 0xB8, 0x00, 0x0C, 0xDC, 0xB8, 0x00,
0x05, 0xD0, 0xB8, 0x00, 0x0C, 0x10, 0xB8, 0x00, 0x08, 0xDC, 0xB8, 0x00,
0x05, 0x10, 0xB8, 0x00, 0x0B, 0xD0, 0xB8, 0x00, 0x08, 0x10, 0xB8, 0x00,
0x11, 0xD0, 0xB8, 0x00, 0x09, 0x10, 0xB8, 0x00, 0x13, 0xDC, 0xB8, 0x00,
0x09, 0x10, 0xB8, 0x00, 0x17, 0xD0, 0xB8, 0x00, 0x02, 0x10, 0xB8, 0x00,
0x18, 0xD0, 0xB8, 0x00, 0x13, 0x10, 0xB8, 0x00, 0x19, 0xD0, 0xB8, 0x00,
0x08, 0x10, 0xB8, 0x00, 0x1B, 0xD0, 0x00, 0xB8, 0x00, 0x00, 0x45, 0x58,
0xB8, 0x00, 0x04, 0x2F, 0x1B, 0xB9, 0x00, 0x04, 0x00, 0x07, 0x3E, 0x59,
0xB8, 0x00, 0x00, 0x45, 0x58, 0xB8, 0x00, 0x08, 0x2F, 0x1B, 0xB9, 0x00,
0x08, 0x00, 0x07, 0x3E, 0x59, 0xB8, 0x00, 0x00, 0x45, 0x58, 0xB8, 0x00,
0x10, 0x2F, 0x1B, 0xB9, 0x00, 0x10, 0x00, 0x05, 0x3E, 0x59, 0xB8, 0x00,
0x00, 0x45, 0x58, 0xB8, 0x00, 0x1C, 0x2F, 0x1B, 0xB9, 0x00, 0x1C, 0x00,
0x01, 0x3E, 0x59, 0xBA, 0x00, 0x06, 0x00, 0x05, 0x00, 0x03, 0x2B, 0xBA,
0x00, 0x18, 0x00, 0x17, 0x00, 0x03, 0x2B, 0xB8, 0x00, 0x10, 0x10, 0xB8,
0x00, 0x02, 0xDC, 0xB8, 0x00, 0x12, 0xD0, 0xB8, 0x00, 0x13, 0xD0, 0xB8,
0x00, 0x14, 0xDC, 0xB8, 0x00, 0x01, 0xDC, 0xB8, 0x00, 0x13, 0x10, 0xB8,
0x00, 0x03, 0xD0, 0xB8, 0x00, 0x05, 0x10, 0xB8, 0x00, 0x09, 0xD0, 0xB8,
0x00, 0x06, 0x10, 0xB8, 0x00, 0x0B, 0xDC, 0xB8, 0x00, 0x04, 0x10, 0xB8,
0x00, 0x0C, 0xDC, 0xB8, 0x00, 0x0B, 0x10, 0xB8, 0x00, 0x0E, 0xD0, 0xB8,
0x00, 0x1C, 0x10, 0xB8, 0x00, 0x16, 0xDC, 0xB8, 0x00, 0x1A, 0xD0, 0xB8,
0x00, 0x1B, 0xD0, 0xB8, 0x00, 0x1E, 0xD0, 0xB8, 0x00, 0x1F, 0xD0, 0xB8,
0x00, 0x13, 0x10, 0xB8, 0x00, 0x20, 0xD0, 0xB8, 0x00, 0x21, 0xD0, 0x30,
0x31, 0x01, 0x21, 0x11, 0x21, 0x01, 0x21, 0x11, 0x21, 0x11, 0x21, 0x11,
0x21, 0x11, 0x21, 0x11, 0x21, 0x01, 0x21, 0x11, 0x21, 0x11, 0x21, 0x11,
0x21, 0x11, 0x21, 0x11, 0x21, 0x11, 0x21, 0x11, 0x21, 0x11, 0x21, 0x02,
0x00, 0x03, 0x00, 0xFD, 0x00, 0x01, 0x00, 0x01, 0x00, 0x02, 0x00, 0xFF,
0x00, 0xFF, 0x00, 0xFE, 0x00, 0x01, 0x00, 0xFE, 0x00, 0x05, 0x00, 0x01,
0x00, 0xFB, 0x00, 0x03, 0x00, 0x02, 0x00, 0xFF, 0x00, 0xFB, 0x00, 0xFF,
0x00, 0x01, 0x00, 0x05, 0x00, 0x01, 0x00, 0x04, 0x00, 0x01, 0x00, 0xFF,
0x00, 0xFF, 0x00, 0xFF, 0x00, 0x01, 0x00, 0xFE, 0x00, 0xFF, 0x00, 0xFE,
0x00, 0xFD, 0x00, 0x01, 0x00, 0xFF, 0x00, 0xFF, 0x00, 0x01, 0x00, 0x05,
0x00, 0x00, 0x00, 0x00, 0x00, 0x02, 0x00, 0x00, 0x00, 0x00, 0x07, 0x00,
0x0B, 0x00, 0x00, 0x0F, 0x00, 0x28, 0x01, 0x94, 0xBA, 0x00, 0x27, 0x00,
0x13, 0x00, 0x03, 0x2B, 0xBA, 0x00, 0x0D, 0x00, 0x00, 0x00, 0x03, 0x2B,
0xB8, 0x00, 0x27, 0x10, 0xB8, 0x00, 0x01, 0xD0, 0xB8, 0x00, 0x0D, 0x10,
0xB8, 0x00, 0x03, 0xD0, 0xB8, 0x00, 0x0C, 0x10, 0xB8, 0x00, 0x05, 0xD0,
0xB8, 0x00, 0x0D, 0x10, 0xB8, 0x00, 0x06, 0xDC, 0xB8, 0x00, 0x22, 0x10,
0xB8, 0x00, 0x07, 0xD0, 0xB8, 0x00, 0x27, 0x10, 0xB8, 0x00, 0x08, 0xDC,
0xB8, 0x00, 0x06, 0x10, 0xB8, 0x00, 0x09, 0xDC, 0xB8, 0x00, 0x06, 0x10,
0xB8, 0x00, 0x0B, 0xD0, 0xB8, 0x00, 0x06, 0x10, 0xB8, 0x00, 0x10, 0xD0,
0xB8, 0x00, 0x00, 0x10, 0xB8, 0x00, 0x11, 0xD0, 0xB8, 0x00, 0x00, 0x10,
0xB8, 0x00, 0x15, 0xD0, 0xB8, 0x00, 0x06, 0x10, 0xB8, 0x00, 0x17, 0xD0,
0xB8, 0x00, 0x0C, 0x10, 0xB8, 0x00, 0x18, 0xD0, 0xB8, 0x00, 0x00, 0x10,
0xB8, 0x00, 0x19, 0xD0, 0xB8, 0x00, 0x08, 0x10, 0xB8, 0x00, 0x1B, 0xD0,
0xB8, 0x00, 0x22, 0x10, 0xB8, 0x00, 0x1C, 0xD0, 0xB8, 0x00, 0x09, 0x10,
0xB8, 0x00, 0x1D, 0xD0, 0xB8, 0x00, 0x08, 0x10, 0xB8, 0x00, 0x1F, 0xDC,
0xB8, 0x00, 0x08, 0x10, 0xB8, 0x00, 0x21, 0xD0, 0xB8, 0x00, 0x06, 0x10,
0xB8, 0x00, 0x24, 0xD0, 0xB8, 0x00, 0x0C, 0x10, 0xB8, 0x00, 0x25, 0xD0,
0xB8, 0x00, 0x0C, 0x10, 0xB8, 0x00, 0x28, 0xD0, 0x00, 0xB8, 0x00, 0x00,
0x45, 0x58, 0xB8, 0x00, 0x02, 0x2F, 0x1B, 0xB9, 0x00, 0x02, 0x00, 0x07,
0x3E, 0x59, 0xB8, 0x00, 0x00, 0x45, 0x58, 0xB8, 0x00, 0x06, 0x2F, 0x1B,
0xB9, 0x00, 0x06, 0x00, 0x07, 0x3E, 0x59, 0xB8, 0x00, 0x00, 0x45, 0x58,
0xB8, 0x00, 0x1A, 0x2F, 0x1B, 0xB9, 0x00, 0x1A, 0x00, 0x05, 0x3E, 0x59,
0xB8, 0x00, 0x00, 0x45, 0x58, 0xB8, 0x00, 0x10, 0x2F, 0x1B, 0xB9, 0x00,
0x10, 0x00, 0x01, 0x3E, 0x59, 0xB8, 0x00, 0x00, 0x45, 0x58, 0xB8, 0x00,
0x20, 0x2F, 0x1B, 0xB9, 0x00, 0x20, 0x00, 0x01, 0x3E, 0x59, 0xBA, 0x00,
0x04, 0x00, 0x0D, 0x00, 0x03, 0x2B, 0xB8, 0x00, 0x0D, 0x10, 0xB8, 0x00,
0x00, 0xD0, 0xB8, 0x00, 0x06, 0x10, 0xB8, 0x00, 0x0A, 0xDC, 0xB8, 0x00,
0x09, 0xDC, 0xB8, 0x00, 0x01, 0xD0, 0xB8, 0x00, 0x0D, 0x10, 0xB8, 0x00,
0x08, 0xD0, 0xB8, 0x00, 0x0A, 0x10, 0xB8, 0x00, 0x0E, 0xD0, 0xB8, 0x00,
0x0F, 0xD0, 0xB8, 0x00, 0x10, 0x10, 0xB8, 0x00, 0x12, 0xDC, 0xB8, 0x00,
0x15, 0xDC, 0xB8, 0x00, 0x16, 0xDC, 0xB8, 0x00, 0x1A, 0x10, 0xB8, 0x00,
0x18, 0xDC, 0xB8, 0x00, 0x1C, 0xD0, 0xB8, 0x00, 0x1D, 0xD0, 0xB8, 0x00,
0x12, 0x10, 0xB8, 0x00, 0x1E, 0xD0, 0xB8, 0x00, 0x1F, 0xD0, 0xB8, 0x00,
0x22, 0xD0, 0xB8, 0x00, 0x23, 0xD0, 0xB8, 0x00, 0x15, 0x10, 0xB8, 0x00,
0x25, 0xD0, 0xB8, 0x00, 0x23, 0x10, 0xB8, 0x00, 0x27, 0xD0, 0xB8, 0x00,
0x28, 0xD0, 0x30, 0x31, 0x01, 0x21, 0x11, 0x21, 0x11, 0x21, 0x11, 0x21,
0x11, 0x21, 0x11, 0x21, 0x11, 0x21, 0x11, 0x21, 0x01, 0x21, 0x11, 0x21,
0x11, 0x21, 0x11, 0x21, 0x11, 0x21, 0x11, 0x21, 0x11, 0x21, 0x11, 0x21,
0x11, 0x21, 0x11, 0x23, 0x27, 0x11, 0x21, 0x11, 0x21, 0x01, 0x00, 0x01,
0x00, 0x01, 0x00, 0x01, 0x00, 0x01, 0x00, 0x01, 0x00, 0xFE, 0x00, 0xFF,
0x00, 0xFE, 0x00, 0x03, 0x00, 0xFD, 0x00, 0xFF, 0x00, 0x01, 0x00, 0x03,
0x00, 0xFD, 0x00, 0x04, 0x00, 0x01, 0x00, 0x01, 0x00, 0xFE, 0x00, 0xFE,
0x02, 0xFE, 0x00, 0x02, 0x00, 0x09, 0x00, 0x01, 0x00, 0x01, 0x00, 0xFF,
0x00, 0xFF, 0x00, 0xFF, 0x00, 0x01, 0x00, 0xFF, 0x00, 0xF8, 0x00, 0x01,
0x00, 0x03, 0x00, 0x01, 0x00, 0x01, 0x00, 0x01, 0x00, 0xFF, 0x00, 0xFB,
0x00, 0xFF, 0x00, 0x01, 0x00, 0x02, 0x02, 0xFE, 0xFD, 0x00, 0x00, 0x00,
0x00, 0x03, 0x00, 0x00, 0x00, 0x00, 0x07, 0x00, 0x0A, 0x00, 0x00, 0x03,
0x00, 0x07, 0x00, 0x20, 0x01, 0x34, 0xBA, 0x00, 0x05, 0x00, 0x04, 0x00,
0x03, 0x2B, 0xBA, 0x00, 0x08, 0x00, 0x09, 0x00, 0x03, 0x2B, 0xBA, 0x00,
0x17, 0x00, 0x1A, 0x00, 0x03, 0x2B, 0xB8, 0x00, 0x08, 0x10, 0xB8, 0x00,
0x00, 0xD0, 0xB8, 0x00, 0x08, 0x10, 0xB8, 0x00, 0x01, 0xDC, 0xB8, 0x00,
0x04, 0x10, 0xB8, 0x00, 0x0B, 0xD0, 0xB8, 0x00, 0x09, 0x10, 0xB8, 0x00,
0x0D, 0xD0, 0xB8, 0x00, 0x08, 0x10, 0xB8, 0x00, 0x0F, 0xD0, 0xB8, 0x00,
0x00, 0x10, 0xB8, 0x00, 0x10, 0xD0, 0xB8, 0x00, 0x09, 0x10, 0xB8, 0x00,
0x11, 0xD0, 0xB8, 0x00, 0x1A, 0x10, 0xB8, 0x00, 0x13, 0xD0, 0xB8, 0x00,
0x09, 0x10, 0xB8, 0x00, 0x19, 0xDC, 0xB8, 0x00, 0x14, 0xD0, 0xB8, 0x00,
0x01, 0x10, 0xB8, 0x00, 0x15, 0xD0, 0xB8, 0x00, 0x08, 0x10, 0xB8, 0x00,
0x1C, 0xD0, 0xB8, 0x00, 0x00, 0x10, 0xB8, 0x00, 0x1D, 0xD0, 0xB8, 0x00,
0x05, 0x10, 0xB8, 0x00, 0x1E, 0xD0, 0x00, 0xB8, 0x00, 0x00, 0x45, 0x58,
0xB8, 0x00, 0x00, 0x2F, 0x1B, 0xB9, 0x00, 0x00, 0x00, 0x07, 0x3E, 0x59,
0xB8, 0x00, 0x00, 0x45, 0x58, 0xB8, 0x00, 0x04, 0x2F, 0x1B, 0xB9, 0x00,
0x04, 0x00, 0x07, 0x3E, 0x59, 0xB8, 0x00, 0x00, 0x45, 0x58, 0xB8, 0x00,
0x12, 0x2F, 0x1B, 0xB9, 0x00, 0x12, 0x00, 0x05, 0x3E, 0x59, 0xB8, 0x00,
0x00, 0x45, 0x58, 0xB8, 0x00, 0x08, 0x2F, 0x1B, 0xB9, 0x00, 0x08, 0x00,
0x01, 0x3E, 0x59, 0xB8, 0x00, 0x00, 0x45, 0x58, 0xB8, 0x00, 0x18, 0x2F,
0x1B, 0xB9, 0x00, 0x18, 0x00, 0x01, 0x3E, 0x59, 0xB8, 0x00, 0x00, 0x10,
0xB8, 0x00, 0x02, 0xDC, 0xB8, 0x00, 0x06, 0xD0, 0xB8, 0x00, 0x07, 0xD0,
0xB8, 0x00, 0x08, 0x10, 0xB8, 0x00, 0x0A, 0xDC, 0xB8, 0x00, 0x0D, 0xDC,
0xB8, 0x00, 0x0E, 0xDC, 0xB8, 0x00, 0x12, 0x10, 0xB8, 0x00, 0x10, 0xDC,
0xB8, 0x00, 0x14, 0xD0, 0xB8, 0x00, 0x15, 0xD0, 0xB8, 0x00, 0x0A, 0x10,
0xB8, 0x00, 0x16, 0xD0, 0xB8, 0x00, 0x17, 0xD0, 0xB8, 0x00, 0x1A, 0xD0,
0xB8, 0x00, 0x1B, 0xD0, 0xB8, 0x00, 0x0D, 0x10, 0xB8, 0x00, 0x1D, 0xD0,
0xB8, 0x00, 0x1B, 0x10, 0xB8, 0x00, 0x1F, 0xD0, 0xB8, 0x00, 0x20, 0xD0,
0x30, 0x31, 0x01, 0x21, 0x11, 0x21, 0x01, 0x21, 0x11, 0x21, 0x01, 0x21,
0x11, 0x21, 0x11, 0x21, 0x11, 0x21, 0x11, 0x21, 0x11, 0x21, 0x11, 0x21,
0x11, 0x21, 0x11, 0x21, 0x11, 0x23, 0x27, 0x11, 0x21, 0x11, 0x21, 0x04,
0x00, 0x02, 0x00, 0xFE, 0x00, 0xFC, 0x00, 0x02, 0x00, 0xFE, 0x00, 0x04,
0x00, 0xFD, 0x00, 0xFF, 0x00, 0x01, 0x00, 0x03, 0x00, 0xFD, 0x00, 0x04,
0x00, 0x01, 0x00, 0x01, 0x00, 0xFE, 0x00, 0xFE, 0x02, 0xFE, 0x00, 0x02,
0x00, 0x0A, 0x00, 0xFF, 0x00, 0x01, 0x00, 0xFF, 0x00, 0xF7, 0x00, 0x01,
0x00, 0x03, 0x00, 0x01, 0x00, 0x01, 0x00, 0x01, 0x00, 0xFF, 0x00, 0xFB,
0x00, 0xFF, 0x00, 0x01, 0x00, 0x02, 0x02, 0xFE, 0xFD, 0x00, 0x00, 0x00,
0x00, 0x02, 0x00, 0x00, 0x00, 0x00, 0x07, 0x00, 0x0B, 0x00, 0x00, 0x0B,
0x00, 0x24, 0x01, 0x78, 0xBA, 0x00, 0x23, 0x00, 0x0F, 0x00, 0x03, 0x2B,
0xBA, 0x00, 0x06, 0x00, 0x03, 0x00, 0x03, 0x2B, 0xB8, 0x00, 0x06, 0x10,
0xB8, 0x00, 0x00, 0xD0, 0xB8, 0x00, 0x23, 0x10, 0xB8, 0x00, 0x01, 0xD0,
0xB8, 0x00, 0x14, 0x10, 0xB8, 0x00, 0x07, 0xD0, 0xB8, 0x00, 0x23, 0x10,
0xB8, 0x00, 0x08, 0xDC, 0xB8, 0x00, 0x06, 0x10, 0xB8, 0x00, 0x09, 0xDC,
0xB8, 0x00, 0x1E, 0x10, 0xB8, 0x00, 0x0A, 0xD0, 0xB8, 0x00, 0x08, 0x10,
0xB8, 0x00, 0x0C, 0xD0, 0xB8, 0x00, 0x03, 0x10, 0xB8, 0x00, 0x0D, 0xD0,
0xB8, 0x00, 0x03, 0x10, 0xB8, 0x00, 0x11, 0xD0, 0xB8, 0x00, 0x08, 0x10,
0xB8, 0x00, 0x13, 0xD0, 0xB8, 0x00, 0x03, 0x10, 0xB8, 0x00, 0x15, 0xD0,
0xB8, 0x00, 0x09, 0x10, 0xB8, 0x00, 0x17, 0xD0, 0xB8, 0x00, 0x1E, 0x10,
0xB8, 0x00, 0x18, 0xD0, 0xB8, 0x00, 0x08, 0x10, 0xB8, 0x00, 0x19, 0xDC,
0xB8, 0x00, 0x09, 0x10, 0xB8, 0x00, 0x1B, 0xDC, 0xB8, 0x00, 0x09, 0x10,
0xB8, 0x00, 0x1D, 0xD0, 0xB8, 0x00, 0x08, 0x10, 0xB8, 0x00, 0x20, 0xD0,
0xB8, 0x00, 0x14, 0x10, 0xB8, 0x00, 0x21, 0xD0, 0xB8, 0x00, 0x14, 0x10,
0xB8, 0x00, 0x24, 0xD0, 0x00, 0xB8, 0x00, 0x00, 0x45, 0x58, 0xB8, 0x00,
0x02, 0x2F, 0x1B, 0xB9, 0x00, 0x02, 0x00, 0x07, 0x3E, 0x59, 0xB8, 0x00,
0x00, 0x45, 0x58, 0xB8, 0x00, 0x06, 0x2F, 0x1B, 0xB9, 0x00, 0x06, 0x00,
0x07, 0x3E, 0x59, 0xB8, 0x00, 0x00, 0x45, 0x58, 0xB8, 0x00, 0x16, 0x2F,
0x1B, 0xB9, 0x00, 0x16, 0x00, 0x05, 0x3E, 0x59, 0xB8, 0x00, 0x00, 0x45,
0x58, 0xB8, 0x00, 0x0C, 0x2F, 0x1B, 0xB9, 0x00, 0x0C, 0x00, 0x01, 0x3E,
0x59, 0xB8, 0x00, 0x00, 0x45, 0x58, 0xB8, 0x00, 0x1C, 0x2F, 0x1B, 0xB9,
0x00, 0x1C, 0x00, 0x01, 0x3E, 0x59, 0xBA, 0x00, 0x04, 0x00, 0x03, 0x00,
0x03, 0x2B, 0xB8, 0x00, 0x04, 0x10, 0xB8, 0x00, 0x00, 0xDC, 0xB8, 0x00,
0x06, 0x10, 0xB8, 0x00, 0x0A, 0xDC, 0xB8, 0x00, 0x09, 0xDC, 0xB8, 0x00,
0x01, 0xD0, 0xB8, 0x00, 0x03, 0x10, 0xB8, 0x00, 0x07, 0xD0, 0xB8, 0x00,
0x00, 0x10, 0xB8, 0x00, 0x08, 0xD0, 0xB8, 0x00, 0x0C, 0x10, 0xB8, 0x00,
0x0E, 0xDC, 0xB8, 0x00, 0x11, 0xDC, 0xB8, 0x00, 0x12, 0xDC, 0xB8, 0x00,
0x16, 0x10, 0xB8, 0x00, 0x14, 0xDC, 0xB8, 0x00, 0x18, 0xD0, 0xB8, 0x00,
0x19, 0xD0, 0xB8, 0x00, 0x0E, 0x10, 0xB8, 0x00, 0x1A, 0xD0, 0xB8, 0x00,
0x1B, 0xD0, 0xB8, 0x00, 0x1E, 0xD0, 0xB8, 0x00, 0x1F, 0xD0, 0xB8, 0x00,
0x11, 0x10, 0xB8, 0x00, 0x21, 0xD0, 0xB8, 0x00, 0x1F, 0x10, 0xB8, 0x00,
0x23, 0xD0, 0xB8, 0x00, 0x24, 0xD0, 0x30, 0x31, 0x01, 0x21, 0x11, 0x21,
0x11, 0x21, 0x11, 0x21, 0x11, 0x21, 0x11, 0x21, 0x01, 0x21, 0x11, 0x21,
0x11, 0x21, 0x11, 0x21, 0x11, 0x21, 0x11, 0x21, 0x11, 0x21, 0x11, 0x21,
0x11, 0x21, 0x11, 0x23, 0x27, 0x11, 0x21, 0x11, 0x21, 0x03, 0x00, 0xFF,
0x00, 0xFF, 0x00, 0x02, 0x00, 0x01, 0x00, 0x01, 0x00, 0xFE, 0x00, 0x01,
0x00, 0xFD, 0x00, 0xFF, 0x00, 0x01, 0x00, 0x03, 0x00, 0xFD, 0x00, 0x04,
0x00, 0x01, 0x00, 0x01, 0x00, 0xFE, 0x00, 0xFE, 0x02, 0xFE, 0x00, 0x02,
0x00, 0x09, 0x00, 0x01, 0x00, 0x01, 0x00, 0xFF, 0x00, 0xFF, 0x00, 0xFF,
0x00, 0xF8, 0x00, 0x01, 0x00, 0x03, 0x00, 0x01, 0x00, 0x01, 0x00, 0x01,
0x00, 0xFF, 0x00, 0xFB, 0x00, 0xFF, 0x00, 0x01, 0x00, 0x02, 0x02, 0xFE,
0xFD, 0x00, 0x00, 0x00, 0x00, 0x03, 0x00, 0x00, 0x00, 0x00, 0x07, 0x00,
0x0B, 0x00, 0x00, 0x03, 0x00, 0x0F, 0x00, 0x28, 0x01, 0x95, 0xBA, 0x00,
0x27, 0x00, 0x13, 0x00, 0x03, 0x2B, 0xBA, 0x00, 0x01, 0x00, 0x04, 0x00,
0x03, 0x2B, 0xBA, 0x00, 0x09, 0x00, 0x00, 0x00, 0x03, 0x2B, 0xB8, 0x00,
0x27, 0x10, 0xB8, 0x00, 0x05, 0xD0, 0xB8, 0x00, 0x22, 0x10, 0xB8, 0x00,
0x07, 0xD0, 0xB8, 0x00, 0x27, 0x10, 0xB8, 0x00, 0x08, 0xDC, 0xB8, 0x00,
0x0B, 0xD0, 0xB8, 0x00, 0x22, 0x10, 0xB8, 0x00, 0x0C, 0xD0, 0xB8, 0x00,
0x27, 0x10, 0xB8, 0x00, 0x0D, 0xD0, 0xB8, 0x00, 0x05, 0x10, 0xB8, 0x00,
0x0E, 0xD0, 0xB8, 0x00, 0x00, 0x10, 0xB8, 0x00, 0x10, 0xD0, 0xB8, 0x00,
0x04, 0x10, 0xB8, 0x00, 0x11, 0xD0, 0xB8, 0x00, 0x04, 0x10, 0xB8, 0x00,
0x15, 0xD0, 0xB8, 0x00, 0x00, 0x10, 0xB8, 0x00, 0x17, 0xD0, 0xB8, 0x00,
0x04, 0x10, 0xB8, 0x00, 0x19, 0xD0, 0xB8, 0x00, 0x08, 0x10, 0xB8, 0x00,
0x1B, 0xD0, 0xB8, 0x00, 0x22, 0x10, 0xB8, 0x00, 0x1C, 0xD0, 0xB8, 0x00,
0x09, 0x10, 0xB8, 0x00, 0x1D, 0xD0, 0xB8, 0x00, 0x08, 0x10, 0xB8, 0x00,
0x1F, 0xDC, 0xB8, 0x00, 0x08, 0x10, 0xB8, 0x00, 0x21, 0xD0, 0xB8, 0x00,
0x00, 0x10, 0xB8, 0x00, 0x24, 0xD0, 0x00, 0xB8, 0x00, 0x00, 0x45, 0x58,
0xB8, 0x00, 0x00, 0x2F, 0x1B, 0xB9, 0x00, 0x00, 0x00, 0x07, 0x3E, 0x59,
0xB8, 0x00, 0x00, 0x45, 0x58, 0xB8, 0x00, 0x04, 0x2F, 0x1B, 0xB9, 0x00,
0x04, 0x00, 0x07, 0x3E, 0x59, 0xB8, 0x00, 0x00, 0x45, 0x58, 0xB8, 0x00,
0x08, 0x2F, 0x1B, 0xB9, 0x00, 0x08, 0x00, 0x07, 0x3E, 0x59, 0xB8, 0x00,
0x00, 0x45, 0x58, 0xB8, 0x00, 0x1A, 0x2F, 0x1B, 0xB9, 0x00, 0x1A, 0x00,
0x05, 0x3E, 0x59, 0xB8, 0x00, 0x00, 0x45, 0x58, 0xB8, 0x00, 0x10, 0x2F,
0x1B, 0xB9, 0x00, 0x10, 0x00, 0x01, 0x3E, 0x59, 0xB8, 0x00, 0x00, 0x45,
0x58, 0xB8, 0x00, 0x20, 0x2F, 0x1B, 0xB9, 0x00, 0x20, 0x00, 0x01, 0x3E,
0x59, 0xB8, 0x00, 0x08, 0x10, 0xB8, 0x00, 0x01, 0xD0, 0xB8, 0x00, 0x00,
0x10, 0xB8, 0x00, 0x02, 0xDC, 0xB8, 0x00, 0x0A, 0xD0, 0xB8, 0x00, 0x0B,
0xD0, 0xB8, 0x00, 0x03, 0xD0, 0xB8, 0x00, 0x08, 0x10, 0xB8, 0x00, 0x05,
0xD0, 0xB8, 0x00, 0x08, 0x10, 0xB8, 0x00, 0x07, 0xDC, 0xB8, 0x00, 0x0B,
0x10, 0xB8, 0x00, 0x0C, 0xDC, 0xB8, 0x00, 0x0B, 0x10, 0xB8, 0x00, 0x0E,
0xD0, 0xB8, 0x00, 0x0F, 0xD0, 0xB8, 0x00, 0x10, 0x10, 0xB8, 0x00, 0x12,
0xDC, 0xB8, 0x00, 0x15, 0xDC, 0xB8, 0x00, 0x16, 0xDC, 0xB8, 0x00, 0x1A,
0x10, 0xB8, 0x00, 0x18, 0xDC, 0xB8, 0x00, 0x1C, 0xD0, 0xB8, 0x00, 0x1D,
0xD0, 0xB8, 0x00, 0x12, 0x10, 0xB8, 0x00, 0x1E, 0xD0, 0xB8, 0x00, 0x1F,
0xD0, 0xB8, 0x00, 0x22, 0xD0, 0xB8, 0x00, 0x23, 0xD0, 0xB8, 0x00, 0x15,
0x10, 0xB8, 0x00, 0x25, 0xD0, 0xB8, 0x00, 0x23, 0x10, 0xB8, 0x00, 0x27,
0xD0, 0xB8, 0x00, 0x28, 0xD0, 0x30, 0x31, 0x01, 0x21, 0x11, 0x21, 0x01,
0x21, 0x11, 0x21, 0x11, 0x21, 0x11, 0x21, 0x11, 0x21, 0x11, 0x21, 0x01,
0x21, 0x11, 0x21, 0x11, 0x21, 0x11, 0x21, 0x11, 0x21, 0x11, 0x21, 0x11,
0x21, 0x11, 0x21, 0x11, 0x21, 0x11, 0x23, 0x27, 0x11, 0x21, 0x11, 0x21,
0x04, 0x00, 0xFF, 0x00, 0x01, 0x00, 0xFD, 0x00, 0x01, 0x00, 0x03, 0x00,
0x01, 0x00, 0xFF, 0x00, 0xFD, 0x00, 0xFF, 0x00, 0x03, 0x00, 0xFD, 0x00,
0xFF, 0x00, 0x01, 0x00, 0x03, 0x00, 0xFD, 0x00, 0x04, 0x00, 0x01, 0x00,
0x01, 0x00, 0xFE, 0x00, 0xFE, 0x02, 0xFE, 0x00, 0x02, 0x00, 0x0A, 0x00,
0xFF, 0x00, 0x01, 0x00, 0x01, 0x00, 0xFF, 0x00, 0xFF, 0x00, 0xFF, 0x00,
0x01, 0x00, 0xF7, 0x00, 0x01, 0x00, 0x03, 0x00, 0x01, 0x00, 0x01, 0x00,
0x01, 0x00, 0xFF, 0x00, 0xFB, 0x00, 0xFF, 0x00, 0x01, 0x00, 0x02, 0x02,
0xFE, 0xFD, 0x00, 0x00, 0x00, 0x01, 0x00, 0x00, 0xFE, 0x00, 0x07, 0x00,
0x07, 0x00, 0x00, 0x1B, 0x00, 0xE6, 0xBA, 0x00, 0x10, 0x00, 0x05, 0x00,
0x03, 0x2B, 0xBA, 0x00, 0x19, 0x00, 0x00, 0x00, 0x03, 0x2B, 0xBA, 0x00,
0x18, 0x00, 0x01, 0x00, 0x03, 0x2B, 0xB8, 0x00, 0x00, 0x10, 0xB8, 0x00,
0x03, 0xD0, 0xB8, 0x00, 0x00, 0x10, 0xB8, 0x00, 0x07, 0xD0, 0xB8, 0x00,
0x18, 0x10, 0xB8, 0x00, 0x0C, 0xDC, 0xB8, 0x00, 0x18, 0x10, 0xB8, 0x00,
0x0D, 0xD0, 0xB8, 0x00, 0x18, 0x10, 0xB8, 0x00, 0x11, 0xD0, 0xB8, 0x00,
0x0D, 0x10, 0xB8, 0x00, 0x12, 0xD0, 0xB8, 0x00, 0x0C, 0x10, 0xB8, 0x00,
0x13, 0xD0, 0x00, 0xB8, 0x00, 0x00, 0x45, 0x58, 0xB8, 0x00, 0x08, 0x2F,
0x1B, 0xB9, 0x00, 0x08, 0x00, 0x05, 0x3E, 0x59, 0xB8, 0x00, 0x00, 0x45,
0x58, 0xB8, 0x00, 0x02, 0x2F, 0x1B, 0xB9, 0x00, 0x02, 0x00, 0x01, 0x3E,
0x59, 0xB8, 0x00, 0x00, 0x45, 0x58, 0xB8, 0x00, 0x16, 0x2F, 0x1B, 0xB9,
0x00, 0x16, 0x00, 0x01, 0x3E, 0x59, 0xBA, 0x00, 0x19, 0x00, 0x1A, 0x00,
0x03, 0x2B, 0xB8, 0x00, 0x19, 0x10, 0xB8, 0x00, 0x00, 0xD0, 0xB8, 0x00,
0x02, 0x10, 0xB8, 0x00, 0x04, 0xDC, 0xB8, 0x00, 0x10, 0xD0, 0xB8, 0x00,
0x11, 0xD0, 0xB8, 0x00, 0x05, 0xD0, 0xB8, 0x00, 0x08, 0x10, 0xB8, 0x00,
0x06, 0xDC, 0xB8, 0x00, 0x0A, 0xD0, 0xB8, 0x00, 0x0B, 0xD0, 0xB8, 0x00,
0x07, 0xD0, 0xB8, 0x00, 0x0B, 0x10, 0xB8, 0x00, 0x0C, 0xDC, 0xB8, 0x00,
0x0B, 0x10, 0xB8, 0x00, 0x0E, 0xD0, 0xB8, 0x00, 0x0F, 0xD0, 0xB8, 0x00,
0x11, 0x10, 0xB8, 0x00, 0x12, 0xDC, 0xB8, 0x00, 0x11, 0x10, 0xB8, 0x00,
0x14, 0xD0, 0xB8, 0x00, 0x15, 0xD0, 0x30, 0x31, 0x01, 0x21, 0x11, 0x21,
0x11, 0x21, 0x11, 0x21, 0x11, 0x21, 0x11, 0x21, 0x11, 0x21, 0x11, 0x21,
0x11, 0x21, 0x11, 0x21, 0x11, 0x21, 0x11, 0x21, 0x11, 0x21, 0x11, 0x21,
0x01, 0x00, 0x02, 0x00, 0xFE, 0x00, 0xFF, 0x00, 0x01, 0x00, 0x05, 0x00,
0x01, 0x00, 0xFE, 0x00, 0xFD, 0x00, 0x03, 0x00, 0x02, 0x00, 0xFF, 0x00,
0xFF, 0x00, 0xFF, 0x00, 0xFD, 0x00, 0xFF, 0x00, 0x01, 0x00, 0x01, 0x00,
0x05, 0x00, 0x01, 0x00, 0xFF, 0x00, 0xFF, 0x00, 0x01, 0x00, 0xFB, 0x00,
0x01, 0x00, 0xFF, 0x00, 0xFF, 0x00, 0xFF, 0x00, 0xFF, 0x00, 0x00, 0x00,
0x00, 0x03, 0x00, 0x00, 0x00, 0x00, 0x07, 0x00, 0x0B, 0x00, 0x00, 0x03,
0x00, 0x13, 0x00, 0x25, 0x01, 0x53, 0xBA, 0x00, 0x1A, 0x00, 0x23, 0x00,
0x03, 0x2B, 0xBA, 0x00, 0x0E, 0x00, 0x0F, 0x00, 0x03, 0x2B, 0xBA, 0x00,
0x17, 0x00, 0x02, 0x00, 0x03, 0x2B, 0xB8, 0x00, 0x1A, 0x10, 0xB8, 0x00,
0x00, 0xD0, 0xB8, 0x00, 0x0E, 0x10, 0xB8, 0x00, 0x04, 0xD0, 0xB8, 0x00,
0x0E, 0x10, 0xB8, 0x00, 0x05, 0xDC, 0xB8, 0x00, 0x0C, 0x10, 0xB8, 0x00,
0x06, 0xD0, 0xB8, 0x00, 0x02, 0x10, 0xB8, 0x00, 0x07, 0xD0, 0xB8, 0x00,
0x05, 0x10, 0xB8, 0x00, 0x09, 0xDC, 0xB8, 0x00, 0x05, 0x10, 0xB8, 0x00,
0x0B, 0xD0, 0xB8, 0x00, 0x1A, 0x10, 0xB8, 0x00, 0x11, 0xD0, 0xB8, 0x00,
0x0F, 0x10, 0xB8, 0x00, 0x14, 0xD0, 0xB8, 0x00, 0x09, 0x10, 0xB8, 0x00,
0x15, 0xD0, 0xB8, 0x00, 0x02, 0x10, 0xB8, 0x00, 0x1B, 0xD0, 0xB8, 0x00,
0x17, 0x10, 0xB8, 0x00, 0x1D, 0xD0, 0xB8, 0x00, 0x09, 0x10, 0xB8, 0x00,
0x1F, 0xD0, 0xB8, 0x00, 0x0F, 0x10, 0xB8, 0x00, 0x21, 0xD0, 0x00, 0xB8,
0x00, 0x00, 0x45, 0x58, 0xB8, 0x00, 0x06, 0x2F, 0x1B, 0xB9, 0x00, 0x06,
0x00, 0x07, 0x3E, 0x59, 0xB8, 0x00, 0x00, 0x45, 0x58, 0xB8, 0x00, 0x12,
0x2F, 0x1B, 0xB9, 0x00, 0x12, 0x00, 0x07, 0x3E, 0x59, 0xB8, 0x00, 0x00,
0x45, 0x58, 0xB8, 0x00, 0x14, 0x2F, 0x1B, 0xB9, 0x00, 0x14, 0x00, 0x05,
0x3E, 0x59, 0xB8, 0x00, 0x00, 0x45, 0x58, 0xB8, 0x00, 0x20, 0x2F, 0x1B,
0xB9, 0x00, 0x20, 0x00, 0x01, 0x3E, 0x59, 0xBA, 0x00, 0x1C, 0x00, 0x1B,
0x00, 0x03, 0x2B, 0xBA, 0x00, 0x05, 0x00, 0x0C, 0x00, 0x03, 0x2B, 0xB8,
0x00, 0x14, 0x10, 0xB8, 0x00, 0x02, 0xDC, 0xB8, 0x00, 0x16, 0xD0, 0xB8,
0x00, 0x17, 0xD0, 0xB8, 0x00, 0x18, 0xDC, 0xB8, 0x00, 0x01, 0xDC, 0xB8,
0x00, 0x17, 0x10, 0xB8, 0x00, 0x03, 0xD0, 0xB8, 0x00, 0x0C, 0x10, 0xB8,
0x00, 0x08, 0xD0, 0xB8, 0x00, 0x06, 0x10, 0xB8, 0x00, 0x0A, 0xDC, 0xB8,
0x00, 0x09, 0xDC, 0xB8, 0x00, 0x0A, 0x10, 0xB8, 0x00, 0x0E, 0xD0, 0xB8,
0x00, 0x0F, 0xD0, 0xB8, 0x00, 0x0C, 0x10, 0xB8, 0x00, 0x10, 0xD0, 0xB8,
0x00, 0x09, 0x10, 0xB8, 0x00, 0x11, 0xD0, 0xB8, 0x00, 0x20, 0x10, 0xB8,
0x00, 0x1A, 0xDC, 0xB8, 0x00, 0x1E, 0xD0, 0xB8, 0x00, 0x1F, 0xD0, 0xB8,
0x00, 0x22, 0xD0, 0xB8, 0x00, 0x23, 0xD0, 0xB8, 0x00, 0x17, 0x10, 0xB8,
0x00, 0x24, 0xD0, 0xB8, 0x00, 0x25, 0xD0, 0x30, 0x31, 0x01, 0x21, 0x11,
0x21, 0x01, 0x21, 0x11, 0x21, 0x11, 0x21, 0x11, 0x21, 0x11, 0x21, 0x11,
0x21, 0x11, 0x21, 0x11, 0x21, 0x01, 0x21, 0x11, 0x21, 0x11, 0x21, 0x11,
0x21, 0x11, 0x21, 0x11, 0x21, 0x11, 0x21, 0x11, 0x21, 0x11, 0x21, 0x02,
0x00, 0x03, 0x00, 0xFD, 0x00, 0x01, 0x00, 0x01, 0x00, 0x01, 0x00, 0x01,
0x00, 0xFE, 0x00, 0xFF, 0x00, 0xFE, 0x00, 0x01, 0x00, 0x01, 0x00, 0xFE,
0x00, 0x05, 0x00, 0x01, 0x00, 0xFB, 0x00, 0x03, 0x00, 0x02, 0x00, 0xFF,
0x00, 0xFB, 0x00, 0xFF, 0x00, 0x01, 0x00, 0x05, 0x00, 0x01, 0x00, 0x05,
0x00, 0xFF, 0x00, 0xFF, 0x00, 0xFF, 0x00, 0x01, 0x00, 0xFF, 0x00, 0x01,
0x00, 0x01, 0x00, 0xFD, 0x00, 0xFF, 0x00, 0xFE, 0x00, 0xFD, 0x00, 0x01,
0x00, 0xFF, 0x00, 0xFF, 0x00, 0x01, 0x00, 0x05, 0x00, 0x00, 0x00, 0x00,
0x00, 0x04, 0x00, 0x00, 0x00, 0x00, 0x07, 0x00, 0x0A, 0x00, 0x00, 0x03,
0x00, 0x07, 0x00, 0x0B, 0x00, 0x1D, 0x00, 0xF3, 0xB8, 0x00, 0x1E, 0x2F,
0xB8, 0x00, 0x00, 0x2F, 0xB8, 0x00, 0x01, 0xDC, 0xB8, 0x00, 0x1E, 0x10,
0xB8, 0x00, 0x04, 0xD0, 0xB8, 0x00, 0x04, 0x2F, 0xB8, 0x00, 0x05, 0xDC,
0xB8, 0x00, 0x08, 0xD0, 0xB8, 0x00, 0x00, 0x10, 0xB8, 0x00, 0x09, 0xD0,
0xB8, 0x00, 0x01, 0x10, 0xB8, 0x00, 0x0F, 0xD0, 0xB8, 0x00, 0x05, 0x10,
0xB8, 0x00, 0x11, 0xD0, 0xB8, 0x00, 0x00, 0x10, 0xB8, 0x00, 0x13, 0xD0,
0xB8, 0x00, 0x01, 0x10, 0xB8, 0x00, 0x15, 0xD0, 0xB8, 0x00, 0x04, 0x10,
0xB8, 0x00, 0x1B, 0xD0, 0x00, 0xB8, 0x00, 0x00, 0x45, 0x58, 0xB8, 0x00,
0x00, 0x2F, 0x1B, 0xB9, 0x00, 0x00, 0x00, 0x07, 0x3E, 0x59, 0xB8, 0x00,
0x00, 0x45, 0x58, 0xB8, 0x00, 0x04, 0x2F, 0x1B, 0xB9, 0x00, 0x04, 0x00,
0x07, 0x3E, 0x59, 0xB8, 0x00, 0x00, 0x45, 0x58, 0xB8, 0x00, 0x0C, 0x2F,
0x1B, 0xB9, 0x00, 0x0C, 0x00, 0x05, 0x3E, 0x59, 0xB8, 0x00, 0x00, 0x45,
0x58, 0xB8, 0x00, 0x18, 0x2F, 0x1B, 0xB9, 0x00, 0x18, 0x00, 0x01, 0x3E,
0x59, 0xBA, 0x00, 0x14, 0x00, 0x13, 0x00, 0x03, 0x2B, 0xB8, 0x00, 0x00,
0x10, 0xB8, 0x00, 0x02, 0xDC, 0xB8, 0x00, 0x06, 0xD0, 0xB8, 0x00, 0x07,
0xD0, 0xB8, 0x00, 0x0C, 0x10, 0xB8, 0x00, 0x0A, 0xDC, 0xB8, 0x00, 0x0E,
0xD0, 0xB8, 0x00, 0x0F, 0xD0, 0xB8, 0x00, 0x10, 0xDC, 0xB8, 0x00, 0x09,
0xDC, 0xB8, 0x00, 0x0F, 0x10, 0xB8, 0x00, 0x0B, 0xD0, 0xB8, 0x00, 0x18,
0x10, 0xB8, 0x00, 0x12, 0xDC, 0xB8, 0x00, 0x16, 0xD0, 0xB8, 0x00, 0x17,
0xD0, 0xB8, 0x00, 0x1A, 0xD0, 0xB8, 0x00, 0x1B, 0xD0, 0xB8, 0x00, 0x0F,
0x10, 0xB8, 0x00, 0x1C, 0xD0, 0xB8, 0x00, 0x1D, 0xD0, 0x30, 0x31, 0x01,
0x21, 0x11, 0x21, 0x01, 0x21, 0x11, 0x21, 0x01, 0x21, 0x11, 0x21, 0x01,
0x21, 0x11, 0x21, 0x11, 0x21, 0x11, 0x21, 0x11, 0x21, 0x11, 0x21, 0x11,
0x21, 0x11, 0x21, 0x11, 0x21, 0x05, 0x00, 0x02, 0x00, 0xFE, 0x00, 0xFB,
0x00, 0x02, 0x00, 0xFE, 0x00, 0x02, 0x00, 0x03, 0x00, 0xFD, 0x00, 0xFF,
0x00, 0x05, 0x00, 0x01, 0x00, 0xFB, 0x00, 0x03, 0x00, 0x02, 0x00, 0xFF,
0x00, 0xFB, 0x00, 0xFF, 0x00, 0x01, 0x00, 0x0A, 0x00, 0xFF, 0x00, 0x01,
0x00, 0xFF, 0x00, 0xFC, 0x00, 0x01, 0x00, 0x01, 0x00, 0xFF, 0x00, 0xFE,
0x00, 0xFD, 0x00, 0x01, 0x00, 0xFF, 0x00, 0xFF, 0x00, 0x01, 0x00, 0x05,
0x00, 0x00, 0x00, 0x00, 0x00, 0x03, 0x00, 0x00, 0x00, 0x00, 0x07, 0x00,
0x0B, 0x00, 0x00, 0x03, 0x00, 0x0F, 0x00, 0x21, 0x01, 0x3B, 0xBA, 0x00,
0x16, 0x00, 0x1F, 0x00, 0x03, 0x2B, 0xBA, 0x00, 0x0A, 0x00, 0x07, 0x00,
0x03, 0x2B, 0xB8, 0x00, 0x16, 0x10, 0xB8, 0x00, 0x00, 0xD0, 0xB8, 0x00,
0x0A, 0x10, 0xB8, 0x00, 0x0D, 0xDC, 0xB8, 0x00, 0x01, 0xD0, 0xB8, 0x00,
0x16, 0x10, 0xB8, 0x00, 0x05, 0xD0, 0xB8, 0x00, 0x03, 0xD0, 0xB8, 0x00,
0x0A, 0x10, 0xB8, 0x00, 0x04, 0xD0, 0xB8, 0x00, 0x16, 0x10, 0xB8, 0x00,
0x0C, 0xDC, 0xB8, 0x00, 0x02, 0x10, 0xB8, 0x00, 0x0E, 0xD0, 0xB8, 0x00,
0x07, 0x10, 0xB8, 0x00, 0x10, 0xD0, 0xB8, 0x00, 0x0D, 0x10, 0xB8, 0x00,
0x13, 0xDC, 0xB8, 0x00, 0x0D, 0x10, 0xB8, 0x00, 0x17, 0xD0, 0xB8, 0x00,
0x02, 0x10, 0xB8, 0x00, 0x18, 0xD0, 0xB8, 0x00, 0x13, 0x10, 0xB8, 0x00,
0x19, 0xD0, 0xB8, 0x00, 0x07, 0x10, 0xB8, 0x00, 0x1D, 0xD0, 0x00, 0xB8,
0x00, 0x00, 0x45, 0x58, 0xB8, 0x00, 0x06, 0x2F, 0x1B, 0xB9, 0x00, 0x06,
0x00, 0x07, 0x3E, 0x59, 0xB8, 0x00, 0x00, 0x45, 0x58, 0xB8, 0x00, 0x0A,
0x2F, 0x1B, 0xB9, 0x00, 0x0A, 0x00, 0x07, 0x3E, 0x59, 0xB8, 0x00, 0x00,
0x45, 0x58, 0xB8, 0x00, 0x10, 0x2F, 0x1B, 0xB9, 0x00, 0x10, 0x00, 0x05,
0x3E, 0x59, 0xB8, 0x00, 0x00, 0x45, 0x58, 0xB8, 0x00, 0x1C, 0x2F, 0x1B,
0xB9, 0x00, 0x1C, 0x00, 0x01, 0x3E, 0x59, 0xBA, 0x00, 0x08, 0x00, 0x07,
0x00, 0x03, 0x2B, 0xBA, 0x00, 0x18, 0x00, 0x17, 0x00, 0x03, 0x2B, 0xB8,
0x00, 0x10, 0x10, 0xB8, 0x00, 0x02, 0xDC, 0xB8, 0x00, 0x12, 0xD0, 0xB8,
0x00, 0x13, 0xD0, 0xB8, 0x00, 0x14, 0xDC, 0xB8, 0x00, 0x01, 0xDC, 0xB8,
0x00, 0x13, 0x10, 0xB8, 0x00, 0x03, 0xD0, 0xB8, 0x00, 0x08, 0x10, 0xB8,
0x00, 0x04, 0xDC, 0xB8, 0x00, 0x0A, 0x10, 0xB8, 0x00, 0x0E, 0xDC, 0xB8,
0x00, 0x0D, 0xDC, 0xB8, 0x00, 0x05, 0xD0, 0xB8, 0x00, 0x07, 0x10, 0xB8,
0x00, 0x0B, 0xD0, 0xB8, 0x00, 0x04, 0x10, 0xB8, 0x00, 0x0C, 0xD0, 0xB8,
0x00, 0x1C, 0x10, 0xB8, 0x00, 0x16, 0xDC, 0xB8, 0x00, 0x1A, 0xD0, 0xB8,
0x00, 0x1B, 0xD0, 0xB8, 0x00, 0x1E, 0xD0, 0xB8, 0x00, 0x1F, 0xD0, 0xB8,
0x00, 0x13, 0x10, 0xB8, 0x00, 0x20, 0xD0, 0xB8, 0x00, 0x21, 0xD0, 0x30,
0x31, 0x01, 0x21, 0x11, 0x21, 0x01, 0x21, 0x11, 0x21, 0x11, 0x21, 0x11,
0x21, 0x11, 0x21, 0x11, 0x21, 0x01, 0x21, 0x11, 0x21, 0x11, 0x21, 0x11,
0x21, 0x11, 0x21, 0x11, 0x21, 0x11, 0x21, 0x11, 0x21, 0x11, 0x21, 0x02,
0x00, 0x03, 0x00, 0xFD, 0x00, 0x01, 0x00, 0xFF, 0x00, 0xFF, 0x00, 0x02,
0x00, 0x01, 0x00, 0x01, 0x00, 0xFE, 0x00, 0xFE, 0x00, 0x05, 0x00, 0x01,
0x00, 0xFB, 0x00, 0x03, 0x00, 0x02, 0x00, 0xFF, 0x00, 0xFB, 0x00, 0xFF,
0x00, 0x01, 0x00, 0x05, 0x00, 0x01, 0x00, 0x03, 0x00, 0x01, 0x00, 0x01,
0x00, 0xFF, 0x00, 0xFF, 0x00, 0xFF, 0x00, 0xFF, 0x00, 0xFF, 0x00, 0xFE,
0x00, 0xFD, 0x00, 0x01, 0x00, 0xFF, 0x00, 0xFF, 0x00, 0x01, 0x00, 0x05,
0x00, 0x00, 0x00, 0x00, 0x00, 0x03, 0x01, 0x00, 0x00, 0x00, 0x07, 0x00,
0x0A, 0x00, 0x00, 0x03, 0x00, 0x07, 0x00, 0x11, 0x00, 0xA7, 0xBA, 0x00,
0x01, 0x00, 0x00, 0x00, 0x03, 0x2B, 0xBA, 0x00, 0x09, 0x00, 0x08, 0x00,
0x03, 0x2B, 0xB8, 0x00, 0x09, 0x10, 0xB8, 0x00, 0x04, 0xD0, 0xB8, 0x00,
0x09, 0x10, 0xB8, 0x00, 0x05, 0xDC, 0xB8, 0x00, 0x08, 0x10, 0xB8, 0x00,
0x0B, 0xDC, 0xB8, 0x00, 0x08, 0x10, 0xB8, 0x00, 0x0D, 0xD0, 0xB8, 0x00,
0x01, 0x10, 0xB8, 0x00, 0x0F, 0xD0, 0x00, 0xB8, 0x00, 0x00, 0x45, 0x58,
0xB8, 0x00, 0x00, 0x2F, 0x1B, 0xB9, 0x00, 0x00, 0x00, 0x07, 0x3E, 0x59,
0xB8, 0x00, 0x00, 0x45, 0x58, 0xB8, 0x00, 0x04, 0x2F, 0x1B, 0xB9, 0x00,
0x04, 0x00, 0x07, 0x3E, 0x59, 0xB8, 0x00, 0x00, 0x45, 0x58, 0xB8, 0x00,
0x08, 0x2F, 0x1B, 0xB9, 0x00, 0x08, 0x00, 0x05, 0x3E, 0x59, 0xB8, 0x00,
0x00, 0x45, 0x58, 0xB8, 0x00, 0x0C, 0x2F, 0x1B, 0xB9, 0x00, 0x0C, 0x00,
0x01, 0x3E, 0x59, 0xB8, 0x00, 0x00, 0x10, 0xB8, 0x00, 0x02, 0xDC, 0xB8,
0x00, 0x06, 0xD0, 0xB8, 0x00, 0x07, 0xD0, 0xB8, 0x00, 0x0C, 0x10, 0xB8,
0x00, 0x0A, 0xDC, 0xB8, 0x00, 0x0E, 0xD0, 0xB8, 0x00, 0x0F, 0xD0, 0xB8,
0x00, 0x08, 0x10, 0xB8, 0x00, 0x10, 0xDC, 0x30, 0x31, 0x01, 0x21, 0x11,
0x21, 0x01, 0x21, 0x11, 0x21, 0x01, 0x21, 0x11, 0x21, 0x11, 0x21, 0x11,
0x21, 0x11, 0x21, 0x01, 0x00, 0x02, 0x00, 0xFE, 0x00, 0x04, 0x00, 0x02,
0x00, 0xFE, 0x00, 0xFD, 0x00, 0x03, 0x00, 0x01, 0x00, 0xFC, 0x00, 0x01,
0x00, 0xFF, 0x00, 0x0A, 0x00, 0xFF, 0x00, 0x01, 0x00, 0xFF, 0x00, 0xFE,
0x00, 0xFA, 0x00, 0xFF, 0x00, 0x01, 0x00, 0x05, 0x00, 0x00, 0x00, 0x00,
0x00, 0x02, 0x01, 0x00, 0x00, 0x00, 0x07, 0x00, 0x0B, 0x00, 0x00, 0x0F,
0x00, 0x19, 0x00, 0xF7, 0xBA, 0x00, 0x02, 0x00, 0x03, 0x00, 0x03, 0x2B,
0xBA, 0x00, 0x00, 0x00, 0x05, 0x00, 0x03, 0x2B, 0xB8, 0x00, 0x02, 0x10,
0xB8, 0x00, 0x07, 0xD0, 0xB8, 0x00, 0x00, 0x10, 0xB8, 0x00, 0x09, 0xD0,
0xB8, 0x00, 0x05, 0x10, 0xB8, 0x00, 0x0C, 0xDC, 0xB8, 0x00, 0x00, 0x10,
0xB8, 0x00, 0x0D, 0xDC, 0xB8, 0x00, 0x05, 0x10, 0xB8, 0x00, 0x10, 0xD0,
0xB8, 0x00, 0x00, 0x10, 0xB8, 0x00, 0x11, 0xD0, 0xB8, 0x00, 0x0C, 0x10,
0xB8, 0x00, 0x13, 0xD0, 0xB8, 0x00, 0x05, 0x10, 0xB8, 0x00, 0x15, 0xD0,
0xB8, 0x00, 0x02, 0x10, 0xB8, 0x00, 0x17, 0xD0, 0x00, 0xB8, 0x00, 0x00,
0x45, 0x58, 0xB8, 0x00, 0x06, 0x2F, 0x1B, 0xB9, 0x00, 0x06, 0x00, 0x07,
0x3E, 0x59, 0xB8, 0x00, 0x00, 0x45, 0x58, 0xB8, 0x00, 0x0A, 0x2F, 0x1B,
0xB9, 0x00, 0x0A, 0x00, 0x07, 0x3E, 0x59, 0xB8, 0x00, 0x00, 0x45, 0x58,
0xB8, 0x00, 0x10, 0x2F, 0x1B, 0xB9, 0x00, 0x10, 0x00, 0x05, 0x3E, 0x59,
0xB8, 0x00, 0x00, 0x45, 0x58, 0xB8, 0x00, 0x14, 0x2F, 0x1B, 0xB9, 0x00,
0x14, 0x00, 0x01, 0x3E, 0x59, 0xBA, 0x00, 0x09, 0x00, 0x00, 0x00, 0x03,
0x2B, 0xB8, 0x00, 0x06, 0x10, 0xB8, 0x00, 0x02, 0xDC, 0xB8, 0x00, 0x01,
0xDC, 0xB8, 0x00, 0x00, 0x10, 0xB8, 0x00, 0x04, 0xD0, 0xB8, 0x00, 0x01,
0x10, 0xB8, 0x00, 0x05, 0xD0, 0xB8, 0x00, 0x00, 0x10, 0xB8, 0x00, 0x0C,
0xD0, 0xB8, 0x00, 0x01, 0x10, 0xB8, 0x00, 0x0D, 0xD0, 0xB8, 0x00, 0x02,
0x10, 0xB8, 0x00, 0x0E, 0xD0, 0xB8, 0x00, 0x0F, 0xD0, 0xB8, 0x00, 0x14,
0x10, 0xB8, 0x00, 0x12, 0xDC, 0xB8, 0x00, 0x16, 0xD0, 0xB8, 0x00, 0x17,
0xD0, 0xB8, 0x00, 0x10, 0x10, 0xB8, 0x00, 0x18, 0xDC, 0x30, 0x31, 0x01,
0x21, 0x11, 0x21, 0x11, 0x21, 0x11, 0x21, 0x11, 0x21, 0x11, 0x21, 0x11,
0x21, 0x11, 0x21, 0x01, 0x21, 0x11, 0x21, 0x11, 0x21, 0x11, 0x21, 0x11,
0x21, 0x05, 0x00, 0xFE, 0x00, 0xFE, 0x00, 0x01, 0x00, 0x01, 0x00, 0x02,
0x00, 0x01, 0x00, 0x01, 0x00, 0xFE, 0x00, 0xFD, 0x00, 0x03, 0x00, 0x01,
0x00, 0xFC, 0x00, 0x01, 0x00, 0xFF, 0x00, 0x09, 0x00, 0xFF, 0x00, 0x01,
0x00, 0x01, 0x00, 0x01, 0x00, 0xFF, 0x00, 0xFF, 0x00, 0xFF, 0x00, 0xFF,
0x00, 0xFA, 0x00, 0xFF, 0x00, 0x01, 0x00, 0x05, 0x00, 0x00, 0x00, 0x00,
0x00, 0x02, 0x01, 0x00, 0x00, 0x00, 0x06, 0x00, 0x0B, 0x00, 0x00, 0x0B,
0x00, 0x15, 0x00, 0xDF, 0xBA, 0x00, 0x01, 0x00, 0x00, 0x00, 0x03, 0x2B,
0xBA, 0x00, 0x04, 0x00, 0x09, 0x00, 0x03, 0x2B, 0xB8, 0x00, 0x01, 0x10,
0xB8, 0x00, 0x05, 0xDC, 0xB8, 0x00, 0x01, 0x10, 0xB8, 0x00, 0x07, 0xD0,
0xB8, 0x00, 0x09, 0x10, 0xB8, 0x00, 0x0C, 0xD0, 0xB8, 0x00, 0x05, 0x10,
0xB8, 0x00, 0x0D, 0xD0, 0xB8, 0x00, 0x09, 0x10, 0xB8, 0x00, 0x0F, 0xDC,
0xB8, 0x00, 0x09, 0x10, 0xB8, 0x00, 0x11, 0xD0, 0xB8, 0x00, 0x01, 0x10,
0xB8, 0x00, 0x13, 0xD0, 0xB8, 0x00, 0x08, 0x10, 0xB8, 0x00, 0x14, 0xD0,
0xB8, 0x00, 0x12, 0x10, 0xB8, 0x00, 0x15, 0xD0, 0x00, 0xB8, 0x00, 0x00,
0x45, 0x58, 0xB8, 0x00, 0x02, 0x2F, 0x1B, 0xB9, 0x00, 0x02, 0x00, 0x07,
0x3E, 0x59, 0xB8, 0x00, 0x00, 0x45, 0x58, 0xB8, 0x00, 0x0A, 0x2F, 0x1B,
0xB9, 0x00, 0x0A, 0x00, 0x07, 0x3E, 0x59, 0xB8, 0x00, 0x00, 0x45, 0x58,
0xB8, 0x00, 0x0C, 0x2F, 0x1B, 0xB9, 0x00, 0x0C, 0x00, 0x05, 0x3E, 0x59,
0xB8, 0x00, 0x00, 0x45, 0x58, 0xB8, 0x00, 0x10, 0x2F, 0x1B, 0xB9, 0x00,
0x10, 0x00, 0x01, 0x3E, 0x59, 0xB8, 0x00, 0x02, 0x10, 0xB8, 0x00, 0x01,
0xDC, 0xB8, 0x00, 0x08, 0xDC, 0xB8, 0x00, 0x04, 0xD0, 0xB8, 0x00, 0x02,
0x10, 0xB8, 0x00, 0x06, 0xDC, 0xB8, 0x00, 0x05, 0xDC, 0xB8, 0x00, 0x09,
0xD0, 0xB8, 0x00, 0x02, 0x10, 0xB8, 0x00, 0x0B, 0xD0, 0xB8, 0x00, 0x10,
0x10, 0xB8, 0x00, 0x0E, 0xDC, 0xB8, 0x00, 0x12, 0xD0, 0xB8, 0x00, 0x13,
0xD0, 0xB8, 0x00, 0x0C, 0x10, 0xB8, 0x00, 0x14, 0xDC, 0x30, 0x31, 0x01,
0x21, 0x11, 0x21, 0x11, 0x21, 0x11, 0x21, 0x11, 0x21, 0x11, 0x21, 0x01,
0x21, 0x11, 0x21, 0x11, 0x21, 0x11, 0x21, 0x11, 0x21, 0x01, 0x00, 0x02,
0x00, 0x01, 0x00, 0x01, 0x00, 0xFE, 0x00, 0xFF, 0x00, 0xFF, 0x00, 0x01,
0x00, 0x03, 0x00, 0x01, 0x00, 0xFC, 0x00, 0x01, 0x00, 0xFF, 0x00, 0x0B,
0x00, 0xFF, 0x00, 0xFF, 0x00, 0xFF, 0x00, 0x01, 0x00, 0x01, 0x00, 0xFD,
0x00, 0xFA, 0x00, 0xFF, 0x00, 0x01, 0x00, 0x05, 0x00, 0x00, 0x00, 0x00,
0x00, 0x04, 0x00, 0x00, 0x00, 0x00, 0x07, 0x00, 0x0B, 0x00, 0x00, 0x03,
0x00, 0x07, 0x00, 0x0F, 0x00, 0x23, 0x01, 0x44, 0xBA, 0x00, 0x05, 0x00,
0x04, 0x00, 0x03, 0x2B, 0xBA, 0x00, 0x0A, 0x00, 0x16, 0x00, 0x03, 0x2B,
0xBA, 0x00, 0x01, 0x00, 0x00, 0x00, 0x03, 0x2B, 0xB8, 0x00, 0x0A, 0x10,
0xB8, 0x00, 0x08, 0xDC, 0xB8, 0x00, 0x05, 0x10, 0xB8, 0x00, 0x0B, 0xD0,
0xB8, 0x00, 0x00, 0x10, 0xB8, 0x00, 0x0D, 0xD0, 0xB8, 0x00, 0x00, 0x10,
0xB8, 0x00, 0x10, 0xD0, 0xB8, 0x00, 0x05, 0x10, 0xB8, 0x00, 0x12, 0xD0,
0xB8, 0x00, 0x04, 0x10, 0xB8, 0x00, 0x14, 0xD0, 0xB8, 0x00, 0x05, 0x10,
0xB8, 0x00, 0x18, 0xD0, 0xB8, 0x00, 0x0A, 0x10, 0xB8, 0x00, 0x1A, 0xD0,
0xB8, 0x00, 0x09, 0x10, 0xB8, 0x00, 0x1B, 0xD0, 0xB8, 0x00, 0x08, 0x10,
0xB8, 0x00, 0x1C, 0xD0, 0xB8, 0x00, 0x00, 0x10, 0xB8, 0x00, 0x1E, 0xD0,
0xB8, 0x00, 0x08, 0x10, 0xB8, 0x00, 0x20, 0xDC, 0xB8, 0x00, 0x01, 0x10,
0xB8, 0x00, 0x22, 0xD0, 0x00, 0xB8, 0x00, 0x00, 0x45, 0x58, 0xB8, 0x00,
0x02, 0x2F, 0x1B, 0xB9, 0x00, 0x02, 0x00, 0x07, 0x3E, 0x59, 0xB8, 0x00,
0x00, 0x45, 0x58, 0xB8, 0x00, 0x06, 0x2F, 0x1B, 0xB9, 0x00, 0x06, 0x00,
0x07, 0x3E, 0x59, 0xB8, 0x00, 0x00, 0x45, 0x58, 0xB8, 0x00, 0x1B, 0x2F,
0x1B, 0xB9, 0x00, 0x1B, 0x00, 0x07, 0x3E, 0x59, 0xB8, 0x00, 0x00, 0x45,
0x58, 0xB8, 0x00, 0x10, 0x2F, 0x1B, 0xB9, 0x00, 0x10, 0x00, 0x01, 0x3E,
0x59, 0xB8, 0x00, 0x00, 0x45, 0x58, 0xB8, 0x00, 0x13, 0x2F, 0x1B, 0xB9,
0x00, 0x13, 0x00, 0x01, 0x3E, 0x59, 0xBA, 0x00, 0x1A, 0x00, 0x0A, 0x00,
0x03, 0x2B, 0xBA, 0x00, 0x0D, 0x00, 0x11, 0x00, 0x03, 0x2B, 0xB8, 0x00,
0x02, 0x10, 0xB8, 0x00, 0x01, 0xDC, 0xB8, 0x00, 0x04, 0xD0, 0xB8, 0x00,
0x02, 0x10, 0xB8, 0x00, 0x07, 0xD0, 0xB8, 0x00, 0x1B, 0x10, 0xB8, 0x00,
0x08, 0xDC, 0xB8, 0x00, 0x0A, 0x10, 0xB8, 0x00, 0x0E, 0xD0, 0xB8, 0x00,
0x0A, 0x10, 0xB8, 0x00, 0x15, 0xD0, 0xB8, 0x00, 0x08, 0x10, 0xB8, 0x00,
0x17, 0xD0, 0xB8, 0x00, 0x18, 0xD0, 0xB8, 0x00, 0x02, 0x10, 0xB8, 0x00,
0x1C, 0xD0, 0xB8, 0x00, 0x1A, 0x10, 0xB8, 0x00, 0x1D, 0xD0, 0xB8, 0x00,
0x18, 0x10, 0xB8, 0x00, 0x1F, 0xD0, 0xB8, 0x00, 0x20, 0xD0, 0xB8, 0x00,
0x0A, 0x10, 0xB8, 0x00, 0x21, 0xD0, 0x30, 0x31, 0x01, 0x21, 0x11, 0x21,
0x01, 0x21, 0x11, 0x21, 0x01, 0x21, 0x11, 0x21, 0x11, 0x21, 0x11, 0x21,
0x01, 0x11, 0x21, 0x11, 0x21, 0x11, 0x21, 0x11, 0x21, 0x11, 0x21, 0x11,
0x21, 0x11, 0x21, 0x11, 0x21, 0x11, 0x21, 0x11, 0x05, 0x00, 0x02, 0x00,
0xFE, 0x00, 0xFB, 0x00, 0x02, 0x00, 0xFE, 0x00, 0x04, 0x00, 0xFF, 0x00,
0xFF, 0x00, 0x03, 0x00, 0xFF, 0x00, 0x01, 0x00, 0xFD, 0x00, 0xFE, 0x00,
0x01, 0x00, 0x01, 0x00, 0x01, 0x00, 0x01, 0x00, 0x01, 0x00, 0x01, 0x00,
0x01, 0x00, 0x0B, 0x00, 0xFF, 0x00, 0x01, 0x00, 0xFF, 0x00, 0xFE, 0x00,
0xFF, 0x00, 0xFE, 0x00, 0x02, 0x00, 0xF9, 0x00, 0x04, 0x00, 0xFC, 0x00,
0x07, 0x00, 0x01, 0x00, 0x01, 0x00, 0x01, 0x00, 0xFF, 0x00, 0xFF, 0x00,
0xFF, 0x00, 0xF9, 0x00, 0x00, 0x03, 0x00, 0x00, 0x00, 0x00, 0x07, 0x00,
0x0C, 0x00, 0x00, 0x03, 0x00, 0x0B, 0x00, 0x2B, 0x01, 0x88, 0xBA, 0x00,
0x15, 0x00, 0x16, 0x00, 0x03, 0x2B, 0xBA, 0x00, 0x06, 0x00, 0x18, 0x00,
0x03, 0x2B, 0xB8, 0x00, 0x06, 0x10, 0xB8, 0x00, 0x00, 0xDC, 0xB8, 0x00,
0x06, 0x10, 0xB8, 0x00, 0x01, 0xD0, 0xB8, 0x00, 0x00, 0x10, 0xB8, 0x00,
0x04, 0xD0, 0xB8, 0x00, 0x15, 0x10, 0xB8, 0x00, 0x07, 0xD0, 0xB8, 0x00,
0x15, 0x10, 0xB8, 0x00, 0x0A, 0xDC, 0xB8, 0x00, 0x0C, 0xD0, 0xB8, 0x00,
0x00, 0x10, 0xB8, 0x00, 0x26, 0xDC, 0xB8, 0x00, 0x0E, 0xD0, 0xB8, 0x00,
0x0A, 0x10, 0xB8, 0x00, 0x10, 0xDC, 0xB8, 0x00, 0x0A, 0x10, 0xB8, 0x00,
0x12, 0xD0, 0xB8, 0x00, 0x15, 0x10, 0xB8, 0x00, 0x1A, 0xD0, 0xB8, 0x00,
0x07, 0x10, 0xB8, 0x00, 0x1B, 0xD0, 0xB8, 0x00, 0x06, 0x10, 0xB8, 0x00,
0x1C, 0xD0, 0xB8, 0x00, 0x01, 0x10, 0xB8, 0x00, 0x1D, 0xD0, 0xB8, 0x00,
0x15, 0x10, 0xB8, 0x00, 0x1E, 0xD0, 0xB8, 0x00, 0x07, 0x10, 0xB8, 0x00,
0x1F, 0xD0, 0xB8, 0x00, 0x18, 0x10, 0xB8, 0x00, 0x20, 0xD0, 0xB8, 0x00,
0x15, 0x10, 0xB8, 0x00, 0x22, 0xD0, 0xB8, 0x00, 0x07, 0x10, 0xB8, 0x00,
0x23, 0xD0, 0xB8, 0x00, 0x0A, 0x10, 0xB8, 0x00, 0x24, 0xD0, 0xB8, 0x00,
0x0A, 0x10, 0xB8, 0x00, 0x28, 0xD0, 0xB8, 0x00, 0x00, 0x10, 0xB8, 0x00,
0x2A, 0xD0, 0x00, 0xB8, 0x00, 0x00, 0x45, 0x58, 0xB8, 0x00, 0x04, 0x2F,
0x1B, 0xB9, 0x00, 0x04, 0x00, 0x05, 0x3E, 0x59, 0xB8, 0x00, 0x00, 0x45,
0x58, 0xB8, 0x00, 0x0D, 0x2F, 0x1B, 0xB9, 0x00, 0x0D, 0x00, 0x05, 0x3E,
0x59, 0xB8, 0x00, 0x00, 0x45, 0x58, 0xB8, 0x00, 0x19, 0x2F, 0x1B, 0xB9,
0x00, 0x19, 0x00, 0x05, 0x3E, 0x59, 0xB8, 0x00, 0x00, 0x45, 0x58, 0xB8,
0x00, 0x11, 0x2F, 0x1B, 0xB9, 0x00, 0x11, 0x00, 0x01, 0x3E, 0x59, 0xB8,
0x00, 0x00, 0x45, 0x58, 0xB8, 0x00, 0x15, 0x2F, 0x1B, 0xB9, 0x00, 0x15,
0x00, 0x01, 0x3E, 0x59, 0xBA, 0x00, 0x24, 0x00, 0x25, 0x00, 0x03, 0x2B,
0xBA, 0x00, 0x01, 0x00, 0x02, 0x00, 0x03, 0x2B, 0xBA, 0x00, 0x09, 0x00,
0x13, 0x00, 0x03, 0x2B, 0xBA, 0x00, 0x1C, 0x00, 0x06, 0x00, 0x03, 0x2B,
0xB8, 0x00, 0x25, 0x10, 0xB8, 0x00, 0x00, 0xD0, 0xB8, 0x00, 0x06, 0x10,
0xB8, 0x00, 0x0A, 0xD0, 0xB8, 0x00, 0x1C, 0x10, 0xB8, 0x00, 0x0C, 0xD0,
0xB8, 0x00, 0x06, 0x10, 0xB8, 0x00, 0x0F, 0xD0, 0xB8, 0x00, 0x06, 0x10,
0xB8, 0x00, 0x17, 0xD0, 0xB8, 0x00, 0x24, 0x10, 0xB8, 0x00, 0x1E, 0xDC,
0xB8, 0x00, 0x02, 0x10, 0xB8, 0x00, 0x1F, 0xD0, 0xB8, 0x00, 0x25, 0x10,
0xB8, 0x00, 0x21, 0xD0, 0xB8, 0x00, 0x01, 0x10, 0xB8, 0x00, 0x22, 0xD0,
0xB8, 0x00, 0x02, 0x10, 0xB8, 0x00, 0x27, 0xD0, 0xB8, 0x00, 0x1E, 0x10,
0xB8, 0x00, 0x29, 0xD0, 0x30, 0x31, 0x01, 0x21, 0x11, 0x21, 0x11, 0x21,
0x11, 0x21, 0x11, 0x21, 0x11, 0x21, 0x01, 0x11, 0x21, 0x11, 0x21, 0x11,
0x21, 0x11, 0x21, 0x11, 0x21, 0x11, 0x21, 0x11, 0x21, 0x11, 0x21, 0x11,
0x21, 0x11, 0x21, 0x11, 0x21, 0x11, 0x21, 0x11, 0x21, 0x11, 0x21, 0x11,
0x21, 0x11, 0x04, 0x00, 0xFF, 0x00, 0x01, 0x00, 0xFF, 0x00, 0xFF, 0x00,
0x03, 0x00, 0xFF, 0x00, 0x01, 0x00, 0x01, 0x00, 0x01, 0x00, 0xFE, 0x00,
0xFD, 0x00, 0xFE, 0x00, 0x01, 0x00, 0x01, 0x00, 0x01, 0x00, 0xFF, 0x00,
0xFF, 0x00, 0x01, 0x00, 0x03, 0x00, 0x01, 0x00, 0xFF, 0x00, 0xFF, 0x00,
0x0B, 0x00, 0xFF, 0x00, 0xFD, 0x00, 0xFF, 0x00, 0xFF, 0x00, 0x01, 0x00,
0x02, 0x00, 0xFF, 0x00, 0xFF, 0x00, 0xFA, 0x00, 0x04, 0x00, 0xFC, 0x00,
0x06, 0x00, 0x01, 0x00, 0x01, 0x00, 0x01, 0x00, 0x01, 0x00, 0x01, 0x00,
0x01, 0x00, 0xFF, 0x00, 0xFF, 0x00, 0xFF, 0x00, 0xFF, 0x00, 0x00, 0x00,
0x00, 0x02, 0x00, 0x00, 0x00, 0x00, 0x07, 0x00, 0x0C, 0x00, 0x00, 0x07,
0x00, 0x23, 0x01, 0x1C, 0xBA, 0x00, 0x0A, 0x00, 0x13, 0x00, 0x03, 0x2B,
0xB8, 0x00, 0x0A, 0x10, 0xB8, 0x00, 0x00, 0xD0, 0xB8, 0x00, 0x0A, 0x10,
0xB8, 0x00, 0x05, 0xDC, 0xB8, 0x00, 0x01, 0xDC, 0xB8, 0x00, 0x05, 0x10,
0xB8, 0x00, 0x17, 0xDC, 0xB8, 0x00, 0x04, 0xDC, 0xB8, 0x00, 0x01, 0x10,
0xB8, 0x00, 0x08, 0xD0, 0xB8, 0x00, 0x05, 0x10, 0xB8, 0x00, 0x0B, 0xD0,
0xB8, 0x00, 0x06, 0x10, 0xB8, 0x00, 0x0C, 0xD0, 0xB8, 0x00, 0x04, 0x10,
0xB8, 0x00, 0x0D, 0xD0, 0xB8, 0x00, 0x17, 0x10, 0xB8, 0x00, 0x0F, 0xD0,
0xB8, 0x00, 0x04, 0x10, 0xB8, 0x00, 0x19, 0xD0, 0xB8, 0x00, 0x05, 0x10,
0xB8, 0x00, 0x1B, 0xD0, 0xB8, 0x00, 0x06, 0x10, 0xB8, 0x00, 0x1C, 0xD0,
0xB8, 0x00, 0x0A, 0x10, 0xB8, 0x00, 0x1D, 0xD0, 0xB8, 0x00, 0x00, 0x10,
0xB8, 0x00, 0x1E, 0xD0, 0xB8, 0x00, 0x01, 0x10, 0xB8, 0x00, 0x1F, 0xD0,
0xB8, 0x00, 0x05, 0x10, 0xB8, 0x00, 0x21, 0xD0, 0xB8, 0x00, 0x06, 0x10,
0xB8, 0x00, 0x22, 0xD0, 0x00, 0xB8, 0x00, 0x00, 0x45, 0x58, 0xB8, 0x00,
0x10, 0x2F, 0x1B, 0xB9, 0x00, 0x10, 0x00, 0x01, 0x3E, 0x59, 0xBA, 0x00,
0x02, 0x00, 0x01, 0x00, 0x03, 0x2B, 0xBA, 0x00, 0x05, 0x00, 0x06, 0x00,
0x03, 0x2B, 0xBA, 0x00, 0x16, 0x00, 0x15, 0x00, 0x03, 0x2B, 0xBA, 0x00,
0x1F, 0x00, 0x08, 0x00, 0x03, 0x2B, 0xB8, 0x00, 0x01, 0x10, 0xB8, 0x00,
0x04, 0xD0, 0xB8, 0x00, 0x10, 0x10, 0xB8, 0x00, 0x0A, 0xDC, 0xB8, 0x00,
0x10, 0x10, 0xB8, 0x00, 0x0C, 0xDC, 0xB8, 0x00, 0x10, 0x10, 0xB8, 0x00,
0x0E, 0xDC, 0xB8, 0x00, 0x0A, 0x10, 0xB8, 0x00, 0x12, 0xD0, 0xB8, 0x00,
0x13, 0xD0, 0xB8, 0x00, 0x16, 0x10, 0xB8, 0x00, 0x18, 0xDC, 0xB8, 0x00,
0x16, 0x10, 0xB8, 0x00, 0x1A, 0xDC, 0xB8, 0x00, 0x15, 0x10, 0xB8, 0x00,
0x1C, 0xD0, 0xB8, 0x00, 0x18, 0x10, 0xB8, 0x00, 0x20, 0xD0, 0xB8, 0x00,
0x0E, 0x10, 0xB8, 0x00, 0x22, 0xD0, 0xB8, 0x00, 0x23, 0xD0, 0x30, 0x31,
0x01, 0x21, 0x11, 0x21, 0x11, 0x21, 0x11, 0x21, 0x01, 0x21, 0x11, 0x21,
0x11, 0x21, 0x11, 0x21, 0x11, 0x21, 0x11, 0x21, 0x11, 0x21, 0x11, 0x21,
0x11, 0x21, 0x11, 0x21, 0x11, 0x21, 0x11, 0x21, 0x11, 0x21, 0x11, 0x21,
0x03, 0x00, 0x01, 0x00, 0x02, 0x00, 0xFF, 0x00, 0xFE, 0x00, 0x01, 0x00,
0xFF, 0x00, 0x02, 0x00, 0x01, 0x00, 0x01, 0x00, 0xF9, 0x00, 0x01, 0x00,
0xFF, 0x00, 0x07, 0x00, 0xFF, 0x00, 0xFF, 0x00, 0xFE, 0x00, 0x01, 0x00,
0x01, 0x00, 0xFF, 0x00, 0x0B, 0x00, 0x01, 0x00, 0xFF, 0x00, 0xFF, 0x00,
0xFA, 0x00, 0xFD, 0x00, 0x01, 0x00, 0x01, 0x00, 0xFD, 0x00, 0x01, 0x00,
0x07, 0x00, 0x01, 0x00, 0xFD, 0x00, 0x01, 0x00, 0x01, 0x00, 0xFD, 0x00,
0x01, 0x00, 0xFD, 0x00, 0x00, 0x01, 0x00, 0x00, 0x00, 0x00, 0x07, 0x00,
0x07, 0x00, 0x00, 0x23, 0x01, 0x6F, 0xBA, 0x00, 0x14, 0x00, 0x19, 0x00,
0x03, 0x2B, 0xBA, 0x00, 0x16, 0x00, 0x17, 0x00, 0x03, 0x2B, 0xB8, 0x00,
0x14, 0x10, 0xB8, 0x00, 0x00, 0xDC, 0xB8, 0x00, 0x16, 0x10, 0xB8, 0x00,
0x0B, 0xDC, 0xB8, 0x00, 0x01, 0xD0, 0xB8, 0x00, 0x0A, 0x10, 0xB8, 0x00,
0x02, 0xD0, 0xB8, 0x00, 0x00, 0x10, 0xB8, 0x00, 0x04, 0xD0, 0xB8, 0x00,
0x23, 0x10, 0xB8, 0x00, 0x05, 0xD0, 0xB8, 0x00, 0x00, 0x10, 0xB8, 0x00,
0x07, 0xDC, 0xB8, 0x00, 0x0B, 0x10, 0xB8, 0x00, 0x09, 0xDC, 0xB8, 0x00,
0x0C, 0xD0, 0xB8, 0x00, 0x00, 0x10, 0xB8, 0x00, 0x0E, 0xD0, 0xB8, 0x00,
0x23, 0x10, 0xB8, 0x00, 0x0F, 0xD0, 0xB8, 0x00, 0x16, 0x10, 0xB8, 0x00,
0x11, 0xD0, 0xB8, 0x00, 0x15, 0x10, 0xB8, 0x00, 0x12, 0xD0, 0xB8, 0x00,
0x17, 0x10, 0xB8, 0x00, 0x1B, 0xD0, 0xB8, 0x00, 0x14, 0x10, 0xB8, 0x00,
0x1D, 0xD0, 0xB8, 0x00, 0x19, 0x10, 0xB8, 0x00, 0x1F, 0xD0, 0xB8, 0x00,
0x16, 0x10, 0xB8, 0x00, 0x21, 0xD0, 0xB8, 0x00, 0x15, 0x10, 0xB8, 0x00,
0x22, 0xD0, 0x00, 0xB8, 0x00, 0x00, 0x45, 0x58, 0xB8, 0x00, 0x05, 0x2F,
0x1B, 0xB9, 0x00, 0x05, 0x00, 0x05, 0x3E, 0x59, 0xB8, 0x00, 0x00, 0x45,
0x58, 0xB8, 0x00, 0x20, 0x2F, 0x1B, 0xB9, 0x00, 0x20, 0x00, 0x05, 0x3E,
0x59, 0xB8, 0x00, 0x00, 0x45, 0x58, 0xB8, 0x00, 0x0D, 0x2F, 0x1B, 0xB9,
0x00, 0x0D, 0x00, 0x01, 0x3E, 0x59, 0xB8, 0x00, 0x00, 0x45, 0x58, 0xB8,
0x00, 0x16, 0x2F, 0x1B, 0xB9, 0x00, 0x16, 0x00, 0x01, 0x3E, 0x59, 0xB8,
0x00, 0x00, 0xDC, 0xB8, 0x00, 0x01, 0xD0, 0xB8, 0x00, 0x05, 0x10, 0xB8,
0x00, 0x02, 0xDC, 0xB8, 0x00, 0x07, 0xD0, 0xB8, 0x00, 0x08, 0xD0, 0xB8,
0x00, 0x03, 0xD0, 0xB8, 0x00, 0x08, 0x10, 0xB8, 0x00, 0x09, 0xDC, 0xB8,
0x00, 0x0D, 0x10, 0xB8, 0x00, 0x0B, 0xDC, 0xB8, 0x00, 0x0A, 0xDC, 0xB8,
0x00, 0x0B, 0x10, 0xB8, 0x00, 0x0F, 0xD0, 0xB8, 0x00, 0x10, 0xD0, 0xB8,
0x00, 0x0A, 0x10, 0xB8, 0x00, 0x12, 0xD0, 0xB8, 0x00, 0x09, 0x10, 0xB8,
0x00, 0x13, 0xD0, 0xB8, 0x00, 0x10, 0x10, 0xB8, 0x00, 0x14, 0xD0, 0xB8,
0x00, 0x15, 0xD0, 0xB8, 0x00, 0x18, 0xD0, 0xB8, 0x00, 0x19, 0xD0, 0xB8,
0x00, 0x0A, 0x10, 0xB8, 0x00, 0x1A, 0xD0, 0xB8, 0x00, 0x09, 0x10, 0xB8,
0x00, 0x1B, 0xD0, 0xB8, 0x00, 0x01, 0x10, 0xB8, 0x00, 0x1C, 0xD0, 0xB8,
0x00, 0x1D, 0xD0, 0xB8, 0x00, 0x08, 0x10, 0xB8, 0x00, 0x1E, 0xD0, 0xB8,
0x00, 0x1F, 0xD0, 0xB8, 0x00, 0x22, 0xD0, 0xB8, 0x00, 0x23, 0xD0, 0x30,
0x31, 0x01, 0x21, 0x11, 0x23, 0x27, 0x35, 0x21, 0x11, 0x21, 0x11, 0x21,
0x11, 0x21, 0x11, 0x21, 0x11, 0x23, 0x27, 0x11, 0x21, 0x11, 0x21, 0x11,
0x21, 0x11, 0x21, 0x11, 0x21, 0x11, 0x21, 0x11, 0x21, 0x11, 0x21, 0x11,
0x21, 0x04, 0x00, 0x01, 0x00, 0xFE, 0x02, 0x02, 0x00, 0x01, 0x00, 0xFE,
0x00, 0x02, 0x00, 0xFD, 0x00, 0xFE, 0x02, 0xFF, 0x00, 0x01, 0x00, 0xFE,
0x00, 0xFF, 0x00, 0x01, 0x00, 0x01, 0x00, 0xFE, 0x00, 0x03, 0x00, 0x01,
0x00, 0x04, 0x00, 0x02, 0x00, 0x02, 0xFE, 0xFF, 0x00, 0xFD, 0x00, 0xFE,
0x00, 0xFF, 0x00, 0x01, 0x00, 0x02, 0x01, 0xFE, 0xFE, 0x00, 0xFF, 0x00,
0x01, 0x00, 0x02, 0x00, 0x01, 0x00, 0x02, 0x00, 0x01, 0x00, 0xFF, 0x00,
0x00, 0x02, 0x00, 0x00, 0x00, 0x00, 0x07, 0x00, 0x0C, 0x00, 0x00, 0x05,
0x00, 0x19, 0x00, 0xB5, 0xBA, 0x00, 0x08, 0x00, 0x09, 0x00, 0x03, 0x2B,
0xBA, 0x00, 0x04, 0x00, 0x0B, 0x00, 0x03, 0x2B, 0xBA, 0x00, 0x12, 0x00,
0x01, 0x00, 0x03, 0x2B, 0xB8, 0x00, 0x08, 0x10, 0xB8, 0x00, 0x00, 0xD0,
0xB8, 0x00, 0x01, 0x10, 0xB8, 0x00, 0x06, 0xD0, 0xB8, 0x00, 0x08, 0x10,
0xB8, 0x00, 0x0D, 0xD0, 0xB8, 0x00, 0x01, 0x10, 0xB8, 0x00, 0x13, 0xDC,
0xB8, 0x00, 0x0F, 0xD0, 0xB8, 0x00, 0x12, 0x10, 0xB8, 0x00, 0x15, 0xD0,
0xB8, 0x00, 0x13, 0x10, 0xB8, 0x00, 0x17, 0xD0, 0x00, 0xB8, 0x00, 0x00,
0x45, 0x58, 0xB8, 0x00, 0x08, 0x2F, 0x1B, 0xB9, 0x00, 0x08, 0x00, 0x01,
0x3E, 0x59, 0xB8, 0x00, 0x00, 0x45, 0x58, 0xB8, 0x00, 0x18, 0x2F, 0x1B,
0xB9, 0x00, 0x18, 0x00, 0x01, 0x3E, 0x59, 0xBA, 0x00, 0x0E, 0x00, 0x0D,
0x00, 0x03, 0x2B, 0xBA, 0x00, 0x01, 0x00, 0x06, 0x00, 0x03, 0x2B, 0xB8,
0x00, 0x0D, 0x10, 0xB8, 0x00, 0x02, 0xD0, 0xB8, 0x00, 0x0E, 0x10, 0xB8,
0x00, 0x05, 0xDC, 0xB8, 0x00, 0x0A, 0xD0, 0xB8, 0x00, 0x0D, 0x10, 0xB8,
0x00, 0x10, 0xD0, 0xB8, 0x00, 0x01, 0x10, 0xB8, 0x00, 0x12, 0xD0, 0xB8,
0x00, 0x06, 0x10, 0xB8, 0x00, 0x14, 0xD0, 0xB8, 0x00, 0x18, 0x10, 0xB8,
0x00, 0x16, 0xDC, 0x30, 0x31, 0x01, 0x21, 0x11, 0x21, 0x11, 0x21, 0x01,
0x21, 0x11, 0x21, 0x11, 0x21, 0x11, 0x21, 0x11, 0x21, 0x11, 0x21, 0x11,
0x21, 0x11, 0x21, 0x11, 0x21, 0x11, 0x21, 0x02, 0x00, 0x02, 0x00, 0xFF,
0x00, 0xFF, 0x00, 0x02, 0x00, 0xFE, 0x00, 0xFE, 0x00, 0x01, 0x00, 0x01,
0x00, 0x05, 0x00, 0xFF, 0x00, 0x01, 0x00, 0xFF, 0x00, 0x01, 0x00, 0xFD,
0x00, 0x08, 0x00, 0x03, 0x00, 0xFF, 0x00, 0xFD, 0x00, 0xF9, 0x00, 0x0A,
0x00, 0x01, 0x00, 0x01, 0x00, 0xFF, 0x00, 0xFD, 0x00, 0xFF, 0x00, 0xFA,
0x00, 0xFF, 0x00, 0x00, 0x00, 0x03, 0x00, 0x00, 0x00, 0x00, 0x07, 0x00,
0x0B, 0x00, 0x00, 0x0F, 0x00, 0x13, 0x00, 0x1F, 0x01, 0x2F, 0xBA, 0x00,
0x12, 0x00, 0x15, 0x00, 0x03, 0x2B, 0xBA, 0x00, 0x02, 0x00, 0x03, 0x00,
0x03, 0x2B, 0xBA, 0x00, 0x1B, 0x00, 0x10, 0x00, 0x03, 0x2B, 0xB8, 0x00,
0x02, 0x10, 0xB8, 0x00, 0x00, 0xDC, 0xB8, 0x00, 0x12, 0x10, 0xB8, 0x00,
0x05, 0xD0, 0xB8, 0x00, 0x02, 0x10, 0xB8, 0x00, 0x07, 0xD0, 0xB8, 0x00,
0x01, 0x10, 0xB8, 0x00, 0x08, 0xD0, 0xB8, 0x00, 0x00, 0x10, 0xB8, 0x00,
0x09, 0xD0, 0xB8, 0x00, 0x10, 0x10, 0xB8, 0x00, 0x0B, 0xD0, 0xB8, 0x00,
0x00, 0x10, 0xB8, 0x00, 0x0D, 0xDC, 0xB8, 0x00, 0x03, 0x10, 0xB8, 0x00,
0x14, 0xD0, 0xB8, 0x00, 0x03, 0x10, 0xB8, 0x00, 0x17, 0xD0, 0xB8, 0x00,
0x0D, 0x10, 0xB8, 0x00, 0x19, 0xD0, 0xB8, 0x00, 0x0D, 0x10, 0xB8, 0x00,
0x1D, 0xD0, 0x00, 0xB8, 0x00, 0x00, 0x45, 0x58, 0xB8, 0x00, 0x06, 0x2F,
0x1B, 0xB9, 0x00, 0x06, 0x00, 0x07, 0x3E, 0x59, 0xB8, 0x00, 0x00, 0x45,
0x58, 0xB8, 0x00, 0x0A, 0x2F, 0x1B, 0xB9, 0x00, 0x0A, 0x00, 0x07, 0x3E,
0x59, 0xB8, 0x00, 0x00, 0x45, 0x58, 0xB8, 0x00, 0x18, 0x2F, 0x1B, 0xB9,
0x00, 0x18, 0x00, 0x05, 0x3E, 0x59, 0xB8, 0x00, 0x00, 0x45, 0x58, 0xB8,
0x00, 0x1E, 0x2F, 0x1B, 0xB9, 0x00, 0x1E, 0x00, 0x01, 0x3E, 0x59, 0xBA,
0x00, 0x09, 0x00, 0x00, 0x00, 0x03, 0x2B, 0xB8, 0x00, 0x06, 0x10, 0xB8,
0x00, 0x02, 0xDC, 0xB8, 0x00, 0x01, 0xDC, 0xB8, 0x00, 0x00, 0x10, 0xB8,
0x00, 0x04, 0xD0, 0xB8, 0x00, 0x01, 0x10, 0xB8, 0x00, 0x05, 0xD0, 0xB8,
0x00, 0x00, 0x10, 0xB8, 0x00, 0x0C, 0xD0, 0xB8, 0x00, 0x01, 0x10, 0xB8,
0x00, 0x0D, 0xD0, 0xB8, 0x00, 0x02, 0x10, 0xB8, 0x00, 0x0E, 0xD0, 0xB8,
0x00, 0x0F, 0xD0, 0xB8, 0x00, 0x18, 0x10, 0xB8, 0x00, 0x10, 0xDC, 0xB8,
0x00, 0x1E, 0x10, 0xB8, 0x00, 0x12, 0xDC, 0xB8, 0x00, 0x14, 0xD0, 0xB8,
0x00, 0x15, 0xD0, 0xB8, 0x00, 0x10, 0x10, 0xB8, 0x00, 0x16, 0xD0, 0xB8,
0x00, 0x17, 0xD0, 0xB8, 0x00, 0x1A, 0xD0, 0xB8, 0x00, 0x1B, 0xD0, 0xB8,
0x00, 0x15, 0x10, 0xB8, 0x00, 0x1C, 0xD0, 0xB8, 0x00, 0x1D, 0xD0, 0x30,
0x31, 0x01, 0x21, 0x11, 0x21, 0x11, 0x21, 0x11, 0x21, 0x11, 0x21, 0x11,
0x21, 0x11, 0x21, 0x11, 0x21, 0x01, 0x21, 0x11, 0x29, 0x02, 0x11, 0x21,
0x11, 0x21, 0x11, 0x21, 0x11, 0x21, 0x11, 0x21, 0x04, 0x00, 0xFF, 0x00,
0xFE, 0x00, 0x01, 0x00, 0x01, 0x00, 0x01, 0x00, 0x01, 0x00, 0x01, 0x00,
0xFE, 0x00, 0x01, 0x00, 0xFD, 0x00, 0x03, 0x00, 0xFC, 0x00, 0xFF, 0x00,
0x01, 0x00, 0x05, 0x00, 0x01, 0x00, 0xFF, 0x00, 0xFB, 0x00, 0x09, 0x00,
0xFF, 0x00, 0x01, 0x00, 0x01, 0x00, 0x01, 0x00, 0xFF, 0x00, 0xFF, 0x00,
0xFF, 0x00, 0xFE, 0x00, 0xFB, 0x00, 0x05, 0x00, 0x01, 0x00, 0xFF, 0x00,
0xFB, 0x00, 0xFF, 0x00, 0x00, 0x04, 0x00, 0x00, 0x00, 0x00, 0x07, 0x00,
0x0A, 0x00, 0x00, 0x03, 0x00, 0x07, 0x00, 0x0B, 0x00, 0x17, 0x00, 0xCB,
0xB8, 0x00, 0x18, 0x2F, 0xB8, 0x00, 0x00, 0x2F, 0xB8, 0x00, 0x01, 0xDC,
0xB8, 0x00, 0x18, 0x10, 0xB8, 0x00, 0x04, 0xD0, 0xB8, 0x00, 0x04, 0x2F,
0xB8, 0x00, 0x05, 0xDC, 0xB8, 0x00, 0x00, 0x10, 0xB8, 0x00, 0x08, 0xD0,
0xB8, 0x00, 0x05, 0x10, 0xB8, 0x00, 0x09, 0xD0, 0xB8, 0x00, 0x04, 0x10,
0xB8, 0x00, 0x0D, 0xD0, 0xB8, 0x00, 0x01, 0x10, 0xB8, 0x00, 0x13, 0xD0,
0x00, 0xB8, 0x00, 0x00, 0x45, 0x58, 0xB8, 0x00, 0x00, 0x2F, 0x1B, 0xB9,
0x00, 0x00, 0x00, 0x07, 0x3E, 0x59, 0xB8, 0x00, 0x00, 0x45, 0x58, 0xB8,
0x00, 0x04, 0x2F, 0x1B, 0xB9, 0x00, 0x04, 0x00, 0x07, 0x3E, 0x59, 0xB8,
0x00, 0x00, 0x45, 0x58, 0xB8, 0x00, 0x10, 0x2F, 0x1B, 0xB9, 0x00, 0x10,
0x00, 0x05, 0x3E, 0x59, 0xB8, 0x00, 0x00, 0x45, 0x58, 0xB8, 0x00, 0x16,
0x2F, 0x1B, 0xB9, 0x00, 0x16, 0x00, 0x01, 0x3E, 0x59, 0xB8, 0x00, 0x00,
0x10, 0xB8, 0x00, 0x02, 0xDC, 0xB8, 0x00, 0x06, 0xD0, 0xB8, 0x00, 0x07,
0xD0, 0xB8, 0x00, 0x10, 0x10, 0xB8, 0x00, 0x08, 0xDC, 0xB8, 0x00, 0x16,
0x10, 0xB8, 0x00, 0x0A, 0xDC, 0xB8, 0x00, 0x0C, 0xD0, 0xB8, 0x00, 0x0D,
0xD0, 0xB8, 0x00, 0x08, 0x10, 0xB8, 0x00, 0x0E, 0xD0, 0xB8, 0x00, 0x0F,
0xD0, 0xB8, 0x00, 0x12, 0xD0, 0xB8, 0x00, 0x13, 0xD0, 0xB8, 0x00, 0x0D,
0x10, 0xB8, 0x00, 0x14, 0xD0, 0xB8, 0x00, 0x15, 0xD0, 0x30, 0x31, 0x01,
0x21, 0x11, 0x21, 0x01, 0x21, 0x11, 0x21, 0x01, 0x21, 0x11, 0x29, 0x02,
0x11, 0x21, 0x11, 0x21, 0x11, 0x21, 0x11, 0x21, 0x11, 0x21, 0x05, 0x00,
0x02, 0x00, 0xFE, 0x00, 0xFB, 0x00, 0x02, 0x00, 0xFE, 0x00, 0x05, 0x00,
0xFD, 0x00, 0x03, 0x00, 0xFC, 0x00, 0xFF, 0x00, 0x01, 0x00, 0x05, 0x00,
0x01, 0x00, 0xFF, 0x00, 0xFB, 0x00, 0x0A, 0x00, 0xFF, 0x00, 0x01, 0x00,
0xFF, 0x00, 0xFD, 0x00, 0xFB, 0x00, 0x05, 0x00, 0x01, 0x00, 0xFF, 0x00,
0xFB, 0x00, 0xFF, 0x00, 0x00, 0x03, 0x00, 0x00, 0x00, 0x00, 0x07, 0x00,
0x0B, 0x00, 0x00, 0x0B, 0x00, 0x0F, 0x00, 0x1B, 0x00, 0xF7, 0xBA, 0x00,
0x0E, 0x00, 0x11, 0x00, 0x03, 0x2B, 0xBA, 0x00, 0x01, 0x00, 0x00, 0x00,
0x03, 0x2B, 0xB8, 0x00, 0x0E, 0x10, 0xB8, 0x00, 0x04, 0xDC, 0xB8, 0x00,
0x01, 0x10, 0xB8, 0x00, 0x05, 0xDC, 0xB8, 0x00, 0x0C, 0xD0, 0xB8, 0x00,
0x06, 0xD0, 0xB8, 0x00, 0x01, 0x10, 0xB8, 0x00, 0x07, 0xD0, 0xB8, 0x00,
0x0E, 0x10, 0xB8, 0x00, 0x09, 0xD0, 0xB8, 0x00, 0x00, 0x10, 0xB8, 0x00,
0x10, 0xD0, 0xB8, 0x00, 0x00, 0x10, 0xB8, 0x00, 0x13, 0xD0, 0xB8, 0x00,
0x05, 0x10, 0xB8, 0x00, 0x17, 0xDC, 0x00, 0xB8, 0x00, 0x00, 0x45, 0x58,
0xB8, 0x00, 0x02, 0x2F, 0x1B, 0xB9, 0x00, 0x02, 0x00, 0x07, 0x3E, 0x59,
0xB8, 0x00, 0x00, 0x45, 0x58, 0xB8, 0x00, 0x0A, 0x2F, 0x1B, 0xB9, 0x00,
0x0A, 0x00, 0x07, 0x3E, 0x59, 0xB8, 0x00, 0x00, 0x45, 0x58, 0xB8, 0x00,
0x14, 0x2F, 0x1B, 0xB9, 0x00, 0x14, 0x00, 0x05, 0x3E, 0x59, 0xB8, 0x00,
0x00, 0x45, 0x58, 0xB8, 0x00, 0x1A, 0x2F, 0x1B, 0xB9, 0x00, 0x1A, 0x00,
0x01, 0x3E, 0x59, 0xB8, 0x00, 0x02, 0x10, 0xB8, 0x00, 0x01, 0xDC, 0xB8,
0x00, 0x08, 0xDC, 0xB8, 0x00, 0x04, 0xD0, 0xB8, 0x00, 0x02, 0x10, 0xB8,
0x00, 0x06, 0xDC, 0xB8, 0x00, 0x05, 0xDC, 0xB8, 0x00, 0x09, 0xD0, 0xB8,
0x00, 0x02, 0x10, 0xB8, 0x00, 0x0B, 0xD0, 0xB8, 0x00, 0x14, 0x10, 0xB8,
0x00, 0x0C, 0xDC, 0xB8, 0x00, 0x1A, 0x10, 0xB8, 0x00, 0x0E, 0xDC, 0xB8,
0x00, 0x10, 0xD0, 0xB8, 0x00, 0x11, 0xD0, 0xB8, 0x00, 0x0C, 0x10, 0xB8,
0x00, 0x12, 0xD0, 0xB8, 0x00, 0x13, 0xD0, 0xB8, 0x00, 0x16, 0xD0, 0xB8,
0x00, 0x17, 0xD0, 0xB8, 0x00, 0x11, 0x10, 0xB8, 0x00, 0x18, 0xD0, 0xB8,
0x00, 0x19, 0xD0, 0x30, 0x31, 0x01, 0x21, 0x11, 0x21, 0x11, 0x21, 0x11,
0x21, 0x11, 0x21, 0x11, 0x21, 0x01, 0x21, 0x11, 0x29, 0x02, 0x11, 0x21,
0x11, 0x21, 0x11, 0x21, 0x11, 0x21, 0x11, 0x21, 0x01, 0x00, 0x02, 0x00,
0x01, 0x00, 0x01, 0x00, 0xFE, 0x00, 0xFF, 0x00, 0xFF, 0x00, 0x04, 0x00,
0xFD, 0x00, 0x03, 0x00, 0xFC, 0x00, 0xFF, 0x00, 0x01, 0x00, 0x05, 0x00,
0x01, 0x00, 0xFF, 0x00, 0xFB, 0x00, 0x0B, 0x00, 0xFF, 0x00, 0xFF, 0x00,
0xFF, 0x00, 0x01, 0x00, 0x01, 0x00, 0xFC, 0x00, 0xFB, 0x00, 0x05, 0x00,
0x01, 0x00, 0xFF, 0x00, 0xFB, 0x00, 0xFF, 0x00, 0x00, 0x03, 0x00, 0x00,
0x00, 0x00, 0x07, 0x00, 0x0B, 0x00, 0x00, 0x0F, 0x00, 0x17, 0x00, 0x1F,
0x01, 0x39, 0xBA, 0x00, 0x02, 0x00, 0x03, 0x00, 0x03, 0x2B, 0xBA, 0x00,
0x00, 0x00, 0x05, 0x00, 0x03, 0x2B, 0xBA, 0x00, 0x13, 0x00, 0x16, 0x00,
0x03, 0x2B, 0xB8, 0x00, 0x02, 0x10, 0xB8, 0x00, 0x07, 0xD0, 0xB8, 0x00,
0x00, 0x10, 0xB8, 0x00, 0x09, 0xD0, 0xB8, 0x00, 0x16, 0x10, 0xB8, 0x00,
0x0B, 0xD0, 0xB8, 0x00, 0x05, 0x10, 0xB8, 0x00, 0x0C, 0xDC, 0xB8, 0x00,
0x00, 0x10, 0xB8, 0x00, 0x0D, 0xDC, 0xB8, 0x00, 0x00, 0x10, 0xB8, 0x00,
0x10, 0xD0, 0xB8, 0x00, 0x0D, 0x10, 0xB8, 0x00, 0x11, 0xD0, 0xB8, 0x00,
0x03, 0x10, 0xB8, 0x00, 0x18, 0xD0, 0xB8, 0x00, 0x02, 0x10, 0xB8, 0x00,
0x19, 0xD0, 0xB8, 0x00, 0x00, 0x10, 0xB8, 0x00, 0x1B, 0xD0, 0xB8, 0x00,
0x05, 0x10, 0xB8, 0x00, 0x1D, 0xD0, 0x00, 0xB8, 0x00, 0x00, 0x45, 0x58,
0xB8, 0x00, 0x10, 0x2F, 0x1B, 0xB9, 0x00, 0x10, 0x00, 0x05, 0x3E, 0x59,
0xB8, 0x00, 0x00, 0x45, 0x58, 0xB8, 0x00, 0x18, 0x2F, 0x1B, 0xB9, 0x00,
0x18, 0x00, 0x05, 0x3E, 0x59, 0xB8, 0x00, 0x00, 0x45, 0x58, 0xB8, 0x00,
0x06, 0x2F, 0x1B, 0xB9, 0x00, 0x06, 0x00, 0x07, 0x3E, 0x59, 0xB8, 0x00,
0x00, 0x45, 0x58, 0xB8, 0x00, 0x0A, 0x2F, 0x1B, 0xB9, 0x00, 0x0A, 0x00,
0x07, 0x3E, 0x59, 0xB8, 0x00, 0x00, 0x45, 0x58, 0xB8, 0x00, 0x14, 0x2F,
0x1B, 0xB9, 0x00, 0x14, 0x00, 0x01, 0x3E, 0x59, 0xB8, 0x00, 0x00, 0x45,
0x58, 0xB8, 0x00, 0x1C, 0x2F, 0x1B, 0xB9, 0x00, 0x1C, 0x00, 0x01, 0x3E,
0x59, 0xBA, 0x00, 0x09, 0x00, 0x00, 0x00, 0x03, 0x2B, 0xB8, 0x00, 0x06,
0x10, 0xB8, 0x00, 0x02, 0xDC, 0xB8, 0x00, 0x01, 0xDC, 0xB8, 0x00, 0x00,
0x10, 0xB8, 0x00, 0x04, 0xD0, 0xB8, 0x00, 0x01, 0x10, 0xB8, 0x00, 0x05,
0xD0, 0xB8, 0x00, 0x00, 0x10, 0xB8, 0x00, 0x0C, 0xD0, 0xB8, 0x00, 0x01,
0x10, 0xB8, 0x00, 0x0D, 0xD0, 0xB8, 0x00, 0x02, 0x10, 0xB8, 0x00, 0x0E,
0xD0, 0xB8, 0x00, 0x0F, 0xD0, 0xB8, 0x00, 0x14, 0x10, 0xB8, 0x00, 0x12,
0xDC, 0xB8, 0x00, 0x16, 0xD0, 0xB8, 0x00, 0x17, 0xD0, 0xB8, 0x00, 0x1A,
0xD0, 0xB8, 0x00, 0x1B, 0xD0, 0xB8, 0x00, 0x1E, 0xD0, 0xB8, 0x00, 0x1F,
0xD0, 0x30, 0x31, 0x01, 0x21, 0x11, 0x21, 0x11, 0x21, 0x11, 0x21, 0x11,
0x21, 0x11, 0x21, 0x11, 0x21, 0x11, 0x21, 0x11, 0x21, 0x11, 0x21, 0x11,
0x21, 0x11, 0x21, 0x01, 0x21, 0x11, 0x21, 0x11, 0x21, 0x11, 0x21, 0x04,
0x00, 0xFE, 0x00, 0xFE, 0x00, 0x01, 0x00, 0x01, 0x00, 0x02, 0x00, 0x01,
0x00, 0x01, 0x00, 0xFE, 0x00, 0x02, 0x00, 0x01, 0x00, 0xFE, 0x00, 0xFF,
0x00, 0xFC, 0x00, 0x02, 0x00, 0x02, 0x00, 0xFD, 0x00, 0xFF, 0x00, 0x09,
0x00, 0xFF, 0x00, 0x01, 0x00, 0x01, 0x00, 0x01, 0x00, 0xFF, 0x00, 0xFF,
0x00, 0xFF, 0x00, 0xFF, 0x00, 0xFA, 0x00, 0xFF, 0x00, 0x01, 0x00, 0x06,
0x00, 0xFA, 0x00, 0xFF, 0x00, 0x01, 0x00, 0x00, 0x00, 0x03, 0x00, 0x00,
0x00, 0x00, 0x07, 0x00, 0x0B, 0x00, 0x00, 0x0B, 0x00, 0x13, 0x00, 0x1B,
0x01, 0x21, 0xBA, 0x00, 0x15, 0x00, 0x14, 0x00, 0x03, 0x2B, 0xBA, 0x00,
0x01, 0x00, 0x00, 0x00, 0x03, 0x2B, 0xB8, 0x00, 0x15, 0x10, 0xB8, 0x00,
0x04, 0xDC, 0xB8, 0x00, 0x0C, 0xD0, 0xB8, 0x00, 0x03, 0xD0, 0xB8, 0x00,
0x01, 0x10, 0xB8, 0x00, 0x05, 0xDC, 0xB8, 0x00, 0x12, 0x10, 0xB8, 0x00,
0x06, 0xD0, 0xB8, 0x00, 0x01, 0x10, 0xB8, 0x00, 0x07, 0xD0, 0xB8, 0x00,
0x15, 0x10, 0xB8, 0x00, 0x09, 0xD0, 0xB8, 0x00, 0x04, 0x10, 0xB8, 0x00,
0x0D, 0xDC, 0xB8, 0x00, 0x05, 0x10, 0xB8, 0x00, 0x0F, 0xDC, 0xB8, 0x00,
0x05, 0x10, 0xB8, 0x00, 0x11, 0xD0, 0xB8, 0x00, 0x04, 0x10, 0xB8, 0x00,
0x17, 0xD0, 0xB8, 0x00, 0x0C, 0x10, 0xB8, 0x00, 0x18, 0xD0, 0xB8, 0x00,
0x00, 0x10, 0xB8, 0x00, 0x19, 0xD0, 0x00, 0xB8, 0x00, 0x00, 0x45, 0x58,
0xB8, 0x00, 0x0C, 0x2F, 0x1B, 0xB9, 0x00, 0x0C, 0x00, 0x05, 0x3E, 0x59,
0xB8, 0x00, 0x00, 0x45, 0x58, 0xB8, 0x00, 0x14, 0x2F, 0x1B, 0xB9, 0x00,
0x14, 0x00, 0x05, 0x3E, 0x59, 0xB8, 0x00, 0x00, 0x45, 0x58, 0xB8, 0x00,
0x02, 0x2F, 0x1B, 0xB9, 0x00, 0x02, 0x00, 0x07, 0x3E, 0x59, 0xB8, 0x00,
0x00, 0x45, 0x58, 0xB8, 0x00, 0x0A, 0x2F, 0x1B, 0xB9, 0x00, 0x0A, 0x00,
0x07, 0x3E, 0x59, 0xB8, 0x00, 0x00, 0x45, 0x58, 0xB8, 0x00, 0x10, 0x2F,
0x1B, 0xB9, 0x00, 0x10, 0x00, 0x01, 0x3E, 0x59, 0xB8, 0x00, 0x00, 0x45,
0x58, 0xB8, 0x00, 0x18, 0x2F, 0x1B, 0xB9, 0x00, 0x18, 0x00, 0x01, 0x3E,
0x59, 0xB8, 0x00, 0x02, 0x10, 0xB8, 0x00, 0x01, 0xDC, 0xB8, 0x00, 0x08,
0xDC, 0xB8, 0x00, 0x04, 0xD0, 0xB8, 0x00, 0x02, 0x10, 0xB8, 0x00, 0x06,
0xDC, 0xB8, 0x00, 0x05, 0xDC, 0xB8, 0x00, 0x09, 0xD0, 0xB8, 0x00, 0x02,
0x10, 0xB8, 0x00, 0x0B, 0xD0, 0xB8, 0x00, 0x10, 0x10, 0xB8, 0x00, 0x0E,
0xDC, 0xB8, 0x00, 0x12, 0xD0, 0xB8, 0x00, 0x13, 0xD0, 0xB8, 0x00, 0x16,
0xD0, 0xB8, 0x00, 0x17, 0xD0, 0xB8, 0x00, 0x1A, 0xD0, 0xB8, 0x00, 0x1B,
0xD0, 0x30, 0x31, 0x01, 0x21, 0x11, 0x21, 0x11, 0x21, 0x11, 0x21, 0x11,
0x21, 0x11, 0x21, 0x01, 0x21, 0x11, 0x21, 0x11, 0x21, 0x11, 0x21, 0x01,
0x21, 0x11, 0x21, 0x11, 0x21, 0x11, 0x21, 0x01, 0x00, 0x02, 0x00, 0x01,
0x00, 0x01, 0x00, 0xFE, 0x00, 0xFF, 0x00, 0xFF, 0x00, 0x03, 0x00, 0x02,
0x00, 0x01, 0x00, 0xFE, 0x00, 0xFF, 0x00, 0xFC, 0x00, 0x02, 0x00, 0x02,
0x00, 0xFD, 0x00, 0xFF, 0x00, 0x0B, 0x00, 0xFF, 0x00, 0xFF, 0x00, 0xFF,
0x00, 0x01, 0x00, 0x01, 0x00, 0xFD, 0x00, 0xFA, 0x00, 0xFF, 0x00, 0x01,
0x00, 0x06, 0x00, 0xFA, 0x00, 0xFF, 0x00, 0x01, 0x00, 0x00, 0x00, 0x00,
0x00, 0x03, 0x00, 0x00, 0xFD, 0x00, 0x07, 0x00, 0x0A, 0x00, 0x00, 0x03,
0x00, 0x07, 0x00, 0x1B, 0x01, 0x01, 0xBA, 0x00, 0x01, 0x00, 0x00, 0x00,
0x03, 0x2B, 0xBA, 0x00, 0x18, 0x00, 0x09, 0x00, 0x03, 0x2B, 0xBA, 0x00,
0x05, 0x00, 0x04, 0x00, 0x03, 0x2B, 0xB8, 0x00, 0x00, 0x10, 0xB8, 0x00,
0x08, 0xD0, 0xB8, 0x00, 0x04, 0x10, 0xB8, 0x00, 0x0B, 0xD0, 0xB8, 0x00,
0x00, 0x10, 0xB8, 0x00, 0x0F, 0xD0, 0xB8, 0x00, 0x01, 0x10, 0xB8, 0x00,
0x11, 0xD0, 0xB8, 0x00, 0x04, 0x10, 0xB8, 0x00, 0x13, 0xD0, 0xB8, 0x00,
0x05, 0x10, 0xB8, 0x00, 0x15, 0xD0, 0xB8, 0x00, 0x04, 0x10, 0xB8, 0x00,
0x19, 0xD0, 0x00, 0xB8, 0x00, 0x00, 0x45, 0x58, 0xB8, 0x00, 0x10, 0x2F,
0x1B, 0xB9, 0x00, 0x10, 0x00, 0x05, 0x3E, 0x59, 0xB8, 0x00, 0x00, 0x45,
0x58, 0xB8, 0x00, 0x14, 0x2F, 0x1B, 0xB9, 0x00, 0x14, 0x00, 0x05, 0x3E,
0x59, 0xB8, 0x00, 0x00, 0x45, 0x58, 0xB8, 0x00, 0x00, 0x2F, 0x1B, 0xB9,
0x00, 0x00, 0x00, 0x07, 0x3E, 0x59, 0xB8, 0x00, 0x00, 0x45, 0x58, 0xB8,
0x00, 0x04, 0x2F, 0x1B, 0xB9, 0x00, 0x04, 0x00, 0x07, 0x3E, 0x59, 0xB8,
0x00, 0x00, 0x45, 0x58, 0xB8, 0x00, 0x1A, 0x2F, 0x1B, 0xB9, 0x00, 0x1A,
0x00, 0x03, 0x3E, 0x59, 0xB8, 0x00, 0x00, 0x45, 0x58, 0xB8, 0x00, 0x0C,
0x2F, 0x1B, 0xB9, 0x00, 0x0C, 0x00, 0x01, 0x3E, 0x59, 0xB8, 0x00, 0x00,
0x10, 0xB8, 0x00, 0x02, 0xDC, 0xB8, 0x00, 0x06, 0xD0, 0xB8, 0x00, 0x07,
0xD0, 0xB8, 0x00, 0x1A, 0x10, 0xB8, 0x00, 0x08, 0xDC, 0xB8, 0x00, 0x1A,
0x10, 0xB8, 0x00, 0x0A, 0xDC, 0xB8, 0x00, 0x0C, 0x10, 0xB8, 0x00, 0x0E,
0xDC, 0xB8, 0x00, 0x12, 0xD0, 0xB8, 0x00, 0x13, 0xD0, 0xB8, 0x00, 0x0A,
0x10, 0xB8, 0x00, 0x16, 0xD0, 0xB8, 0x00, 0x17, 0xD0, 0xB8, 0x00, 0x08,
0x10, 0xB8, 0x00, 0x18, 0xD0, 0xB8, 0x00, 0x19, 0xD0, 0x30, 0x31, 0x11,
0x21, 0x11, 0x21, 0x01, 0x21, 0x11, 0x21, 0x01, 0x21, 0x11, 0x21, 0x11,
0x21, 0x11, 0x21, 0x11, 0x21, 0x11, 0x21, 0x11, 0x21, 0x11, 0x21, 0x11,
0x21, 0x11, 0x21, 0x02, 0x00, 0xFE, 0x00, 0x05, 0x00, 0x02, 0x00, 0xFE,
0x00, 0xFB, 0x00, 0x04, 0x00, 0x01, 0x00, 0xFC, 0x00, 0xFF, 0x00, 0x02,
0x00, 0x03, 0x00, 0x02, 0x00, 0xFF, 0x00, 0xFF, 0x00, 0xFB, 0x00, 0x0A,
0x00, 0xFF, 0x00, 0x01, 0x00, 0xFF, 0x00, 0xF5, 0x00, 0x01, 0x00, 0x01,
0x00, 0x01, 0x00, 0x06, 0x00, 0xFA, 0x00, 0x06, 0x00, 0xF8, 0x00, 0xFF,
0x00, 0xFF, 0x00, 0x00, 0x00, 0x04, 0x00, 0x00, 0x00, 0x00, 0x07, 0x00,
0x0B, 0x00, 0x00, 0x03, 0x00, 0x07, 0x00, 0x0B, 0x00, 0x17, 0x00, 0x9C,
0xB8, 0x00, 0x18, 0x2F, 0xB8, 0x00, 0x00, 0x2F, 0xB8, 0x00, 0x01, 0xDC,
0xB8, 0x00, 0x18, 0x10, 0xB8, 0x00, 0x04, 0xD0, 0xB8, 0x00, 0x04, 0x2F,
0xB8, 0x00, 0x05, 0xDC, 0xB8, 0x00, 0x00, 0x10, 0xB8, 0x00, 0x08, 0xD0,
0xB8, 0x00, 0x05, 0x10, 0xB8, 0x00, 0x09, 0xD0, 0xB8, 0x00, 0x04, 0x10,
0xB8, 0x00, 0x0C, 0xD0, 0xB8, 0x00, 0x01, 0x10, 0xB8, 0x00, 0x11, 0xD0,
0x00, 0xB8, 0x00, 0x00, 0x45, 0x58, 0xB8, 0x00, 0x14, 0x2F, 0x1B, 0xB9,
0x00, 0x14, 0x00, 0x01, 0x3E, 0x59, 0xBA, 0x00, 0x01, 0x00, 0x02, 0x00,
0x03, 0x2B, 0xBA, 0x00, 0x0F, 0x00, 0x10, 0x00, 0x03, 0x2B, 0xB8, 0x00,
0x01, 0x10, 0xB8, 0x00, 0x04, 0xD0, 0xB8, 0x00, 0x02, 0x10, 0xB8, 0x00,
0x06, 0xD0, 0xB8, 0x00, 0x10, 0x10, 0xB8, 0x00, 0x08, 0xD0, 0xB8, 0x00,
0x14, 0x10, 0xB8, 0x00, 0x0A, 0xDC, 0xB8, 0x00, 0x10, 0x10, 0xB8, 0x00,
0x0C, 0xD0, 0xB8, 0x00, 0x0A, 0x10, 0xB8, 0x00, 0x12, 0xD0, 0xB8, 0x00,
0x13, 0xD0, 0xB8, 0x00, 0x16, 0xD0, 0xB8, 0x00, 0x17, 0xD0, 0x30, 0x31,
0x01, 0x21, 0x11, 0x21, 0x01, 0x21, 0x11, 0x21, 0x01, 0x21, 0x11, 0x21,
0x01, 0x21, 0x11, 0x21, 0x11, 0x21, 0x11, 0x21, 0x11, 0x21, 0x11, 0x21,
0x05, 0x00, 0x02, 0x00, 0xFE, 0x00, 0xFB, 0x00, 0x02, 0x00, 0xFE, 0x00,
0x05, 0x00, 0xFD, 0x00, 0x03, 0x00, 0xFB, 0x00, 0x01, 0x00, 0x05, 0x00,
0x01, 0x00, 0xFF, 0x00, 0xFB, 0x00, 0xFF, 0x00, 0x0B, 0x00, 0xFF, 0x00,
0x01, 0x00, 0xFF, 0x00, 0xFE, 0x00, 0xF9, 0x00, 0x07, 0x00, 0x01, 0x00,
0xFF, 0x00, 0xF9, 0x00, 0xFF, 0x00, 0x01, 0x00, 0x00, 0x03, 0x00, 0x00,
0x00, 0x00, 0x07, 0x00, 0x0B, 0x00, 0x00, 0x03, 0x00, 0x07, 0x00, 0x13,
0x00, 0x84, 0xB8, 0x00, 0x14, 0x2F, 0xB8, 0x00, 0x04, 0x2F, 0xB8, 0x00,
0x14, 0x10, 0xB8, 0x00, 0x00, 0xD0, 0xB8, 0x00, 0x00, 0x2F, 0xB8, 0x00,
0x01, 0xDC, 0xB8, 0x00, 0x04, 0x10, 0xB8, 0x00, 0x05, 0xDC, 0xB8, 0x00,
0x00, 0x10, 0xB8, 0x00, 0x08, 0xD0, 0xB8, 0x00, 0x01, 0x10, 0xB8, 0x00,
0x09, 0xD0, 0xB8, 0x00, 0x04, 0x10, 0xB8, 0x00, 0x0B, 0xD0, 0xB8, 0x00,
0x05, 0x10, 0xB8, 0x00, 0x0D, 0xD0, 0x00, 0xB8, 0x00, 0x00, 0x45, 0x58,
0xB8, 0x00, 0x10, 0x2F, 0x1B, 0xB9, 0x00, 0x10, 0x00, 0x01, 0x3E, 0x59,
0xBA, 0x00, 0x01, 0x00, 0x02, 0x00, 0x03, 0x2B, 0xB8, 0x00, 0x01, 0x10,
0xB8, 0x00, 0x04, 0xD0, 0xB8, 0x00, 0x02, 0x10, 0xB8, 0x00, 0x06, 0xD0,
0xB8, 0x00, 0x10, 0x10, 0xB8, 0x00, 0x0A, 0xDC, 0xB8, 0x00, 0x0E, 0xD0,
0xB8, 0x00, 0x0F, 0xD0, 0xB8, 0x00, 0x12, 0xD0, 0xB8, 0x00, 0x13, 0xD0,
0x30, 0x31, 0x11, 0x21, 0x11, 0x21, 0x01, 0x21, 0x11, 0x21, 0x01, 0x21,
0x11, 0x21, 0x11, 0x21, 0x11, 0x21, 0x11, 0x21, 0x11, 0x21, 0x02, 0x00,
0xFE, 0x00, 0x05, 0x00, 0x02, 0x00, 0xFE, 0x00, 0xFB, 0x00, 0x02, 0x00,
0x03, 0x00, 0x02, 0x00, 0xFF, 0x00, 0xFB, 0x00, 0xFF, 0x00, 0x0B, 0x00,
0xFF, 0x00, 0x01, 0x00, 0xFF, 0x00, 0xFF, 0x00, 0xF8, 0x00, 0x08, 0x00,
0xF8, 0x00, 0xFF, 0x00, 0x01, 0x00, 0x00, 0x00, 0x00, 0x01, 0x00, 0x00,
0x00, 0x00, 0x07, 0x00, 0x0B, 0x00, 0x00, 0x1B, 0x00, 0xC4, 0xBA, 0x00,
0x02, 0x00, 0x0F, 0x00, 0x03, 0x2B, 0xBA, 0x00, 0x0A, 0x00, 0x0B, 0x00,
0x03, 0x2B, 0xB8, 0x00, 0x0A, 0x10, 0xB8, 0x00, 0x00, 0xD0, 0xB8, 0x00,
0x0A, 0x10, 0xB8, 0x00, 0x03, 0xD0, 0xB8, 0x00, 0x00, 0x10, 0xB8, 0x00,
0x04, 0xD0, 0xB8, 0x00, 0x0A, 0x10, 0xB8, 0x00, 0x19, 0xDC, 0xB8, 0x00,
0x05, 0xD0, 0xB8, 0x00, 0x0B, 0x10, 0xB8, 0x00, 0x13, 0xD0, 0xB8, 0x00,
0x0A, 0x10, 0xB8, 0x00, 0x15, 0xD0, 0xB8, 0x00, 0x00, 0x10, 0xB8, 0x00,
0x16, 0xD0, 0x00, 0xB8, 0x00, 0x00, 0x45, 0x58, 0xB8, 0x00, 0x0A, 0x2F,
0x1B, 0xB9, 0x00, 0x0A, 0x00, 0x01, 0x3E, 0x59, 0xBA, 0x00, 0x15, 0x00,
0x00, 0x00, 0x03, 0x2B, 0xBA, 0x00, 0x19, 0x00, 0x1A, 0x00, 0x03, 0x2B,
0xB8, 0x00, 0x0A, 0x10, 0xB8, 0x00, 0x02, 0xDC, 0xB8, 0x00, 0x06, 0xD0,
0xB8, 0x00, 0x07, 0xD0, 0xB8, 0x00, 0x03, 0xD0, 0xB8, 0x00, 0x04, 0xDC,
0xB8, 0x00, 0x07, 0x10, 0xB8, 0x00, 0x08, 0xDC, 0xB8, 0x00, 0x0C, 0xD0,
0xB8, 0x00, 0x07, 0x10, 0xB8, 0x00, 0x0E, 0xD0, 0xB8, 0x00, 0x0F, 0xD0,
0xB8, 0x00, 0x00, 0x10, 0xB8, 0x00, 0x10, 0xD0, 0xB8, 0x00, 0x19, 0x10,
0xB8, 0x00, 0x11, 0xD0, 0xB8, 0x00, 0x00, 0x10, 0xB8, 0x00, 0x16, 0xDC,
0xB8, 0x00, 0x12, 0xD0, 0xB8, 0x00, 0x00, 0x10, 0xB8, 0x00, 0x18, 0xD0,
0x30, 0x31, 0x01, 0x21, 0x11, 0x21, 0x11, 0x21, 0x11, 0x21, 0x11, 0x21,
0x11, 0x21, 0x11, 0x21, 0x11, 0x21, 0x11, 0x21, 0x11, 0x21, 0x11, 0x21,
0x11, 0x21, 0x11, 0x21, 0x11, 0x21, 0x05, 0x00, 0xFD, 0x00, 0x03, 0x00,
0x02, 0x00, 0xFF, 0x00, 0xFF, 0x00, 0xFE, 0x00, 0xFE, 0x00, 0xFF, 0x00,
0x01, 0x00, 0x02, 0x00, 0x02, 0x00, 0x01, 0x00, 0x01, 0x00, 0xFE, 0x00,
0x08, 0x00, 0xFB, 0x00, 0x01, 0x00, 0xFF, 0x00, 0xFF, 0x00, 0xFE, 0x00,
0x02, 0x00, 0x01, 0x00, 0x05, 0x00, 0x01, 0x00, 0x02, 0x00, 0xFE, 0x00,
0xFF, 0x00, 0xFF, 0x00, 0x00, 0x01, 0x00, 0x00, 0x00, 0x00, 0x07, 0x00,
0x0B, 0x00, 0x00, 0x1D, 0x01, 0x29, 0xBA, 0x00, 0x06, 0x00, 0x0D, 0x00,
0x03, 0x2B, 0xBA, 0x00, 0x19, 0x00, 0x00, 0x00, 0x03, 0x2B, 0xB8, 0x00,
0x06, 0x10, 0xB8, 0x00, 0x01, 0xD0, 0xB8, 0x00, 0x00, 0x10, 0xB8, 0x00,
0x03, 0xD0, 0xB8, 0x00, 0x0D, 0x10, 0xB8, 0x00, 0x04, 0xDC, 0xB8, 0x00,
0x19, 0x10, 0xB8, 0x00, 0x07, 0xDC, 0xB8, 0x00, 0x0A, 0xDC, 0xB8, 0x00,
0x19, 0x10, 0xB8, 0x00, 0x0B, 0xD0, 0xB8, 0x00, 0x06, 0x10, 0xB8, 0x00,
0x0F, 0xDC, 0xB8, 0x00, 0x0D, 0x10, 0xB8, 0x00, 0x11, 0xD0, 0xB8, 0x00,
0x0F, 0x10, 0xB8, 0x00, 0x13, 0xD0, 0xB8, 0x00, 0x07, 0x10, 0xB8, 0x00,
0x17, 0xD0, 0xB8, 0x00, 0x07, 0x10, 0xB8, 0x00, 0x1B, 0xD0, 0x00, 0xB8,
0x00, 0x00, 0x45, 0x58, 0xB8, 0x00, 0x00, 0x2F, 0x1B, 0xB9, 0x00, 0x00,
0x00, 0x07, 0x3E, 0x59, 0xB8, 0x00, 0x00, 0x45, 0x58, 0xB8, 0x00, 0x14,
0x2F, 0x1B, 0xB9, 0x00, 0x14, 0x00, 0x07, 0x3E, 0x59, 0xB8, 0x00, 0x00,
0x45, 0x58, 0xB8, 0x00, 0x18, 0x2F, 0x1B, 0xB9, 0x00, 0x18, 0x00, 0x07,
0x3E, 0x59, 0xB8, 0x00, 0x00, 0x45, 0x58, 0xB8, 0x00, 0x02, 0x2F, 0x1B,
0xB9, 0x00, 0x02, 0x00, 0x05, 0x3E, 0x59, 0xB8, 0x00, 0x00, 0x45, 0x58,
0xB8, 0x00, 0x12, 0x2F, 0x1B, 0xB9, 0x00, 0x12, 0x00, 0x05, 0x3E, 0x59,
0xB8, 0x00, 0x00, 0x45, 0x58, 0xB8, 0x00, 0x0C, 0x2F, 0x1B, 0xB9, 0x00,
0x0C, 0x00, 0x01, 0x3E, 0x59, 0xBA, 0x00, 0x08, 0x00, 0x07, 0x00, 0x03,
0x2B, 0xB8, 0x00, 0x18, 0x10, 0xB8, 0x00, 0x01, 0xD0, 0xB8, 0x00, 0x02,
0x10, 0xB8, 0x00, 0x04, 0xDC, 0xB8, 0x00, 0x0C, 0x10, 0xB8, 0x00, 0x06,
0xDC, 0xB8, 0x00, 0x0A, 0xD0, 0xB8, 0x00, 0x0B, 0xD0, 0xB8, 0x00, 0x08,
0x10, 0xB8, 0x00, 0x0E, 0xD0, 0xB8, 0x00, 0x04, 0x10, 0xB8, 0x00, 0x10,
0xD0, 0xB8, 0x00, 0x11, 0xD0, 0xB8, 0x00, 0x18, 0x10, 0xB8, 0x00, 0x15,
0xD0, 0xB8, 0x00, 0x18, 0x10, 0xB8, 0x00, 0x17, 0xDC, 0xB8, 0x00, 0x18,
0x10, 0xB8, 0x00, 0x1A, 0xDC, 0xB8, 0x00, 0x17, 0x10, 0xB8, 0x00, 0x1C,
0xDC, 0x30, 0x31, 0x01, 0x21, 0x11, 0x21, 0x11, 0x21, 0x11, 0x21, 0x11,
0x21, 0x11, 0x21, 0x11, 0x21, 0x11, 0x21, 0x11, 0x21, 0x11, 0x21, 0x11,
0x21, 0x11, 0x21, 0x11, 0x21, 0x11, 0x21, 0x11, 0x21, 0x04, 0x00, 0xFF,
0x00, 0x01, 0x00, 0xFF, 0x00, 0x02, 0x00, 0x02, 0x00, 0xFF, 0x00, 0xFA,
0x00, 0x01, 0x00, 0xFF, 0x00, 0x01, 0x00, 0x01, 0x00, 0x03, 0x00, 0x01,
0x00, 0xFF, 0x00, 0xFF, 0x00, 0x0A, 0x00, 0xFD, 0x00, 0xFF, 0x00, 0xFB,
0x00, 0x01, 0x00, 0xFF, 0x00, 0xFF, 0x00, 0x02, 0x00, 0x04, 0x00, 0x01,
0x00, 0x03, 0x00, 0x01, 0x00, 0xFF, 0x00, 0xFE, 0x00, 0x01, 0x00, 0x00,
0x00, 0x01, 0x01, 0x00, 0x00, 0x00, 0x07, 0x00, 0x0A, 0x00, 0x00, 0x1F,
0x01, 0x0E, 0xBA, 0x00, 0x01, 0x00, 0x00, 0x00, 0x03, 0x2B, 0xB8, 0x00,
0x00, 0x10, 0xB8, 0x00, 0x03, 0xD0, 0xB8, 0x00, 0x01, 0x10, 0xB8, 0x00,
0x05, 0xD0, 0xB8, 0x00, 0x00, 0x10, 0xB8, 0x00, 0x09, 0xD0, 0xB8, 0x00,
0x01, 0x10, 0xB8, 0x00, 0x0B, 0xD0, 0xB8, 0x00, 0x01, 0x10, 0xB8, 0x00,
0x18, 0xDC, 0xB8, 0x00, 0x0D, 0xD0, 0xB8, 0x00, 0x18, 0x10, 0xB8, 0x00,
0x10, 0xDC, 0xB8, 0x00, 0x18, 0x10, 0xB8, 0x00, 0x13, 0xD0, 0xB8, 0x00,
0x0D, 0x10, 0xB8, 0x00, 0x14, 0xD0, 0xB8, 0x00, 0x10, 0x10, 0xB8, 0x00,
0x15, 0xD0, 0xB8, 0x00, 0x0D, 0x10, 0xB8, 0x00, 0x17, 0xD0, 0xB8, 0x00,
0x10, 0x10, 0xB8, 0x00, 0x19, 0xD0, 0xB8, 0x00, 0x18, 0x10, 0xB8, 0x00,
0x1B, 0xD0, 0xB8, 0x00, 0x0D, 0x10, 0xB8, 0x00, 0x1C, 0xD0, 0xB8, 0x00,
0x01, 0x10, 0xB8, 0x00, 0x1D, 0xD0, 0x00, 0xB8, 0x00, 0x00, 0x45, 0x58,
0xB8, 0x00, 0x0A, 0x2F, 0x1B, 0xB9, 0x00, 0x0A, 0x00, 0x07, 0x3E, 0x59,
0xB8, 0x00, 0x00, 0x45, 0x58, 0xB8, 0x00, 0x0E, 0x2F, 0x1B, 0xB9, 0x00,
0x0E, 0x00, 0x07, 0x3E, 0x59, 0xB8, 0x00, 0x00, 0x45, 0x58, 0xB8, 0x00,
0x1C, 0x2F, 0x1B, 0xB9, 0x00, 0x1C, 0x00, 0x01, 0x3E, 0x59, 0xBA, 0x00,
0x19, 0x00, 0x1A, 0x00, 0x03, 0x2B, 0xBA, 0x00, 0x05, 0x00, 0x02, 0x00,
0x03, 0x2B, 0xB8, 0x00, 0x19, 0x10, 0xB8, 0x00, 0x00, 0xD0, 0xB8, 0x00,
0x0A, 0x10, 0xB8, 0x00, 0x06, 0xDC, 0xB8, 0x00, 0x0A, 0x10, 0xB8, 0x00,
0x08, 0xDC, 0xB8, 0x00, 0x0C, 0xD0, 0xB8, 0x00, 0x0D, 0xD0, 0xB8, 0x00,
0x10, 0xD0, 0xB8, 0x00, 0x11, 0xD0, 0xB8, 0x00, 0x06, 0x10, 0xB8, 0x00,
0x12, 0xD0, 0xB8, 0x00, 0x13, 0xD0, 0xB8, 0x00, 0x05, 0x10, 0xB8, 0x00,
0x14, 0xD0, 0xB8, 0x00, 0x02, 0x10, 0xB8, 0x00, 0x16, 0xD0, 0xB8, 0x00,
0x1A, 0x10, 0xB8, 0x00, 0x1E, 0xD0, 0x30, 0x31, 0x01, 0x21, 0x11, 0x21,
0x11, 0x21, 0x11, 0x21, 0x11, 0x21, 0x11, 0x21, 0x11, 0x21, 0x11, 0x21,
0x11, 0x21, 0x11, 0x21, 0x11, 0x21, 0x11, 0x21, 0x11, 0x21, 0x11, 0x21,
0x11, 0x21, 0x11, 0x21, 0x01, 0x00, 0x02, 0x00, 0xFE, 0x00, 0x02, 0x00,
0xFF, 0x00, 0xFF, 0x00, 0x02, 0x00, 0x02, 0x00, 0x02, 0x00, 0xFF, 0x00,
0xFF, 0x00, 0x02, 0x00, 0xFE, 0x00, 0x02, 0x00, 0xFE, 0x00, 0xFE, 0x00,
0xFE, 0x00, 0x04, 0x00, 0x01, 0x00, 0x01, 0x00, 0x01, 0x00, 0x01, 0x00,
0x02, 0x00, 0xFE, 0x00, 0x02, 0x00, 0xFE, 0x00, 0xFF, 0x00, 0xFF, 0x00,
0xFF, 0x00, 0xFF, 0x00, 0xFF, 0x00, 0xFD, 0x00, 0x03, 0x00, 0x00, 0x00,
0x00, 0x02, 0x00, 0x00, 0x00, 0x00, 0x07, 0x00, 0x0B, 0x00, 0x00, 0x03,
0x00, 0x1F, 0x01, 0x2F, 0xBA, 0x00, 0x0A, 0x00, 0x0B, 0x00, 0x03, 0x2B,
0xBA, 0x00, 0x15, 0x00, 0x04, 0x00, 0x03, 0x2B, 0xBA, 0x00, 0x0F, 0x00,
0x00, 0x00, 0x03, 0x2B, 0xB8, 0x00, 0x0A, 0x10, 0xB8, 0x00, 0x01, 0xD0,
0xB8, 0x00, 0x00, 0x10, 0xB8, 0x00, 0x05, 0xD0, 0xB8, 0x00, 0x15, 0x10,
0xB8, 0x00, 0x07, 0xDC, 0xB8, 0x00, 0x0F, 0x10, 0xB8, 0x00, 0x08, 0xDC,
0xB8, 0x00, 0x0D, 0xD0, 0xB8, 0x00, 0x07, 0x10, 0xB8, 0x00, 0x0E, 0xD0,
0xB8, 0x00, 0x08, 0x10, 0xB8, 0x00, 0x11, 0xD0, 0xB8, 0x00, 0x07, 0x10,
0xB8, 0x00, 0x12, 0xD0, 0xB8, 0x00, 0x0F, 0x10, 0xB8, 0x00, 0x13, 0xD0,
0xB8, 0x00, 0x0F, 0x10, 0xB8, 0x00, 0x17, 0xD0, 0xB8, 0x00, 0x13, 0x10,
0xB8, 0x00, 0x18, 0xD0, 0xB8, 0x00, 0x15, 0x10, 0xB8, 0x00, 0x19, 0xD0,
0xB8, 0x00, 0x08, 0x10, 0xB8, 0x00, 0x1B, 0xD0, 0xB8, 0x00, 0x07, 0x10,
0xB8, 0x00, 0x1C, 0xD0, 0xB8, 0x00, 0x00, 0x10, 0xB8, 0x00, 0x1D, 0xD0,
0x00, 0xB8, 0x00, 0x00, 0x45, 0x58, 0xB8, 0x00, 0x00, 0x2F, 0x1B, 0xB9,
0x00, 0x00, 0x00, 0x07, 0x3E, 0x59, 0xB8, 0x00, 0x00, 0x45, 0x58, 0xB8,
0x00, 0x0E, 0x2F, 0x1B, 0xB9, 0x00, 0x0E, 0x00, 0x07, 0x3E, 0x59, 0xB8,
0x00, 0x00, 0x45, 0x58, 0xB8, 0x00, 0x0A, 0x2F, 0x1B, 0xB9, 0x00, 0x0A,
0x00, 0x01, 0x3E, 0x59, 0xB8, 0x00, 0x00, 0x45, 0x58, 0xB8, 0x00, 0x1A,
0x2F, 0x1B, 0xB9, 0x00, 0x1A, 0x00, 0x01, 0x3E, 0x59, 0xBA, 0x00, 0x15,
0x00, 0x16, 0x00, 0x03, 0x2B, 0xB8, 0x00, 0x0E, 0x10, 0xB8, 0x00, 0x01,
0xD0, 0xB8, 0x00, 0x00, 0x10, 0xB8, 0x00, 0x02, 0xDC, 0xB8, 0x00, 0x10,
0xD0, 0xB8, 0x00, 0x11, 0xD0, 0xB8, 0x00, 0x03, 0xD0, 0xB8, 0x00, 0x15,
0x10, 0xB8, 0x00, 0x04, 0xD0, 0xB8, 0x00, 0x11, 0x10, 0xB8, 0x00, 0x08,
0xDC, 0xB8, 0x00, 0x0E, 0x10, 0xB8, 0x00, 0x0D, 0xDC, 0xB8, 0x00, 0x08,
0x10, 0xB8, 0x00, 0x13, 0xD0, 0xB8, 0x00, 0x1A, 0x10, 0xB8, 0x00, 0x18,
0xDC, 0xB8, 0x00, 0x1C, 0xD0, 0xB8, 0x00, 0x1D, 0xD0, 0xB8, 0x00, 0x16,
0x10, 0xB8, 0x00, 0x1E, 0xD0, 0x30, 0x31, 0x01, 0x21, 0x11, 0x21, 0x01,
0x21, 0x11, 0x21, 0x11, 0x21, 0x11, 0x21, 0x11, 0x21, 0x11, 0x21, 0x11,
0x21, 0x11, 0x21, 0x11, 0x21, 0x11, 0x21, 0x11, 0x21, 0x11, 0x21, 0x11,
0x21, 0x11, 0x21, 0x04, 0x00, 0xFE, 0x00, 0x02, 0x00, 0xFF, 0x00, 0x01,
0x00, 0x01, 0x00, 0xFD, 0x00, 0xFE, 0x00, 0x05, 0x00, 0x01, 0x00, 0xFF,
0x00, 0x01, 0x00, 0x01, 0x00, 0xFF, 0x00, 0x01, 0x00, 0xFE, 0x00, 0xFF,
0x00, 0xFF, 0x00, 0x0A, 0x00, 0xFE, 0x00, 0xFD, 0x00, 0x01, 0x00, 0x01,
0x00, 0xF9, 0x00, 0x0B, 0x00, 0xFF, 0x00, 0xFE, 0x00, 0xFF, 0x00, 0xFE,
0x00, 0xFF, 0x00, 0xFD, 0x00, 0xFF, 0x00, 0x01, 0x00, 0x03, 0x00, 0x00,
0x00, 0x01, 0x00, 0x00, 0x00, 0x00, 0x08, 0x00, 0x0B, 0x00, 0x00, 0x1B,
0x00, 0xF7, 0xBA, 0x00, 0x18, 0x00, 0x15, 0x00, 0x03, 0x2B, 0xBA, 0x00,
0x03, 0x00, 0x00, 0x00, 0x03, 0x2B, 0xBA, 0x00, 0x0C, 0x00, 0x01, 0x00,
0x03, 0x2B, 0xBA, 0x00, 0x08, 0x00, 0x09, 0x00, 0x03, 0x2B, 0xB8, 0x00,
0x03, 0x10, 0xB8, 0x00, 0x06, 0xDC, 0xB8, 0x00, 0x0D, 0xD0, 0xB8, 0x00,
0x0C, 0x10, 0xB8, 0x00, 0x0F, 0xD0, 0xB8, 0x00, 0x03, 0x10, 0xB8, 0x00,
0x11, 0xD0, 0xB8, 0x00, 0x00, 0x10, 0xB8, 0x00, 0x13, 0xD0, 0xB8, 0x00,
0x01, 0x10, 0xB8, 0x00, 0x19, 0xD0, 0x00, 0xB8, 0x00, 0x00, 0x45, 0x58,
0xB8, 0x00, 0x02, 0x2F, 0x1B, 0xB9, 0x00, 0x02, 0x00, 0x07, 0x3E, 0x59,
0xB8, 0x00, 0x00, 0x45, 0x58, 0xB8, 0x00, 0x06, 0x2F, 0x1B, 0xB9, 0x00,
0x06, 0x00, 0x07, 0x3E, 0x59, 0xB8, 0x00, 0x00, 0x45, 0x58, 0xB8, 0x00,
0x0A, 0x2F, 0x1B, 0xB9, 0x00, 0x0A, 0x00, 0x07, 0x3E, 0x59, 0xB8, 0x00,
0x00, 0x45, 0x58, 0xB8, 0x00, 0x12, 0x2F, 0x1B, 0xB9, 0x00, 0x12, 0x00,
0x01, 0x3E, 0x59, 0xBA, 0x00, 0x04, 0x00, 0x03, 0x00, 0x03, 0x2B, 0xBA,
0x00, 0x0D, 0x00, 0x0E, 0x00, 0x03, 0x2B, 0xB8, 0x00, 0x0D, 0x10, 0xB8,
0x00, 0x00, 0xD0, 0xB8, 0x00, 0x03, 0x10, 0xB8, 0x00, 0x07, 0xD0, 0xB8,
0x00, 0x06, 0x10, 0xB8, 0x00, 0x08, 0xDC, 0xB8, 0x00, 0x09, 0xD0, 0xB8,
0x00, 0x03, 0x10, 0xB8, 0x00, 0x0B, 0xD0, 0xB8, 0x00, 0x12, 0x10, 0xB8,
0x00, 0x10, 0xDC, 0xB8, 0x00, 0x14, 0xD0, 0xB8, 0x00, 0x15, 0xD0, 0xB8,
0x00, 0x18, 0xD0, 0xB8, 0x00, 0x11, 0xD0, 0xB8, 0x00, 0x18, 0x10, 0xB8,
0x00, 0x17, 0xDC, 0xB8, 0x00, 0x18, 0x10, 0xB8, 0x00, 0x19, 0xD0, 0xB8,
0x00, 0x0E, 0x10, 0xB8, 0x00, 0x1A, 0xD0, 0x30, 0x31, 0x01, 0x21, 0x11,
0x21, 0x11, 0x21, 0x11, 0x21, 0x11, 0x21, 0x11, 0x21, 0x11, 0x21, 0x11,
0x21, 0x11, 0x21, 0x11, 0x21, 0x11, 0x21, 0x11, 0x21, 0x11, 0x21, 0x11,
0x21, 0x01, 0x00, 0x02, 0x00, 0x01, 0x00, 0x03, 0x00, 0x01, 0x00, 0xFE,
0x00, 0xFF, 0x00, 0x02, 0x00, 0xFE, 0x00, 0xFF, 0x00, 0xFD, 0x00, 0xFF,
0x00, 0x02, 0x00, 0x01, 0x00, 0xFE, 0x00, 0x06, 0x00, 0x04, 0x00, 0x01,
0x00, 0xFF, 0x00, 0xFF, 0x00, 0x01, 0x00, 0xFC, 0x00, 0xFF, 0x00, 0xFC,
0x00, 0xFF, 0x00, 0x01, 0x00, 0x01, 0x00, 0xFF, 0x00, 0x04, 0x00, 0x00,
0x00, 0x02, 0x00, 0x00, 0x00, 0x00, 0x07, 0x00, 0x0B, 0x00, 0x00, 0x0B,
0x00, 0x24, 0x01, 0x70, 0xBA, 0x00, 0x23, 0x00, 0x0F, 0x00, 0x03, 0x2B,
0xBA, 0x00, 0x06, 0x00, 0x07, 0x00, 0x03, 0x2B, 0xB8, 0x00, 0x06, 0x10,
0xB8, 0x00, 0x00, 0xD0, 0xB8, 0x00, 0x06, 0x10, 0xB8, 0x00, 0x01, 0xDC,
0xB8, 0x00, 0x1E, 0x10, 0xB8, 0x00, 0x02, 0xD0, 0xB8, 0x00, 0x14, 0x10,
0xB8, 0x00, 0x03, 0xD0, 0xB8, 0x00, 0x23, 0x10, 0xB8, 0x00, 0x04, 0xDC,
0xB8, 0x00, 0x23, 0x10, 0xB8, 0x00, 0x09, 0xD0, 0xB8, 0x00, 0x04, 0x10,
0xB8, 0x00, 0x0C, 0xD0, 0xB8, 0x00, 0x07, 0x10, 0xB8, 0x00, 0x0D, 0xD0,
0xB8, 0x00, 0x07, 0x10, 0xB8, 0x00, 0x11, 0xD0, 0xB8, 0x00, 0x04, 0x10,
0xB8, 0x00, 0x13, 0xD0, 0xB8, 0x00, 0x07, 0x10, 0xB8, 0x00, 0x15, 0xD0,
0xB8, 0x00, 0x01, 0x10, 0xB8, 0x00, 0x17, 0xD0, 0xB8, 0x00, 0x1E, 0x10,
0xB8, 0x00, 0x18, 0xD0, 0xB8, 0x00, 0x04, 0x10, 0xB8, 0x00, 0x19, 0xDC,
0xB8, 0x00, 0x01, 0x10, 0xB8, 0x00, 0x1B, 0xDC, 0xB8, 0x00, 0x01, 0x10,
0xB8, 0x00, 0x1D, 0xD0, 0xB8, 0x00, 0x04, 0x10, 0xB8, 0x00, 0x20, 0xD0,
0xB8, 0x00, 0x14, 0x10, 0xB8, 0x00, 0x21, 0xD0, 0xB8, 0x00, 0x14, 0x10,
0xB8, 0x00, 0x24, 0xD0, 0x00, 0xB8, 0x00, 0x00, 0x45, 0x58, 0xB8, 0x00,
0x02, 0x2F, 0x1B, 0xB9, 0x00, 0x02, 0x00, 0x07, 0x3E, 0x59, 0xB8, 0x00,
0x00, 0x45, 0x58, 0xB8, 0x00, 0x0A, 0x2F, 0x1B, 0xB9, 0x00, 0x0A, 0x00,
0x07, 0x3E, 0x59, 0xB8, 0x00, 0x00, 0x45, 0x58, 0xB8, 0x00, 0x16, 0x2F,
0x1B, 0xB9, 0x00, 0x16, 0x00, 0x05, 0x3E, 0x59, 0xB8, 0x00, 0x00, 0x45,
0x58, 0xB8, 0x00, 0x0C, 0x2F, 0x1B, 0xB9, 0x00, 0x0C, 0x00, 0x01, 0x3E,
0x59, 0xB8, 0x00, 0x00, 0x45, 0x58, 0xB8, 0x00, 0x1C, 0x2F, 0x1B, 0xB9,
0x00, 0x1C, 0x00, 0x01, 0x3E, 0x59, 0xBA, 0x00, 0x00, 0x00, 0x05, 0x00,
0x03, 0x2B, 0xB8, 0x00, 0x02, 0x10, 0xB8, 0x00, 0x01, 0xDC, 0xB8, 0x00,
0x0A, 0x10, 0xB8, 0x00, 0x06, 0xDC, 0xB8, 0x00, 0x05, 0x10, 0xB8, 0x00,
0x08, 0xD0, 0xB8, 0x00, 0x02, 0x10, 0xB8, 0x00, 0x0B, 0xD0, 0xB8, 0x00,
0x0C, 0x10, 0xB8, 0x00, 0x0E, 0xDC, 0xB8, 0x00, 0x11, 0xDC, 0xB8, 0x00,
0x12, 0xDC, 0xB8, 0x00, 0x16, 0x10, 0xB8, 0x00, 0x14, 0xDC, 0xB8, 0x00,
0x18, 0xD0, 0xB8, 0x00, 0x19, 0xD0, 0xB8, 0x00, 0x0E, 0x10, 0xB8, 0x00,
0x1A, 0xD0, 0xB8, 0x00, 0x1B, 0xD0, 0xB8, 0x00, 0x1E, 0xD0, 0xB8, 0x00,
0x1F, 0xD0, 0xB8, 0x00, 0x11, 0x10, 0xB8, 0x00, 0x21, 0xD0, 0xB8, 0x00,
0x1F, 0x10, 0xB8, 0x00, 0x23, 0xD0, 0xB8, 0x00, 0x24, 0xD0, 0x30, 0x31,
0x01, 0x21, 0x11, 0x21, 0x11, 0x21, 0x11, 0x21, 0x11, 0x21, 0x11, 0x21,
0x01, 0x21, 0x11, 0x21, 0x11, 0x21, 0x11, 0x21, 0x11, 0x21, 0x11, 0x21,
0x11, 0x21, 0x11, 0x21, 0x11, 0x21, 0x11, 0x23, 0x27, 0x11, 0x21, 0x11,
0x21, 0x03, 0x00, 0x02, 0x00, 0xFF, 0x00, 0xFF, 0x00, 0xFE, 0x00, 0x01,
0x00, 0x01, 0x00, 0x01, 0x00, 0xFD, 0x00, 0xFF, 0x00, 0x01, 0x00, 0x03,
0x00, 0xFD, 0x00, 0x04, 0x00, 0x01, 0x00, 0x01, 0x00, 0xFE, 0x00, 0xFE,
0x02, 0xFE, 0x00, 0x02, 0x00, 0x0B, 0x00, 0xFF, 0x00, 0xFF, 0x00, 0xFF,
0x00, 0x01, 0x00, 0x01, 0x00, 0xF6, 0x00, 0x01, 0x00, 0x03, 0x00, 0x01,
0x00, 0x01, 0x00, 0x01, 0x00, 0xFF, 0x00, 0xFB, 0x00, 0xFF, 0x00, 0x01,
0x00, 0x02, 0x02, 0xFE, 0xFD, 0x00, 0x00, 0x00, 0x00, 0x02, 0x02, 0x00,
0x00, 0x00, 0x06, 0x00, 0x0B, 0x00, 0x00, 0x0B, 0x00, 0x15, 0x00, 0xCF,
0xBA, 0x00, 0x06, 0x00, 0x07, 0x00, 0x03, 0x2B, 0xBA, 0x00, 0x04, 0x00,
0x09, 0x00, 0x03, 0x2B, 0xB8, 0x00, 0x06, 0x10, 0xB8, 0x00, 0x00, 0xD0,
0xB8, 0x00, 0x06, 0x10, 0xB8, 0x00, 0x01, 0xDC, 0xB8, 0x00, 0x07, 0x10,
0xB8, 0x00, 0x0C, 0xD0, 0xB8, 0x00, 0x04, 0x10, 0xB8, 0x00, 0x0D, 0xD0,
0xB8, 0x00, 0x01, 0x10, 0xB8, 0x00, 0x0F, 0xD0, 0xB8, 0x00, 0x07, 0x10,
0xB8, 0x00, 0x11, 0xD0, 0xB8, 0x00, 0x09, 0x10, 0xB8, 0x00, 0x13, 0xD0,
0x00, 0xB8, 0x00, 0x00, 0x45, 0x58, 0xB8, 0x00, 0x02, 0x2F, 0x1B, 0xB9,
0x00, 0x02, 0x00, 0x07, 0x3E, 0x59, 0xB8, 0x00, 0x00, 0x45, 0x58, 0xB8,
0x00, 0x0A, 0x2F, 0x1B, 0xB9, 0x00, 0x0A, 0x00, 0x07, 0x3E, 0x59, 0xB8,
0x00, 0x00, 0x45, 0x58, 0xB8, 0x00, 0x0C, 0x2F, 0x1B, 0xB9, 0x00, 0x0C,
0x00, 0x05, 0x3E, 0x59, 0xB8, 0x00, 0x00, 0x45, 0x58, 0xB8, 0x00, 0x10,
0x2F, 0x1B, 0xB9, 0x00, 0x10, 0x00, 0x01, 0x3E, 0x59, 0xBA, 0x00, 0x00,
0x00, 0x05, 0x00, 0x03, 0x2B, 0xB8, 0x00, 0x02, 0x10, 0xB8, 0x00, 0x01,
0xDC, 0xB8, 0x00, 0x0A, 0x10, 0xB8, 0x00, 0x06, 0xDC, 0xB8, 0x00, 0x05,
0x10, 0xB8, 0x00, 0x08, 0xD0, 0xB8, 0x00, 0x02, 0x10, 0xB8, 0x00, 0x0B,
0xD0, 0xB8, 0x00, 0x10, 0x10, 0xB8, 0x00, 0x0E, 0xDC, 0xB8, 0x00, 0x12,
0xD0, 0xB8, 0x00, 0x13, 0xD0, 0xB8, 0x00, 0x0C, 0x10, 0xB8, 0x00, 0x14,
0xDC, 0x30, 0x31, 0x01, 0x21, 0x11, 0x21, 0x11, 0x21, 0x11, 0x21, 0x11,
0x21, 0x11, 0x21, 0x01, 0x21, 0x11, 0x21, 0x11, 0x21, 0x11, 0x21, 0x11,
0x21, 0x04, 0x00, 0x02, 0x00, 0xFF, 0x00, 0xFF, 0x00, 0xFE, 0x00, 0x01,
0x00, 0x01, 0x00, 0xFE, 0x00, 0x03, 0x00, 0x01, 0x00, 0xFC, 0x00, 0x01,
0x00, 0xFF, 0x00, 0x0B, 0x00, 0xFF, 0x00, 0xFF, 0x00, 0xFF, 0x00, 0x01,
0x00, 0x01, 0x00, 0xFD, 0x00, 0xFA, 0x00, 0xFF, 0x00, 0x01, 0x00, 0x05,
0x00, 0x00, 0x00, 0x00, 0x00, 0x03, 0x00, 0x00, 0x00, 0x00, 0x07, 0x00,
0x0B, 0x00, 0x00, 0x0B, 0x00, 0x0F, 0x00, 0x1B, 0x00, 0xF7, 0xBA, 0x00,
0x0E, 0x00, 0x11, 0x00, 0x03, 0x2B, 0xBA, 0x00, 0x06, 0x00, 0x07, 0x00,
0x03, 0x2B, 0xB8, 0x00, 0x06, 0x10, 0xB8, 0x00, 0x00, 0xD0, 0xB8, 0x00,
0x06, 0x10, 0xB8, 0x00, 0x01, 0xDC, 0xB8, 0x00, 0x0C, 0xD0, 0xB8, 0x00,
0x02, 0xD0, 0xB8, 0x00, 0x0E, 0x10, 0xB8, 0x00, 0x04, 0xDC, 0xB8, 0x00,
0x0E, 0x10, 0xB8, 0x00, 0x09, 0xD0, 0xB8, 0x00, 0x07, 0x10, 0xB8, 0x00,
0x10, 0xD0, 0xB8, 0x00, 0x07, 0x10, 0xB8, 0x00, 0x13, 0xD0, 0xB8, 0x00,
0x01, 0x10, 0xB8, 0x00, 0x17, 0xDC, 0x00, 0xB8, 0x00, 0x00, 0x45, 0x58,
0xB8, 0x00, 0x02, 0x2F, 0x1B, 0xB9, 0x00, 0x02, 0x00, 0x07, 0x3E, 0x59,
0xB8, 0x00, 0x00, 0x45, 0x58, 0xB8, 0x00, 0x0A, 0x2F, 0x1B, 0xB9, 0x00,
0x0A, 0x00, 0x07, 0x3E, 0x59, 0xB8, 0x00, 0x00, 0x45, 0x58, 0xB8, 0x00,
0x14, 0x2F, 0x1B, 0xB9, 0x00, 0x14, 0x00, 0x05, 0x3E, 0x59, 0xB8, 0x00,
0x00, 0x45, 0x58, 0xB8, 0x00, 0x1A, 0x2F, 0x1B, 0xB9, 0x00, 0x1A, 0x00,
0x01, 0x3E, 0x59, 0xBA, 0x00, 0x00, 0x00, 0x05, 0x00, 0x03, 0x2B, 0xB8,
0x00, 0x02, 0x10, 0xB8, 0x00, 0x01, 0xDC, 0xB8, 0x00, 0x0A, 0x10, 0xB8,
0x00, 0x06, 0xDC, 0xB8, 0x00, 0x05, 0x10, 0xB8, 0x00, 0x08, 0xD0, 0xB8,
0x00, 0x02, 0x10, 0xB8, 0x00, 0x0B, 0xD0, 0xB8, 0x00, 0x14, 0x10, 0xB8,
0x00, 0x0C, 0xDC, 0xB8, 0x00, 0x1A, 0x10, 0xB8, 0x00, 0x0E, 0xDC, 0xB8,
0x00, 0x10, 0xD0, 0xB8, 0x00, 0x11, 0xD0, 0xB8, 0x00, 0x0C, 0x10, 0xB8,
0x00, 0x12, 0xD0, 0xB8, 0x00, 0x13, 0xD0, 0xB8, 0x00, 0x16, 0xD0, 0xB8,
0x00, 0x17, 0xD0, 0xB8, 0x00, 0x11, 0x10, 0xB8, 0x00, 0x18, 0xD0, 0xB8,
0x00, 0x19, 0xD0, 0x30, 0x31, 0x01, 0x21, 0x11, 0x21, 0x11, 0x21, 0x11,
0x21, 0x11, 0x21, 0x11, 0x21, 0x01, 0x21, 0x11, 0x29, 0x02, 0x11, 0x21,
0x11, 0x21, 0x11, 0x21, 0x11, 0x21, 0x11, 0x21, 0x03, 0x00, 0x02, 0x00,
0xFF, 0x00, 0xFF, 0x00, 0xFE, 0x00, 0x01, 0x00, 0x01, 0x00, 0x02, 0x00,
0xFD, 0x00, 0x03, 0x00, 0xFC, 0x00, 0xFF, 0x00, 0x01, 0x00, 0x05, 0x00,
0x01, 0x00, 0xFF, 0x00, 0xFB, 0x00, 0x0B, 0x00, 0xFF, 0x00, 0xFF, 0x00,
0xFF, 0x00, 0x01, 0x00, 0x01, 0x00, 0xFC, 0x00, 0xFB, 0x00, 0x05, 0x00,
0x01, 0x00, 0xFF, 0x00, 0xFB, 0x00, 0xFF, 0x00, 0x00, 0x03, 0x00, 0x00,
0x00, 0x00, 0x07, 0x00, 0x0B, 0x00, 0x00, 0x0B, 0x00, 0x13, 0x00, 0x1B,
0x01, 0x1D, 0xBA, 0x00, 0x15, 0x00, 0x14, 0x00, 0x03, 0x2B, 0xBA, 0x00,
0x09, 0x00, 0x00, 0x00, 0x03, 0x2B, 0xB8, 0x00, 0x15, 0x10, 0xB8, 0x00,
0x01, 0xD0, 0xB8, 0x00, 0x09, 0x10, 0xB8, 0x00, 0x03, 0xD0, 0xB8, 0x00,
0x12, 0x10, 0xB8, 0x00, 0x05, 0xD0, 0xB8, 0x00, 0x09, 0x10, 0xB8, 0x00,
0x06, 0xDC, 0xB8, 0x00, 0x15, 0x10, 0xB8, 0x00, 0x08, 0xDC, 0xB8, 0x00,
0x0C, 0xD0, 0xB8, 0x00, 0x07, 0xD0, 0xB8, 0x00, 0x08, 0x10, 0xB8, 0x00,
0x0D, 0xDC, 0xB8, 0x00, 0x06, 0x10, 0xB8, 0x00, 0x0F, 0xDC, 0xB8, 0x00,
0x06, 0x10, 0xB8, 0x00, 0x11, 0xD0, 0xB8, 0x00, 0x08, 0x10, 0xB8, 0x00,
0x17, 0xD0, 0xB8, 0x00, 0x0C, 0x10, 0xB8, 0x00, 0x18, 0xD0, 0xB8, 0x00,
0x00, 0x10, 0xB8, 0x00, 0x19, 0xD0, 0x00, 0xB8, 0x00, 0x00, 0x45, 0x58,
0xB8, 0x00, 0x0C, 0x2F, 0x1B, 0xB9, 0x00, 0x0C, 0x00, 0x05, 0x3E, 0x59,
0xB8, 0x00, 0x00, 0x45, 0x58, 0xB8, 0x00, 0x14, 0x2F, 0x1B, 0xB9, 0x00,
0x14, 0x00, 0x05, 0x3E, 0x59, 0xB8, 0x00, 0x00, 0x45, 0x58, 0xB8, 0x00,
0x02, 0x2F, 0x1B, 0xB9, 0x00, 0x02, 0x00, 0x07, 0x3E, 0x59, 0xB8, 0x00,
0x00, 0x45, 0x58, 0xB8, 0x00, 0x06, 0x2F, 0x1B, 0xB9, 0x00, 0x06, 0x00,
0x07, 0x3E, 0x59, 0xB8, 0x00, 0x00, 0x45, 0x58, 0xB8, 0x00, 0x10, 0x2F,
0x1B, 0xB9, 0x00, 0x10, 0x00, 0x01, 0x3E, 0x59, 0xB8, 0x00, 0x00, 0x45,
0x58, 0xB8, 0x00, 0x18, 0x2F, 0x1B, 0xB9, 0x00, 0x18, 0x00, 0x01, 0x3E,
0x59, 0xBA, 0x00, 0x04, 0x00, 0x03, 0x00, 0x03, 0x2B, 0xB8, 0x00, 0x04,
0x10, 0xB8, 0x00, 0x09, 0xDC, 0xB8, 0x00, 0x00, 0xD0, 0xB8, 0x00, 0x03,
0x10, 0xB8, 0x00, 0x07, 0xD0, 0xB8, 0x00, 0x02, 0x10, 0xB8, 0x00, 0x0A,
0xDC, 0xB8, 0x00, 0x10, 0x10, 0xB8, 0x00, 0x0E, 0xDC, 0xB8, 0x00, 0x12,
0xD0, 0xB8, 0x00, 0x13, 0xD0, 0xB8, 0x00, 0x16, 0xD0, 0xB8, 0x00, 0x17,
0xD0, 0xB8, 0x00, 0x1A, 0xD0, 0xB8, 0x00, 0x1B, 0xD0, 0x30, 0x31, 0x01,
0x21, 0x11, 0x21, 0x11, 0x21, 0x11, 0x21, 0x11, 0x21, 0x11, 0x21, 0x01,
0x21, 0x11, 0x21, 0x11, 0x21, 0x11, 0x21, 0x01, 0x21, 0x11, 0x21, 0x11,
0x21, 0x11, 0x21, 0x01, 0x00, 0x01, 0x00, 0x01, 0x00, 0x02, 0x00, 0xFF,
0x00, 0xFF, 0x00, 0xFE, 0x00, 0x03, 0x00, 0x02, 0x00, 0x01, 0x00, 0xFE,
0x00, 0xFF, 0x00, 0xFC, 0x00, 0x02, 0x00, 0x02, 0x00, 0xFD, 0x00, 0xFF,
0x00, 0x09, 0x00, 0x01, 0x00, 0x01, 0x00, 0xFF, 0x00, 0xFF, 0x00, 0xFF,
0x00, 0xFF, 0x00, 0xFA, 0x00, 0xFF, 0x00, 0x01, 0x00, 0x06, 0x00, 0xFA,
0x00, 0xFF, 0x00, 0x01, 0x00, 0x00, 0x00, 0x00, 0x00, 0x03, 0x00, 0x00,
0x00, 0x00, 0x07, 0x00, 0x0A, 0x00, 0x00, 0x0F, 0x00, 0x17, 0x00, 0x1F,
0x01, 0x21, 0xBA, 0x00, 0x02, 0x00, 0x03, 0x00, 0x03, 0x2B, 0xBA, 0x00,
0x00, 0x00, 0x05, 0x00, 0x03, 0x2B, 0xBA, 0x00, 0x0C, 0x00, 0x09, 0x00,
0x03, 0x2B, 0xB8, 0x00, 0x05, 0x10, 0xB8, 0x00, 0x08, 0xDC, 0xB8, 0x00,
0x00, 0x10, 0xB8, 0x00, 0x0D, 0xDC, 0xB8, 0x00, 0x05, 0x10, 0xB8, 0x00,
0x10, 0xD0, 0xB8, 0x00, 0x03, 0x10, 0xB8, 0x00, 0x11, 0xD0, 0xB8, 0x00,
0x02, 0x10, 0xB8, 0x00, 0x13, 0xD0, 0xB8, 0x00, 0x00, 0x10, 0xB8, 0x00,
0x15, 0xD0, 0xB8, 0x00, 0x00, 0x10, 0xB8, 0x00, 0x18, 0xD0, 0xB8, 0x00,
0x0D, 0x10, 0xB8, 0x00, 0x19, 0xD0, 0xB8, 0x00, 0x0C, 0x10, 0xB8, 0x00,
0x1B, 0xD0, 0xB8, 0x00, 0x09, 0x10, 0xB8, 0x00, 0x1D, 0xD0, 0x00, 0xB8,
0x00, 0x00, 0x45, 0x58, 0xB8, 0x00, 0x06, 0x2F, 0x1B, 0xB9, 0x00, 0x06,
0x00, 0x07, 0x3E, 0x59, 0xB8, 0x00, 0x00, 0x45, 0x58, 0xB8, 0x00, 0x0A,
0x2F, 0x1B, 0xB9, 0x00, 0x0A, 0x00, 0x07, 0x3E, 0x59, 0xB8, 0x00, 0x00,
0x45, 0x58, 0xB8, 0x00, 0x12, 0x2F, 0x1B, 0xB9, 0x00, 0x12, 0x00, 0x05,
0x3E, 0x59, 0xB8, 0x00, 0x00, 0x45, 0x58, 0xB8, 0x00, 0x18, 0x2F, 0x1B,
0xB9, 0x00, 0x18, 0x00, 0x05, 0x3E, 0x59, 0xB8, 0x00, 0x00, 0x45, 0x58,
0xB8, 0x00, 0x16, 0x2F, 0x1B, 0xB9, 0x00, 0x16, 0x00, 0x01, 0x3E, 0x59,
0xB8, 0x00, 0x00, 0x45, 0x58, 0xB8, 0x00, 0x1C, 0x2F, 0x1B, 0xB9, 0x00,
0x1C, 0x00, 0x01, 0x3E, 0x59, 0xBA, 0x00, 0x01, 0x00, 0x02, 0x00, 0x03,
0x2B, 0xB8, 0x00, 0x06, 0x10, 0xB8, 0x00, 0x00, 0xDC, 0xB8, 0x00, 0x04,
0xD0, 0xB8, 0x00, 0x05, 0xD0, 0xB8, 0x00, 0x08, 0xD0, 0xB8, 0x00, 0x09,
0xD0, 0xB8, 0x00, 0x0C, 0xD0, 0xB8, 0x00, 0x0D, 0xD0, 0xB8, 0x00, 0x02,
0x10, 0xB8, 0x00, 0x0E, 0xD0, 0xB8, 0x00, 0x12, 0x10, 0xB8, 0x00, 0x10,
0xDC, 0xB8, 0x00, 0x14, 0xD0, 0xB8, 0x00, 0x15, 0xD0, 0xB8, 0x00, 0x1A,
0xD0, 0xB8, 0x00, 0x1B, 0xD0, 0xB8, 0x00, 0x1E, 0xD0, 0xB8, 0x00, 0x1F,
0xD0, 0x30, 0x31, 0x01, 0x21, 0x11, 0x21, 0x11, 0x21, 0x11, 0x21, 0x11,
0x21, 0x11, 0x21, 0x11, 0x21, 0x11, 0x21, 0x01, 0x21, 0x11, 0x21, 0x11,
0x21, 0x11, 0x21, 0x01, 0x21, 0x11, 0x21, 0x11, 0x21, 0x11, 0x21, 0x03,
0x00, 0xFF, 0x00, 0xFE, 0x00, 0x01, 0x00, 0x03, 0x00, 0x01, 0x00, 0x02,
0x00, 0xFF, 0x00, 0xFD, 0x00, 0xFE, 0x00, 0xFF, 0x00, 0x02, 0x00, 0x01,
0x00, 0xFE, 0x00, 0x02, 0x00, 0x03, 0x00, 0x01, 0x00, 0xFE, 0x00, 0xFE,
0x00, 0x09, 0x00, 0xFF, 0x00, 0x01, 0x00, 0x01, 0x00, 0xFF, 0x00, 0x01,
0x00, 0xFF, 0x00, 0xFF, 0x00, 0xFE, 0x00, 0x01, 0x00, 0xFF, 0x00, 0xFA,
0x00, 0x07, 0x00, 0xFF, 0x00, 0xFA, 0x00, 0x06, 0x00, 0x00, 0x00, 0x00,
0x00, 0x02, 0x00, 0x00, 0x00, 0x00, 0x07, 0x00, 0x0C, 0x00, 0x00, 0x0F,
0x00, 0x23, 0x01, 0x0A, 0xBA, 0x00, 0x08, 0x00, 0x09, 0x00, 0x03, 0x2B,
0xBA, 0x00, 0x0E, 0x00, 0x0B, 0x00, 0x03, 0x2B, 0xBA, 0x00, 0x04, 0x00,
0x05, 0x00, 0x03, 0x2B, 0xB8, 0x00, 0x0E, 0x10, 0xB8, 0x00, 0x01, 0xDC,
0xB8, 0x00, 0x00, 0xDC, 0xB8, 0x00, 0x0E, 0x10, 0xB8, 0x00, 0x10, 0xD0,
0xB8, 0x00, 0x05, 0x10, 0xB8, 0x00, 0x11, 0xD0, 0xB8, 0x00, 0x08, 0x10,
0xB8, 0x00, 0x13, 0xD0, 0xB8, 0x00, 0x09, 0x10, 0xB8, 0x00, 0x15, 0xD0,
0xB8, 0x00, 0x08, 0x10, 0xB8, 0x00, 0x17, 0xD0, 0xB8, 0x00, 0x05, 0x10,
0xB8, 0x00, 0x19, 0xD0, 0xB8, 0x00, 0x0E, 0x10, 0xB8, 0x00, 0x1B, 0xD0,
0xB8, 0x00, 0x0D, 0x10, 0xB8, 0x00, 0x1C, 0xD0, 0xB8, 0x00, 0x00, 0x10,
0xB8, 0x00, 0x1D, 0xD0, 0xB8, 0x00, 0x01, 0x10, 0xB8, 0x00, 0x1F, 0xD0,
0xB8, 0x00, 0x00, 0x10, 0xB8, 0x00, 0x21, 0xD0, 0xB8, 0x00, 0x0D, 0x10,
0xB8, 0x00, 0x23, 0xD0, 0x00, 0xB8, 0x00, 0x00, 0x45, 0x58, 0xB8, 0x00,
0x1A, 0x2F, 0x1B, 0xB9, 0x00, 0x1A, 0x00, 0x05, 0x3E, 0x59, 0xB8, 0x00,
0x00, 0x45, 0x58, 0xB8, 0x00, 0x14, 0x2F, 0x1B, 0xB9, 0x00, 0x14, 0x00,
0x01, 0x3E, 0x59, 0xB8, 0x00, 0x00, 0x45, 0x58, 0xB8, 0x00, 0x20, 0x2F,
0x1B, 0xB9, 0x00, 0x20, 0x00, 0x01, 0x3E, 0x59, 0xBA, 0x00, 0x01, 0x00,
0x02, 0x00, 0x03, 0x2B, 0xB8, 0x00, 0x02, 0x10, 0xB8, 0x00, 0x04, 0xDC,
0xB8, 0x00, 0x02, 0x10, 0xB8, 0x00, 0x06, 0xD0, 0xB8, 0x00, 0x03, 0x10,
0xB8, 0x00, 0x07, 0xD0, 0xB8, 0x00, 0x04, 0x10, 0xB8, 0x00, 0x08, 0xD0,
0xB8, 0x00, 0x02, 0x10, 0xB8, 0x00, 0x0A, 0xD0, 0xB8, 0x00, 0x03, 0x10,
0xB8, 0x00, 0x0B, 0xD0, 0xB8, 0x00, 0x01, 0x10, 0xB8, 0x00, 0x0C, 0xD0,
0xB8, 0x00, 0x02, 0x10, 0xB8, 0x00, 0x0E, 0xD0, 0xB8, 0x00, 0x03, 0x10,
0xB8, 0x00, 0x0F, 0xD0, 0x30, 0x31, 0x01, 0x21, 0x11, 0x21, 0x11, 0x21,
0x11, 0x21, 0x11, 0x21, 0x11, 0x21, 0x11, 0x21, 0x11, 0x21, 0x01, 0x21,
0x11, 0x21, 0x11, 0x21, 0x11, 0x21, 0x11, 0x21, 0x11, 0x21, 0x11, 0x21,
0x11, 0x21, 0x11, 0x21, 0x11, 0x21, 0x05, 0x00, 0x02, 0x00, 0xFF, 0x00,
0xFD, 0x00, 0xFF, 0x00, 0xFE, 0x00, 0x01, 0x00, 0x03, 0x00, 0x01, 0x00,
0xFF, 0x00, 0xFF, 0x00, 0xFF, 0x00, 0xFE, 0x00, 0x02, 0x00, 0x01, 0x00,
0x01, 0x00, 0x01, 0x00, 0x02, 0x00, 0xFE, 0x00, 0xFF, 0x00, 0x0C, 0x00,
0xFF, 0x00, 0xFF, 0x00, 0x01, 0x00, 0xFF, 0x00, 0x01, 0x00, 0x01, 0x00,
0xFF, 0x00, 0xF9, 0x00, 0x01, 0x00, 0xFB, 0x00, 0x09, 0x00, 0xFF, 0x00,
0xFF, 0x00, 0xFF, 0x00, 0x03, 0x00, 0xF7, 0x00, 0x03, 0x00, 0x00, 0x00,
0x00, 0x03, 0x01, 0x00, 0x04, 0x00, 0x07, 0x00, 0x0A, 0x00, 0x00, 0x03,
0x00, 0x07, 0x00, 0x11, 0x00, 0xAF, 0xBA, 0x00, 0x00, 0x00, 0x09, 0x00,
0x03, 0x2B, 0xBA, 0x00, 0x0E, 0x00, 0x08, 0x00, 0x03, 0x2B, 0xB8, 0x00,
0x0E, 0x10, 0xB8, 0x00, 0x01, 0xDC, 0xB8, 0x00, 0x09, 0x10, 0xB8, 0x00,
0x04, 0xD0, 0xB8, 0x00, 0x08, 0x10, 0xB8, 0x00, 0x0B, 0xD0, 0x00, 0xB8,
0x00, 0x00, 0x45, 0x58, 0xB8, 0x00, 0x0C, 0x2F, 0x1B, 0xB9, 0x00, 0x0C,
0x00, 0x07, 0x3E, 0x59, 0xB8, 0x00, 0x00, 0x45, 0x58, 0xB8, 0x00, 0x00,
0x2F, 0x1B, 0xB9, 0x00, 0x00, 0x00, 0x05, 0x3E, 0x59, 0xB8, 0x00, 0x00,
0x45, 0x58, 0xB8, 0x00, 0x08, 0x2F, 0x1B, 0xB9, 0x00, 0x08, 0x00, 0x05,
0x3E, 0x59, 0xB8, 0x00, 0x00, 0x45, 0x58, 0xB8, 0x00, 0x0E, 0x2F, 0x1B,
0xB9, 0x00, 0x0E, 0x00, 0x05, 0x3E, 0x59, 0xBA, 0x00, 0x05, 0x00, 0x06,
0x00, 0x03, 0x2B, 0xB8, 0x00, 0x0C, 0x10, 0xB8, 0x00, 0x02, 0xDC, 0xB8,
0x00, 0x00, 0x10, 0xB8, 0x00, 0x03, 0xDC, 0xB8, 0x00, 0x00, 0x10, 0xB8,
0x00, 0x09, 0xD0, 0xB8, 0x00, 0x02, 0x10, 0xB8, 0x00, 0x0A, 0xD0, 0xB8,
0x00, 0x0B, 0xD0, 0xB8, 0x00, 0x00, 0x10, 0xB8, 0x00, 0x0F, 0xD0, 0xB8,
0x00, 0x0E, 0x10, 0xB8, 0x00, 0x10, 0xDC, 0xB8, 0x00, 0x11, 0xD0, 0x30,
0x31, 0x01, 0x21, 0x11, 0x21, 0x01, 0x21, 0x11, 0x21, 0x01, 0x21, 0x11,
0x21, 0x11, 0x21, 0x11, 0x21, 0x11, 0x21, 0x03, 0x00, 0x01, 0x00, 0xFF,
0x00, 0xFE, 0x00, 0x06, 0x00, 0xFA, 0x00, 0x01, 0x00, 0xFF, 0x00, 0x01,
0x00, 0x04, 0x00, 0x01, 0x00, 0xFB, 0x00, 0x07, 0x00, 0x02, 0x00, 0xFC,
0x00, 0xFF, 0x00, 0x03, 0x00, 0x02, 0x00, 0x01, 0x00, 0xFD, 0x00, 0xFF,
0x00, 0x00, 0x00, 0x00, 0x00, 0x03, 0x01, 0x00, 0x04, 0x00, 0x06, 0x00,
0x0A, 0x00, 0x00, 0x03, 0x00, 0x07, 0x00, 0x13, 0x00, 0xC7, 0xBA, 0x00,
0x02, 0x00, 0x09, 0x00, 0x03, 0x2B, 0xBA, 0x00, 0x11, 0x00, 0x08, 0x00,
0x03, 0x2B, 0xBA, 0x00, 0x0F, 0x00, 0x00, 0x00, 0x03, 0x2B, 0xB8, 0x00,
0x09, 0x10, 0xB8, 0x00, 0x04, 0xD0, 0xB8, 0x00, 0x0F, 0x10, 0xB8, 0x00,
0x05, 0xD0, 0xB8, 0x00, 0x08, 0x10, 0xB8, 0x00, 0x0B, 0xD0, 0xB8, 0x00,
0x11, 0x10, 0xB8, 0x00, 0x0D, 0xD0, 0x00, 0xB8, 0x00, 0x00, 0x45, 0x58,
0xB8, 0x00, 0x0C, 0x2F, 0x1B, 0xB9, 0x00, 0x0C, 0x00, 0x07, 0x3E, 0x59,
0xB8, 0x00, 0x00, 0x45, 0x58, 0xB8, 0x00, 0x02, 0x2F, 0x1B, 0xB9, 0x00,
0x02, 0x00, 0x05, 0x3E, 0x59, 0xB8, 0x00, 0x00, 0x45, 0x58, 0xB8, 0x00,
0x08, 0x2F, 0x1B, 0xB9, 0x00, 0x08, 0x00, 0x05, 0x3E, 0x59, 0xB8, 0x00,
0x00, 0x45, 0x58, 0xB8, 0x00, 0x10, 0x2F, 0x1B, 0xB9, 0x00, 0x10, 0x00,
0x05, 0x3E, 0x59, 0xBA, 0x00, 0x05, 0x00, 0x06, 0x00, 0x03, 0x2B, 0xB8,
0x00, 0x0C, 0x10, 0xB8, 0x00, 0x00, 0xDC, 0xB8, 0x00, 0x02, 0x10, 0xB8,
0x00, 0x01, 0xDC, 0xB8, 0x00, 0x02, 0x10, 0xB8, 0x00, 0x09, 0xD0, 0xB8,
0x00, 0x00, 0x10, 0xB8, 0x00, 0x0A, 0xD0, 0xB8, 0x00, 0x0B, 0xD0, 0xB8,
0x00, 0x0E, 0xD0, 0xB8, 0x00, 0x0F, 0xD0, 0xB8, 0x00, 0x02, 0x10, 0xB8,
0x00, 0x11, 0xD0, 0xB8, 0x00, 0x10, 0x10, 0xB8, 0x00, 0x12, 0xDC, 0xB8,
0x00, 0x13, 0xD0, 0x30, 0x31, 0x01, 0x21, 0x11, 0x21, 0x01, 0x21, 0x11,
0x21, 0x01, 0x21, 0x11, 0x21, 0x11, 0x21, 0x11, 0x21, 0x11, 0x21, 0x11,
0x21, 0x04, 0x00, 0xFF, 0x00, 0x01, 0x00, 0xFD, 0x00, 0x05, 0x00, 0xFB,
0x00, 0x01, 0x00, 0xFF, 0x00, 0x01, 0x00, 0x03, 0x00, 0x01, 0x00, 0xFF,
0x00, 0xFD, 0x00, 0x09, 0x00, 0xFE, 0x00, 0xFE, 0x00, 0xFF, 0x00, 0x03,
0x00, 0x02, 0x00, 0x01, 0x00, 0xFF, 0x00, 0xFE, 0x00, 0xFF, 0x00, 0x00,
0x00, 0x02, 0x00, 0x00, 0x00, 0x00, 0x07, 0x00, 0x0A, 0x00, 0x00, 0x03,
0x00, 0x17, 0x00, 0xD6, 0xBA, 0x00, 0x0A, 0x00, 0x13, 0x00, 0x03, 0x2B,
0xBA, 0x00, 0x08, 0x00, 0x15, 0x00, 0x03, 0x2B, 0xBA, 0x00, 0x0E, 0x00,
0x0B, 0x00, 0x03, 0x2B, 0xB8, 0x00, 0x0A, 0x10, 0xB8, 0x00, 0x00, 0xD0,
0xB8, 0x00, 0x0A, 0x10, 0xB8, 0x00, 0x01, 0xDC, 0xB8, 0x00, 0x0A, 0x10,
0xB8, 0x00, 0x04, 0xD0, 0xB8, 0x00, 0x01, 0x10, 0xB8, 0x00, 0x05, 0xD0,
0xB8, 0x00, 0x15, 0x10, 0xB8, 0x00, 0x11, 0xD0, 0xB8, 0x00, 0x00, 0x10,
0xB8, 0x00, 0x17, 0xD0, 0x00, 0xB8, 0x00, 0x00, 0x45, 0x58, 0xB8, 0x00,
0x00, 0x2F, 0x1B, 0xB9, 0x00, 0x00, 0x00, 0x07, 0x3E, 0x59, 0xB8, 0x00,
0x00, 0x45, 0x58, 0xB8, 0x00, 0x04, 0x2F, 0x1B, 0xB9, 0x00, 0x04, 0x00,
0x05, 0x3E, 0x59, 0xB8, 0x00, 0x00, 0x45, 0x58, 0xB8, 0x00, 0x10, 0x2F,
0x1B, 0xB9, 0x00, 0x10, 0x00, 0x01, 0x3E, 0x59, 0xBA, 0x00, 0x0C, 0x00,
0x0B, 0x00, 0x03, 0x2B, 0xB8, 0x00, 0x00, 0x10, 0xB8, 0x00, 0x02, 0xDC,
0xB8, 0x00, 0x04, 0x10, 0xB8, 0x00, 0x06, 0xDC, 0xB8, 0x00, 0x04, 0x10,
0xB8, 0x00, 0x08, 0xDC, 0xB8, 0x00, 0x10, 0x10, 0xB8, 0x00, 0x0A, 0xDC,
0xB8, 0x00, 0x09, 0xDC, 0xB8, 0x00, 0x0A, 0x10, 0xB8, 0x00, 0x0E, 0xD0,
0xB8, 0x00, 0x0F, 0xD0, 0xB8, 0x00, 0x12, 0xD0, 0xB8, 0x00, 0x13, 0xD0,
0xB8, 0x00, 0x08, 0x10, 0xB8, 0x00, 0x14, 0xD0, 0xB8, 0x00, 0x15, 0xD0,
0xB8, 0x00, 0x06, 0x10, 0xB8, 0x00, 0x16, 0xD0, 0xB8, 0x00, 0x17, 0xD0,
0x30, 0x31, 0x01, 0x21, 0x11, 0x21, 0x11, 0x21, 0x11, 0x21, 0x11, 0x21,
0x11, 0x21, 0x11, 0x21, 0x11, 0x21, 0x11, 0x21, 0x11, 0x21, 0x11, 0x21,
0x11, 0x21, 0x02, 0x00, 0x02, 0x00, 0xFE, 0x00, 0x02, 0x00, 0xFF, 0x00,
0xFF, 0x00, 0x03, 0x00, 0x02, 0x00, 0xFF, 0x00, 0xFB, 0x00, 0xFF, 0x00,
0x01, 0x00, 0x01, 0x00, 0x0A, 0x00, 0xFE, 0x00, 0xFF, 0x00, 0xFE, 0x00,
0xFF, 0x00, 0xFD, 0x00, 0x02, 0x00, 0xFE, 0x00, 0xFF, 0x00, 0x01, 0x00,
0x03, 0x00, 0x01, 0x00, 0x00, 0x01, 0x00, 0x00, 0x01, 0x00, 0x07, 0x00,
0x06, 0x00, 0x00, 0x05, 0x00, 0x17, 0xBA, 0x00, 0x00, 0x00, 0x01, 0x00,
0x03, 0x2B, 0x00, 0xB8, 0x00, 0x00, 0x2F, 0xBA, 0x00, 0x03, 0x00, 0x04,
0x00, 0x03, 0x2B, 0x30, 0x31, 0x01, 0x21, 0x11, 0x21, 0x11, 0x21, 0x02,
0x00, 0xFE, 0x00, 0x07, 0x00, 0xFB, 0x00, 0x01, 0x00, 0x05, 0x00, 0xFF,
0x00, 0x00, 0x00, 0x00, 0x00, 0x01, 0x00, 0x00, 0x01, 0x00, 0x07, 0x00,
0x06, 0x00, 0x00, 0x05, 0x00, 0x17, 0xBA, 0x00, 0x02, 0x00, 0x03, 0x00,
0x03, 0x2B, 0x00, 0xB8, 0x00, 0x02, 0x2F, 0xBA, 0x00, 0x01, 0x00, 0x04,
0x00, 0x03, 0x2B, 0x30, 0x31, 0x11, 0x21, 0x11, 0x21, 0x11, 0x21, 0x07,
0x00, 0xFE, 0x00, 0xFB, 0x00, 0x06, 0x00, 0xFB, 0x00, 0x04, 0x00, 0x00,
0x00, 0x01, 0x00, 0x00, 0xFE, 0x00, 0x07, 0x00, 0x0B, 0x00, 0x00, 0x37,
0x02, 0x64, 0xBA, 0x00, 0x0C, 0x00, 0x0D, 0x00, 0x03, 0x2B, 0xBA, 0x00,
0x03, 0x00, 0x00, 0x00, 0x03, 0x2B, 0xB8, 0x00, 0x0C, 0x10, 0xB8, 0x00,
0x07, 0xDC, 0xB8, 0x00, 0x01, 0xD0, 0xB8, 0x00, 0x07, 0x10, 0xB8, 0x00,
0x34, 0xDC, 0xB8, 0x00, 0x05, 0xD0, 0xB8, 0x00, 0x01, 0x10, 0xB8, 0x00,
0x08, 0xD0, 0xB8, 0x00, 0x00, 0x10, 0xB8, 0x00, 0x09, 0xD0, 0xB8, 0x00,
0x0D, 0x10, 0xB8, 0x00, 0x0A, 0xDC, 0xB8, 0x00, 0x0C, 0x10, 0xB8, 0x00,
0x0F, 0xD0, 0xB8, 0x00, 0x0B, 0x10, 0xB8, 0x00, 0x10, 0xD0, 0xB8, 0x00,
0x00, 0x10, 0xB8, 0x00, 0x11, 0xD0, 0xB8, 0x00, 0x0A, 0x10, 0xB8, 0x00,
0x12, 0xD0, 0xB8, 0x00, 0x07, 0x10, 0xB8, 0x00, 0x13, 0xD0, 0xB8, 0x00,
0x01, 0x10, 0xB8, 0x00, 0x14, 0xD0, 0xB8, 0x00, 0x0C, 0x10, 0xB8, 0x00,
0x15, 0xD0, 0xB8, 0x00, 0x0B, 0x10, 0xB8, 0x00, 0x16, 0xD0, 0xB8, 0x00,
0x0D, 0x10, 0xB8, 0x00, 0x17, 0xD0, 0xB8, 0x00, 0x0C, 0x10, 0xB8, 0x00,
0x19, 0xD0, 0xB8, 0x00, 0x0B, 0x10, 0xB8, 0x00, 0x1A, 0xD0, 0xB8, 0x00,
0x07, 0x10, 0xB8, 0x00, 0x1B, 0xD0, 0xB8, 0x00, 0x01, 0x10, 0xB8, 0x00,
0x1C, 0xD0, 0xB8, 0x00, 0x03, 0x10, 0xB8, 0x00, 0x1D, 0xD0, 0xB8, 0x00,
0x34, 0x10, 0xB8, 0x00, 0x1F, 0xD0, 0xB8, 0x00, 0x05, 0x10, 0xB8, 0x00,
0x20, 0xD0, 0xB8, 0x00, 0x03, 0x10, 0xB8, 0x00, 0x32, 0xDC, 0xB8, 0x00,
0x21, 0xD0, 0xB8, 0x00, 0x34, 0x10, 0xB8, 0x00, 0x30, 0xDC, 0xB8, 0x00,
0x23, 0xD0, 0xB8, 0x00, 0x32, 0x10, 0xB8, 0x00, 0x25, 0xD0, 0xB8, 0x00,
0x34, 0x10, 0xB8, 0x00, 0x27, 0xD0, 0xB8, 0x00, 0x05, 0x10, 0xB8, 0x00,
0x28, 0xD0, 0xB8, 0x00, 0x03, 0x10, 0xB8, 0x00, 0x29, 0xD0, 0xB8, 0x00,
0x07, 0x10, 0xB8, 0x00, 0x2B, 0xD0, 0xB8, 0x00, 0x01, 0x10, 0xB8, 0x00,
0x2C, 0xD0, 0xB8, 0x00, 0x32, 0x10, 0xB8, 0x00, 0x2D, 0xD0, 0xB8, 0x00,
0x05, 0x10, 0xB8, 0x00, 0x33, 0xD0, 0xB8, 0x00, 0x30, 0x10, 0xB8, 0x00,
0x35, 0xD0, 0x00, 0xB8, 0x00, 0x1A, 0x2F, 0xB8, 0x00, 0x00, 0x45, 0x58,
0xB8, 0x00, 0x18, 0x2F, 0x1B, 0xB9, 0x00, 0x18, 0x00, 0x07, 0x3E, 0x59,
0xB8, 0x00, 0x00, 0x45, 0x58, 0xB8, 0x00, 0x1E, 0x2F, 0x1B, 0xB9, 0x00,
0x1E, 0x00, 0x05, 0x3E, 0x59, 0xB8, 0x00, 0x00, 0x45, 0x58, 0xB8, 0x00,
0x24, 0x2F, 0x1B, 0xB9, 0x00, 0x24, 0x00, 0x05, 0x3E, 0x59, 0xB8, 0x00,
0x00, 0x45, 0x58, 0xB8, 0x00, 0x02, 0x2F, 0x1B, 0xB9, 0x00, 0x02, 0x00,
0x01, 0x3E, 0x59, 0xB8, 0x00, 0x00, 0x45, 0x58, 0xB8, 0x00, 0x32, 0x2F,
0x1B, 0xB9, 0x00, 0x32, 0x00, 0x01, 0x3E, 0x59, 0xBA, 0x00, 0x30, 0x00,
0x36, 0x00, 0x03, 0x2B, 0xBA, 0x00, 0x06, 0x00, 0x05, 0x00, 0x03, 0x2B,
0xBA, 0x00, 0x20, 0x00, 0x27, 0x00, 0x03, 0x2B, 0xB8, 0x00, 0x36, 0x10,
0xB8, 0x00, 0x35, 0xDC, 0xB8, 0x00, 0x00, 0xD0, 0xB8, 0x00, 0x32, 0x10,
0xB8, 0x00, 0x03, 0xD0, 0xB8, 0x00, 0x30, 0x10, 0xB8, 0x00, 0x04, 0xD0,
0xB8, 0x00, 0x02, 0x10, 0xB8, 0x00, 0x08, 0xDC, 0xB8, 0x00, 0x0E, 0xD0,
0xB8, 0x00, 0x0F, 0xD0, 0xB8, 0x00, 0x2C, 0xD0, 0xB8, 0x00, 0x2D, 0xD0,
0xB8, 0x00, 0x09, 0xD0, 0xB8, 0x00, 0x06, 0x10, 0xB8, 0x00, 0x0A, 0xD0,
0xB8, 0x00, 0x06, 0x10, 0xB8, 0x00, 0x2E, 0xD0, 0xB8, 0x00, 0x0B, 0xD0,
0xB8, 0x00, 0x30, 0x10, 0xB8, 0x00, 0x0C, 0xD0, 0xB8, 0x00, 0x05, 0x10,
0xB8, 0x00, 0x0D, 0xD0, 0xB8, 0x00, 0x06, 0x10, 0xB8, 0x00, 0x2A, 0xDC,
0xB8, 0x00, 0x10, 0xD0, 0xB8, 0x00, 0x1E, 0x10, 0xB8, 0x00, 0x12, 0xDC,
0xB8, 0x00, 0x08, 0x10, 0xB8, 0x00, 0x13, 0xDC, 0xB8, 0x00, 0x27, 0x10,
0xB8, 0x00, 0x14, 0xD0, 0xB8, 0x00, 0x10, 0x10, 0xB8, 0x00, 0x15, 0xDC,
0xB8, 0x00, 0x18, 0x10, 0xB8, 0x00, 0x16, 0xDC, 0xB8, 0x00, 0x22, 0xD0,
0xB8, 0x00, 0x17, 0xD0, 0xB8, 0x00, 0x27, 0x10, 0xB8, 0x00, 0x1C, 0xD0,
0xB8, 0x00, 0x15, 0x10, 0xB8, 0x00, 0x1D, 0xD0, 0xB8, 0x00, 0x22, 0x10,
0xB8, 0x00, 0x25, 0xDC, 0xB8, 0x00, 0x1F, 0xD0, 0xB8, 0x00, 0x22, 0x10,
0xB8, 0x00, 0x23, 0xD0, 0xB8, 0x00, 0x12, 0x10, 0xB8, 0x00, 0x28, 0xD0,
0xB8, 0x00, 0x29, 0xD0, 0xB8, 0x00, 0x10, 0x10, 0xB8, 0x00, 0x2B, 0xD0,
0x30, 0x31, 0x01, 0x21, 0x11, 0x21, 0x11, 0x21, 0x11, 0x21, 0x11, 0x21,
0x11, 0x21, 0x11, 0x21, 0x11, 0x21, 0x11, 0x21, 0x11, 0x21, 0x11, 0x21,
0x11, 0x21, 0x11, 0x21, 0x11, 0x21, 0x11, 0x21, 0x11, 0x21, 0x11, 0x21,
0x11, 0x21, 0x11, 0x21, 0x11, 0x21, 0x11, 0x21, 0x11, 0x21, 0x11, 0x21,
0x11, 0x21, 0x11, 0x21, 0x11, 0x21, 0x11, 0x21, 0x11, 0x21, 0x02, 0x00,
0x01, 0x00, 0x01, 0x00, 0x01, 0x00, 0xFE, 0x00, 0xFF, 0x00, 0xFF, 0x00,
0xFF, 0x00, 0x01, 0x00, 0x01, 0x00, 0x01, 0x00, 0xFE, 0x00, 0xFF, 0x00,
0x01, 0x00, 0x02, 0x00, 0x01, 0x00, 0x01, 0x00, 0x01, 0x00, 0x01, 0x00,
0xFF, 0x00, 0xFF, 0x00, 0xFF, 0x00, 0xFF, 0x00, 0x03, 0x00, 0x01, 0x00,
0xFF, 0x00, 0xFF, 0x00, 0x02, 0x00, 0xFB, 0x00, 0xFF, 0x00, 0x01, 0x00,
0x01, 0x00, 0x01, 0x00, 0x01, 0x00, 0xFF, 0x00, 0xFF, 0x00, 0x02, 0x00,
0x01, 0x00, 0x01, 0x00, 0x01, 0x00, 0x03, 0x00, 0x01, 0x00, 0x01, 0x00,
0xFB, 0x00, 0x01, 0x00, 0x01, 0x00, 0x01, 0x00, 0xFE, 0x00, 0xFF, 0x00,
0xFF, 0x00, 0xFF, 0x00, 0xFF, 0x00, 0xFF, 0x00, 0xFF, 0x00, 0xFF, 0x00,
0xFF, 0x00, 0xFF, 0x00, 0x00, 0x03, 0x00, 0x00, 0xFE, 0x00, 0x08, 0x00,
0x0B, 0x00, 0x00, 0x03, 0x00, 0x13, 0x00, 0x37, 0x02, 0x48, 0xBA, 0x00,
0x18, 0x00, 0x19, 0x00, 0x03, 0x2B, 0xBA, 0x00, 0x0B, 0x00, 0x16, 0x00,
0x03, 0x2B, 0xB8, 0x00, 0x0B, 0x10, 0xB8, 0x00, 0x01, 0xDC, 0xB8, 0x00,
0x18, 0x10, 0xB8, 0x00, 0x0A, 0xDC, 0xB8, 0x00, 0x03, 0xDC, 0xB8, 0x00,
0x10, 0xDC, 0xB8, 0x00, 0x04, 0xD0, 0xB8, 0x00, 0x03, 0x10, 0xB8, 0x00,
0x05, 0xD0, 0xB8, 0x00, 0x16, 0x10, 0xB8, 0x00, 0x07, 0xD0, 0xB8, 0x00,
0x19, 0x10, 0xB8, 0x00, 0x08, 0xDC, 0xB8, 0x00, 0x03, 0x10, 0xB8, 0x00,
0x0D, 0xD0, 0xB8, 0x00, 0x0A, 0x10, 0xB8, 0x00, 0x14, 0xD0, 0xB8, 0x00,
0x18, 0x10, 0xB8, 0x00, 0x1B, 0xD0, 0xB8, 0x00, 0x17, 0x10, 0xB8, 0x00,
0x1C, 0xD0, 0xB8, 0x00, 0x16, 0x10, 0xB8, 0x00, 0x1D, 0xD0, 0xB8, 0x00,
0x08, 0x10, 0xB8, 0x00, 0x1E, 0xD0, 0xB8, 0x00, 0x0A, 0x10, 0xB8, 0x00,
0x1F, 0xD0, 0xB8, 0x00, 0x09, 0x10, 0xB8, 0x00, 0x20, 0xD0, 0xB8, 0x00,
0x18, 0x10, 0xB8, 0x00, 0x21, 0xD0, 0xB8, 0x00, 0x17, 0x10, 0xB8, 0x00,
0x22, 0xD0, 0xB8, 0x00, 0x19, 0x10, 0xB8, 0x00, 0x23, 0xD0, 0xB8, 0x00,
0x18, 0x10, 0xB8, 0x00, 0x25, 0xD0, 0xB8, 0x00, 0x17, 0x10, 0xB8, 0x00,
0x26, 0xD0, 0xB8, 0x00, 0x0A, 0x10, 0xB8, 0x00, 0x27, 0xD0, 0xB8, 0x00,
0x09, 0x10, 0xB8, 0x00, 0x28, 0xD0, 0xB8, 0x00, 0x0B, 0x10, 0xB8, 0x00,
0x29, 0xD0, 0xB8, 0x00, 0x03, 0x10, 0xB8, 0x00, 0x2B, 0xD0, 0xB8, 0x00,
0x01, 0x10, 0xB8, 0x00, 0x2D, 0xD0, 0xB8, 0x00, 0x10, 0x10, 0xB8, 0x00,
0x2F, 0xD0, 0xB8, 0x00, 0x01, 0x10, 0xB8, 0x00, 0x31, 0xD0, 0xB8, 0x00,
0x03, 0x10, 0xB8, 0x00, 0x33, 0xD0, 0xB8, 0x00, 0x0B, 0x10, 0xB8, 0x00,
0x35, 0xD0, 0xB8, 0x00, 0x09, 0x10, 0xB8, 0x00, 0x37, 0xD0, 0x00, 0xB8,
0x00, 0x26, 0x2F, 0xB8, 0x00, 0x00, 0x45, 0x58, 0xB8, 0x00, 0x24, 0x2F,
0x1B, 0xB9, 0x00, 0x24, 0x00, 0x07, 0x3E, 0x59, 0xB8, 0x00, 0x00, 0x45,
0x58, 0xB8, 0x00, 0x2A, 0x2F, 0x1B, 0xB9, 0x00, 0x2A, 0x00, 0x05, 0x3E,
0x59, 0xB8, 0x00, 0x00, 0x45, 0x58, 0xB8, 0x00, 0x30, 0x2F, 0x1B, 0xB9,
0x00, 0x30, 0x00, 0x05, 0x3E, 0x59, 0xB8, 0x00, 0x00, 0x45, 0x58, 0xB8,
0x00, 0x06, 0x2F, 0x1B, 0xB9, 0x00, 0x06, 0x00, 0x01, 0x3E, 0x59, 0xB8,
0x00, 0x00, 0x45, 0x58, 0xB8, 0x00, 0x12, 0x2F, 0x1B, 0xB9, 0x00, 0x12,
0x00, 0x01, 0x3E, 0x59, 0xBA, 0x00, 0x0E, 0x00, 0x02, 0x00, 0x03, 0x2B,
0xBA, 0x00, 0x2C, 0x00, 0x33, 0x00, 0x03, 0x2B, 0xB8, 0x00, 0x06, 0x10,
0xB8, 0x00, 0x00, 0xDC, 0xB8, 0x00, 0x06, 0x10, 0xB8, 0x00, 0x01, 0xDC,
0xB8, 0x00, 0x00, 0x10, 0xB8, 0x00, 0x08, 0xD0, 0xB8, 0x00, 0x09, 0xD0,
0xB8, 0x00, 0x10, 0xD0, 0xB8, 0x00, 0x03, 0xD0, 0xB8, 0x00, 0x10, 0x10,
0xB8, 0x00, 0x04, 0xDC, 0xB8, 0x00, 0x01, 0x10, 0xB8, 0x00, 0x0A, 0xD0,
0xB8, 0x00, 0x0B, 0xD0, 0xB8, 0x00, 0x2A, 0x10, 0xB8, 0x00, 0x1E, 0xDC,
0xB8, 0x00, 0x34, 0xD0, 0xB8, 0x00, 0x35, 0xD0, 0xB8, 0x00, 0x0C, 0xDC,
0xB8, 0x00, 0x03, 0x10, 0xB8, 0x00, 0x0D, 0xDC, 0xB8, 0x00, 0x10, 0x10,
0xB8, 0x00, 0x11, 0xD0, 0xB8, 0x00, 0x0D, 0x10, 0xB8, 0x00, 0x14, 0xD0,
0xB8, 0x00, 0x0C, 0x10, 0xB8, 0x00, 0x15, 0xD0, 0xB8, 0x00, 0x0B, 0x10,
0xB8, 0x00, 0x16, 0xD0, 0xB8, 0x00, 0x17, 0xD0, 0xB8, 0x00, 0x11, 0x10,
0xB8, 0x00, 0x18, 0xD0, 0xB8, 0x00, 0x19, 0xD0, 0xB8, 0x00, 0x0D, 0x10,
0xB8, 0x00, 0x1A, 0xD0, 0xB8, 0x00, 0x0C, 0x10, 0xB8, 0x00, 0x1B, 0xD0,
0xB8, 0x00, 0x0E, 0x10, 0xB8, 0x00, 0x1C, 0xD0, 0xB8, 0x00, 0x35, 0x10,
0xB8, 0x00, 0x1F, 0xD0, 0xB8, 0x00, 0x33, 0x10, 0xB8, 0x00, 0x20, 0xD0,
0xB8, 0x00, 0x24, 0x10, 0xB8, 0x00, 0x22, 0xDC, 0xB8, 0x00, 0x2E, 0xD0,
0xB8, 0x00, 0x23, 0xD0, 0xB8, 0x00, 0x33, 0x10, 0xB8, 0x00, 0x28, 0xD0,
0xB8, 0x00, 0x2E, 0x10, 0xB8, 0x00, 0x31, 0xDC, 0xB8, 0x00, 0x2B, 0xD0,
0xB8, 0x00, 0x2E, 0x10, 0xB8, 0x00, 0x2F, 0xD0, 0xB8, 0x00, 0x0E, 0x10,
0xB8, 0x00, 0x36, 0xD0, 0x30, 0x31, 0x01, 0x11, 0x21, 0x11, 0x01, 0x21,
0x11, 0x21, 0x11, 0x21, 0x11, 0x21, 0x11, 0x21, 0x11, 0x21, 0x11, 0x21,
0x11, 0x21, 0x01, 0x21, 0x11, 0x21, 0x11, 0x21, 0x11, 0x21, 0x11, 0x21,
0x11, 0x21, 0x11, 0x21, 0x11, 0x21, 0x11, 0x21, 0x11, 0x21, 0x11, 0x21,
0x11, 0x21, 0x11, 0x21, 0x11, 0x21, 0x11, 0x21, 0x11, 0x21, 0x11, 0x21,
0x11, 0x21, 0x06, 0x00, 0xFF, 0x00, 0x02, 0x00, 0xFE, 0x00, 0xFD, 0x00,
0x01, 0x00, 0x01, 0x00, 0x01, 0x00, 0x02, 0x00, 0x01, 0x00, 0xFF, 0x00,
0xFC, 0x00, 0xFF, 0x00, 0xFF, 0x00, 0xFF, 0x00, 0x01, 0x00, 0x01, 0x00,
0x01, 0x00, 0xFE, 0x00, 0xFF, 0x00, 0x01, 0x00, 0x02, 0x00, 0x01, 0x00,
0x01, 0x00, 0x01, 0x00, 0x01, 0x00, 0xFF, 0x00, 0xFF, 0x00, 0xFF, 0x00,
0xFF, 0x00, 0x01, 0x00, 0x01, 0x00, 0xFF, 0x00, 0xFD, 0x00, 0x02, 0x00,
0x01, 0x00, 0x01, 0x00, 0x01, 0x00, 0x01, 0x00, 0xFD, 0x00, 0xFF, 0x00,
0x03, 0x00, 0xFF, 0x00, 0xFF, 0x00, 0x02, 0x00, 0x01, 0x00, 0x01, 0x00,
0x01, 0x00, 0x03, 0x00, 0x01, 0x00, 0x01, 0x00, 0xFB, 0x00, 0x01, 0x00,
0x01, 0x00, 0x01, 0x00, 0xFE, 0x00, 0xFF, 0x00, 0xFF, 0x00, 0xFF, 0x00,
0x00, 0x02, 0x02, 0x00, 0x00, 0x00, 0x06, 0x00, 0x0A, 0x00, 0x00, 0x03,
0x00, 0x0F, 0x00, 0x86, 0xBA, 0x00, 0x09, 0x00, 0x04, 0x00, 0x03, 0x2B,
0xBA, 0x00, 0x01, 0x00, 0x00, 0x00, 0x03, 0x2B, 0xB8, 0x00, 0x00, 0x10,
0xB8, 0x00, 0x05, 0xD0, 0xB8, 0x00, 0x01, 0x10, 0xB8, 0x00, 0x07, 0xD0,
0xB8, 0x00, 0x01, 0x10, 0xB8, 0x00, 0x0B, 0xD0, 0xB8, 0x00, 0x00, 0x10,
0xB8, 0x00, 0x0D, 0xD0, 0x00, 0xB8, 0x00, 0x00, 0x45, 0x58, 0xB8, 0x00,
0x06, 0x2F, 0x1B, 0xB9, 0x00, 0x06, 0x00, 0x05, 0x3E, 0x59, 0xB8, 0x00,
0x00, 0x45, 0x58, 0xB8, 0x00, 0x00, 0x2F, 0x1B, 0xB9, 0x00, 0x00, 0x00,
0x07, 0x3E, 0x59, 0xB8, 0x00, 0x00, 0x45, 0x58, 0xB8, 0x00, 0x0C, 0x2F,
0x1B, 0xB9, 0x00, 0x0C, 0x00, 0x01, 0x3E, 0x59, 0xBA, 0x00, 0x09, 0x00,
0x0A, 0x00, 0x03, 0x2B, 0xB8, 0x00, 0x00, 0x10, 0xB8, 0x00, 0x02, 0xDC,
0xB8, 0x00, 0x09, 0x10, 0xB8, 0x00, 0x04, 0xD0, 0xB8, 0x00, 0x0A, 0x10,
0xB8, 0x00, 0x0E, 0xD0, 0x30, 0x31, 0x01, 0x21, 0x11, 0x21, 0x01, 0x21,
0x11, 0x21, 0x11, 0x21, 0x11, 0x21, 0x11, 0x21, 0x11, 0x21, 0x03, 0x00,
0x02, 0x00, 0xFE, 0x00, 0xFF, 0x00, 0x01, 0x00, 0x02, 0x00, 0x01, 0x00,
0xFF, 0x00, 0xFE, 0x00, 0xFF, 0x00, 0x0A, 0x00, 0xFE, 0x00, 0xFC, 0x00,
0x03, 0x00, 0xFD, 0x00, 0xFD, 0x00, 0xFF, 0x00, 0x01, 0x00, 0x00, 0x00,
0x00, 0x02, 0x00, 0x00, 0x02, 0x00, 0x07, 0x00, 0x07, 0x00, 0x00, 0x15,
0x00, 0x2A, 0x01, 0xD1, 0xBA, 0x00, 0x1B, 0x00, 0x24, 0x00, 0x03, 0x2B,
0xBA, 0x00, 0x1D, 0x00, 0x22, 0x00, 0x03, 0x2B, 0xB8, 0x00, 0x1D, 0x10,
0xB8, 0x00, 0x08, 0xDC, 0xB8, 0x00, 0x01, 0xD0, 0xB8, 0x00, 0x08, 0x10,
0xB8, 0x00, 0x04, 0xDC, 0xB8, 0x00, 0x1B, 0x10, 0xB8, 0x00, 0x15, 0xDC,
0xB8, 0x00, 0x05, 0xDC, 0xB8, 0x00, 0x01, 0x10, 0xB8, 0x00, 0x07, 0xD0,
0xB8, 0x00, 0x05, 0x10, 0xB8, 0x00, 0x09, 0xD0, 0xB8, 0x00, 0x04, 0x10,
0xB8, 0x00, 0x0B, 0xD0, 0xB8, 0x00, 0x08, 0x10, 0xB8, 0x00, 0x0D, 0xD0,
0xB8, 0x00, 0x01, 0x10, 0xB8, 0x00, 0x0E, 0xD0, 0xB8, 0x00, 0x15, 0x10,
0xB8, 0x00, 0x10, 0xD0, 0xB8, 0x00, 0x00, 0x10, 0xB8, 0x00, 0x11, 0xD0,
0xB8, 0x00, 0x1D, 0x10, 0xB8, 0x00, 0x13, 0xD0, 0xB8, 0x00, 0x1C, 0x10,
0xB8, 0x00, 0x14, 0xD0, 0xB8, 0x00, 0x15, 0x10, 0xB8, 0x00, 0x16, 0xD0,
0xB8, 0x00, 0x1D, 0x10, 0xB8, 0x00, 0x18, 0xD0, 0xB8, 0x00, 0x1C, 0x10,
0xB8, 0x00, 0x19, 0xD0, 0xB8, 0x00, 0x15, 0x10, 0xB8, 0x00, 0x1E, 0xD0,
0xB8, 0x00, 0x00, 0x10, 0xB8, 0x00, 0x1F, 0xD0, 0xB8, 0x00, 0x1B, 0x10,
0xB8, 0x00, 0x20, 0xD0, 0xB8, 0x00, 0x1A, 0x10, 0xB8, 0x00, 0x21, 0xD0,
0xB8, 0x00, 0x22, 0x10, 0xB8, 0x00, 0x26, 0xD0, 0xB8, 0x00, 0x1B, 0x10,
0xB8, 0x00, 0x28, 0xD0, 0xB8, 0x00, 0x1A, 0x10, 0xB8, 0x00, 0x29, 0xD0,
0xB8, 0x00, 0x00, 0x10, 0xB8, 0x00, 0x2A, 0xD0, 0x00, 0xB8, 0x00, 0x00,
0x45, 0x58, 0xB8, 0x00, 0x02, 0x2F, 0x1B, 0xB9, 0x00, 0x02, 0x00, 0x05,
0x3E, 0x59, 0xB8, 0x00, 0x00, 0x45, 0x58, 0xB8, 0x00, 0x29, 0x2F, 0x1B,
0xB9, 0x00, 0x29, 0x00, 0x05, 0x3E, 0x59, 0xBA, 0x00, 0x09, 0x00, 0x0C,
0x00, 0x03, 0x2B, 0xB8, 0x00, 0x02, 0x10, 0xB8, 0x00, 0x00, 0xDC, 0xB8,
0x00, 0x04, 0xD0, 0xB8, 0x00, 0x05, 0xD0, 0xB8, 0x00, 0x01, 0xD0, 0xB8,
0x00, 0x02, 0x10, 0xB8, 0x00, 0x06, 0xDC, 0xB8, 0x00, 0x09, 0x10, 0xB8,
0x00, 0x07, 0xDC, 0xB8, 0x00, 0x05, 0x10, 0xB8, 0x00, 0x0A, 0xDC, 0xB8,
0x00, 0x0C, 0x10, 0xB8, 0x00, 0x0B, 0xDC, 0xB8, 0x00, 0x0E, 0xD0, 0xB8,
0x00, 0x0A, 0x10, 0xB8, 0x00, 0x0F, 0xD0, 0xB8, 0x00, 0x09, 0x10, 0xB8,
0x00, 0x11, 0xD0, 0xB8, 0x00, 0x08, 0x10, 0xB8, 0x00, 0x12, 0xD0, 0xB8,
0x00, 0x06, 0x10, 0xB8, 0x00, 0x14, 0xD0, 0xB8, 0x00, 0x15, 0xD0, 0xB8,
0x00, 0x05, 0x10, 0xB8, 0x00, 0x17, 0xD0, 0xB8, 0x00, 0x18, 0xD0, 0xB8,
0x00, 0x15, 0x10, 0xB8, 0x00, 0x19, 0xD0, 0xB8, 0x00, 0x1A, 0xD0, 0xB8,
0x00, 0x09, 0x10, 0xB8, 0x00, 0x1B, 0xD0, 0xB8, 0x00, 0x08, 0x10, 0xB8,
0x00, 0x1C, 0xD0, 0xB8, 0x00, 0x0B, 0x10, 0xB8, 0x00, 0x1D, 0xD0, 0xB8,
0x00, 0x0A, 0x10, 0xB8, 0x00, 0x1E, 0xD0, 0xB8, 0x00, 0x0C, 0x10, 0xB8,
0x00, 0x1F, 0xD0, 0xB8, 0x00, 0x0B, 0x10, 0xB8, 0x00, 0x21, 0xD0, 0xB8,
0x00, 0x0A, 0x10, 0xB8, 0x00, 0x22, 0xD0, 0xB8, 0x00, 0x09, 0x10, 0xB8,
0x00, 0x23, 0xD0, 0xB8, 0x00, 0x08, 0x10, 0xB8, 0x00, 0x24, 0xD0, 0xB8,
0x00, 0x1A, 0x10, 0xB8, 0x00, 0x25, 0xD0, 0xB8, 0x00, 0x26, 0xD0, 0xB8,
0x00, 0x18, 0x10, 0xB8, 0x00, 0x27, 0xD0, 0xB8, 0x00, 0x28, 0xD0, 0x30,
0x31, 0x01, 0x21, 0x11, 0x21, 0x11, 0x21, 0x11, 0x21, 0x11, 0x21, 0x11,
0x21, 0x11, 0x21, 0x11, 0x23, 0x27, 0x35, 0x23, 0x27, 0x35, 0x21, 0x11,
0x07, 0x23, 0x11, 0x21, 0x11, 0x21, 0x11, 0x21, 0x11, 0x21, 0x11, 0x21,
0x11, 0x21, 0x11, 0x21, 0x11, 0x21, 0x11, 0x21, 0x04, 0x00, 0x01, 0x00,
0x02, 0x00, 0xFF, 0x00, 0xFF, 0x00, 0x01, 0x00, 0x01, 0x00, 0xFE, 0x00,
0xFE, 0x02, 0xFE, 0x02, 0x01, 0x00, 0x02, 0xFE, 0xFF, 0x00, 0x01, 0x00,
0x01, 0x00, 0xFE, 0x00, 0xFF, 0x00, 0xFF, 0x00, 0x01, 0x00, 0x01, 0x00,
0x02, 0x00, 0x06, 0x00, 0x01, 0x00, 0xFF, 0x00, 0xFF, 0x00, 0xFF, 0x00,
0xFF, 0x00, 0xFF, 0x00, 0x01, 0x00, 0x02, 0xFE, 0x02, 0xFE, 0x01, 0x02,
0x02, 0xFF, 0x00, 0xFF, 0x00, 0xFF, 0x00, 0xFF, 0x00, 0x01, 0x00, 0x01,
0x00, 0x01, 0x00, 0x01, 0x00, 0x01, 0x00, 0x00, 0x00, 0x02, 0x00, 0x00,
0x02, 0x00, 0x07, 0x00, 0x07, 0x00, 0x00, 0x14, 0x00, 0x2A, 0x01, 0xA9,
0xBA, 0x00, 0x1D, 0x00, 0x1E, 0x00, 0x03, 0x2B, 0xBA, 0x00, 0x0C, 0x00,
0x20, 0x00, 0x03, 0x2B, 0xB8, 0x00, 0x0C, 0x10, 0xB8, 0x00, 0x00, 0xD0,
0xB8, 0x00, 0x0C, 0x10, 0xB8, 0x00, 0x01, 0xDC, 0xB8, 0x00, 0x10, 0x10,
0xB8, 0x00, 0x02, 0xD0, 0xB8, 0x00, 0x1D, 0x10, 0xB8, 0x00, 0x0D, 0xDC,
0xB8, 0x00, 0x08, 0xDC, 0xB8, 0x00, 0x03, 0xD0, 0xB8, 0x00, 0x01, 0x10,
0xB8, 0x00, 0x05, 0xDC, 0xB8, 0x00, 0x01, 0x10, 0xB8, 0x00, 0x09, 0xD0,
0xB8, 0x00, 0x10, 0x10, 0xB8, 0x00, 0x0A, 0xD0, 0xB8, 0x00, 0x01, 0x10,
0xB8, 0x00, 0x0F, 0xD0, 0xB8, 0x00, 0x0D, 0x10, 0xB8, 0x00, 0x11, 0xD0,
0xB8, 0x00, 0x0C, 0x10, 0xB8, 0x00, 0x15, 0xD0, 0xB8, 0x00, 0x0D, 0x10,
0xB8, 0x00, 0x16, 0xD0, 0xB8, 0x00, 0x0C, 0x10, 0xB8, 0x00, 0x19, 0xD0,
0xB8, 0x00, 0x00, 0x10, 0xB8, 0x00, 0x1A, 0xD0, 0xB8, 0x00, 0x1D, 0x10,
0xB8, 0x00, 0x22, 0xD0, 0xB8, 0x00, 0x1C, 0x10, 0xB8, 0x00, 0x23, 0xD0,
0xB8, 0x00, 0x20, 0x10, 0xB8, 0x00, 0x24, 0xD0, 0xB8, 0x00, 0x1E, 0x10,
0xB8, 0x00, 0x26, 0xD0, 0xB8, 0x00, 0x1D, 0x10, 0xB8, 0x00, 0x28, 0xD0,
0xB8, 0x00, 0x1C, 0x10, 0xB8, 0x00, 0x29, 0xD0, 0xB8, 0x00, 0x00, 0x10,
0xB8, 0x00, 0x2A, 0xD0, 0x00, 0xB8, 0x00, 0x00, 0x45, 0x58, 0xB8, 0x00,
0x00, 0x2F, 0x1B, 0xB9, 0x00, 0x00, 0x00, 0x05, 0x3E, 0x59, 0xB8, 0x00,
0x00, 0x45, 0x58, 0xB8, 0x00, 0x27, 0x2F, 0x1B, 0xB9, 0x00, 0x27, 0x00,
0x05, 0x3E, 0x59, 0xBA, 0x00, 0x0F, 0x00, 0x0A, 0x00, 0x03, 0x2B, 0xBA,
0x00, 0x03, 0x00, 0x08, 0x00, 0x03, 0x2B, 0xB8, 0x00, 0x00, 0x10, 0xB8,
0x00, 0x02, 0xDC, 0xB8, 0x00, 0x00, 0x10, 0xB8, 0x00, 0x04, 0xDC, 0xB8,
0x00, 0x0F, 0x10, 0xB8, 0x00, 0x06, 0xD0, 0xB8, 0x00, 0x05, 0xDC, 0xB8,
0x00, 0x0A, 0x10, 0xB8, 0x00, 0x09, 0xDC, 0xB8, 0x00, 0x0C, 0xD0, 0xB8,
0x00, 0x08, 0x10, 0xB8, 0x00, 0x0D, 0xD0, 0xB8, 0x00, 0x04, 0x10, 0xB8,
0x00, 0x10, 0xD0, 0xB8, 0x00, 0x11, 0xD0, 0xB8, 0x00, 0x02, 0x10, 0xB8,
0x00, 0x12, 0xD0, 0xB8, 0x00, 0x13, 0xD0, 0xB8, 0x00, 0x11, 0x10, 0xB8,
0x00, 0x15, 0xD0, 0xB8, 0x00, 0x16, 0xD0, 0xB8, 0x00, 0x0F, 0x10, 0xB8,
0x00, 0x18, 0xD0, 0xB8, 0x00, 0x06, 0x10, 0xB8, 0x00, 0x19, 0xD0, 0xB8,
0x00, 0x09, 0x10, 0xB8, 0x00, 0x1B, 0xD0, 0xB8, 0x00, 0x08, 0x10, 0xB8,
0x00, 0x1C, 0xD0, 0xB8, 0x00, 0x0A, 0x10, 0xB8, 0x00, 0x1D, 0xD0, 0xB8,
0x00, 0x09, 0x10, 0xB8, 0x00, 0x1F, 0xD0, 0xB8, 0x00, 0x08, 0x10, 0xB8,
0x00, 0x20, 0xD0, 0xB8, 0x00, 0x0F, 0x10, 0xB8, 0x00, 0x21, 0xD0, 0xB8,
0x00, 0x06, 0x10, 0xB8, 0x00, 0x22, 0xD0, 0xB8, 0x00, 0x16, 0x10, 0xB8,
0x00, 0x23, 0xD0, 0xB8, 0x00, 0x24, 0xD0, 0xB8, 0x00, 0x13, 0x10, 0xB8,
0x00, 0x25, 0xD0, 0xB8, 0x00, 0x26, 0xD0, 0xB8, 0x00, 0x29, 0xD0, 0xB8,
0x00, 0x2A, 0xD0, 0x30, 0x31, 0x01, 0x21, 0x11, 0x21, 0x11, 0x21, 0x11,
0x21, 0x11, 0x21, 0x11, 0x21, 0x11, 0x21, 0x11, 0x21, 0x11, 0x21, 0x11,
0x23, 0x27, 0x11, 0x21, 0x15, 0x07, 0x23, 0x15, 0x07, 0x23, 0x11, 0x21,
0x11, 0x21, 0x11, 0x21, 0x11, 0x21, 0x11, 0x21, 0x11, 0x21, 0x11, 0x21,
0x03, 0x00, 0x02, 0x00, 0x01, 0x00, 0x01, 0x00, 0xFF, 0x00, 0xFF, 0x00,
0xFE, 0x00, 0x01, 0x00, 0x01, 0x00, 0xFF, 0x00, 0xFE, 0x02, 0x01, 0x00,
0x02, 0xFE, 0x02, 0xFE, 0xFE, 0x00, 0x01, 0x00, 0x01, 0x00, 0xFF, 0x00,
0xFF, 0x00, 0x02, 0x00, 0x01, 0x00, 0x07, 0x00, 0xFF, 0x00, 0xFF, 0x00,
0xFF, 0x00, 0xFF, 0x00, 0xFF, 0x00, 0x01, 0x00, 0x01, 0x00, 0x01, 0x00,
0x01, 0x00, 0x02, 0xFE, 0xFE, 0xFE, 0x02, 0xFE, 0x02, 0xFF, 0x00, 0x01,
0x00, 0x01, 0x00, 0x01, 0x00, 0x01, 0x00, 0x01, 0x00, 0xFF, 0x00, 0x00,
0x00, 0x20, 0x01, 0x00, 0xFC, 0x00, 0x08, 0x00, 0x0C, 0x00, 0x00, 0x03,
0x00, 0x07, 0x00, 0x0B, 0x00, 0x0F, 0x00, 0x13, 0x00, 0x17, 0x00, 0x1B,
0x00, 0x1F, 0x00, 0x23, 0x00, 0x27, 0x00, 0x2B, 0x00, 0x2F, 0x00, 0x33,
0x00, 0x37, 0x00, 0x3B, 0x00, 0x3F, 0x00, 0x43, 0x00, 0x47, 0x00, 0x4B,
0x00, 0x4F, 0x00, 0x53, 0x00, 0x57, 0x00, 0x5B, 0x00, 0x5F, 0x00, 0x63,
0x00, 0x67, 0x00, 0x6B, 0x00, 0x6F, 0x00, 0x73, 0x00, 0x77, 0x00, 0x7B,
0x00, 0x7F, 0x05, 0xBB, 0xBA, 0x00, 0x61, 0x00, 0x60, 0x00, 0x03, 0x2B,
0xBA, 0x00, 0x41, 0x00, 0x40, 0x00, 0x03, 0x2B, 0xBA, 0x00, 0x21, 0x00,
0x20, 0x00, 0x03, 0x2B, 0xBA, 0x00, 0x01, 0x00, 0x00, 0x00, 0x03, 0x2B,
0xB8, 0x00, 0x00, 0x10, 0xB8, 0x00, 0x04, 0xD0, 0xB8, 0x00, 0x01, 0x10,
0xB8, 0x00, 0x05, 0xD0, 0xB8, 0x00, 0x00, 0x10, 0xB8, 0x00, 0x08, 0xD0,
0xB8, 0x00, 0x01, 0x10, 0xB8, 0x00, 0x09, 0xD0, 0xB8, 0x00, 0x00, 0x10,
0xB8, 0x00, 0x0C, 0xD0, 0xB8, 0x00, 0x01, 0x10, 0xB8, 0x00, 0x0D, 0xD0,
0xB8, 0x00, 0x00, 0x10, 0xB8, 0x00, 0x10, 0xD0, 0xB8, 0x00, 0x01, 0x10,
0xB8, 0x00, 0x11, 0xD0, 0xB8, 0x00, 0x00, 0x10, 0xB8, 0x00, 0x14, 0xD0,
0xB8, 0x00, 0x01, 0x10, 0xB8, 0x00, 0x15, 0xD0, 0xB8, 0x00, 0x00, 0x10,
0xB8, 0x00, 0x18, 0xD0, 0xB8, 0x00, 0x01, 0x10, 0xB8, 0x00, 0x19, 0xD0,
0xB8, 0x00, 0x00, 0x10, 0xB8, 0x00, 0x1C, 0xD0, 0xB8, 0x00, 0x01, 0x10,
0xB8, 0x00, 0x1D, 0xD0, 0xB8, 0x00, 0x20, 0x10, 0xB8, 0x00, 0x24, 0xD0,
0xB8, 0x00, 0x21, 0x10, 0xB8, 0x00, 0x25, 0xD0, 0xB8, 0x00, 0x20, 0x10,
0xB8, 0x00, 0x28, 0xD0, 0xB8, 0x00, 0x21, 0x10, 0xB8, 0x00, 0x29, 0xD0,
0xB8, 0x00, 0x20, 0x10, 0xB8, 0x00, 0x2C, 0xD0, 0xB8, 0x00, 0x21, 0x10,
0xB8, 0x00, 0x2D, 0xD0, 0xB8, 0x00, 0x20, 0x10, 0xB8, 0x00, 0x30, 0xD0,
0xB8, 0x00, 0x21, 0x10, 0xB8, 0x00, 0x31, 0xD0, 0xB8, 0x00, 0x20, 0x10,
0xB8, 0x00, 0x34, 0xD0, 0xB8, 0x00, 0x21, 0x10, 0xB8, 0x00, 0x35, 0xD0,
0xB8, 0x00, 0x20, 0x10, 0xB8, 0x00, 0x38, 0xD0, 0xB8, 0x00, 0x21, 0x10,
0xB8, 0x00, 0x39, 0xD0, 0xB8, 0x00, 0x20, 0x10, 0xB8, 0x00, 0x3C, 0xD0,
0xB8, 0x00, 0x21, 0x10, 0xB8, 0x00, 0x3D, 0xD0, 0xB8, 0x00, 0x40, 0x10,
0xB8, 0x00, 0x44, 0xD0, 0xB8, 0x00, 0x41, 0x10, 0xB8, 0x00, 0x45, 0xD0,
0xB8, 0x00, 0x40, 0x10, 0xB8, 0x00, 0x48, 0xD0, 0xB8, 0x00, 0x41, 0x10,
0xB8, 0x00, 0x49, 0xD0, 0xB8, 0x00, 0x40, 0x10, 0xB8, 0x00, 0x4C, 0xD0,
0xB8, 0x00, 0x41, 0x10, 0xB8, 0x00, 0x4D, 0xD0, 0xB8, 0x00, 0x40, 0x10,
0xB8, 0x00, 0x50, 0xD0, 0xB8, 0x00, 0x41, 0x10, 0xB8, 0x00, 0x51, 0xD0,
0xB8, 0x00, 0x40, 0x10, 0xB8, 0x00, 0x54, 0xD0, 0xB8, 0x00, 0x41, 0x10,
0xB8, 0x00, 0x55, 0xD0, 0xB8, 0x00, 0x40, 0x10, 0xB8, 0x00, 0x58, 0xD0,
0xB8, 0x00, 0x41, 0x10, 0xB8, 0x00, 0x59, 0xD0, 0xB8, 0x00, 0x40, 0x10,
0xB8, 0x00, 0x5C, 0xD0, 0xB8, 0x00, 0x41, 0x10, 0xB8, 0x00, 0x5D, 0xD0,
0xB8, 0x00, 0x60, 0x10, 0xB8, 0x00, 0x64, 0xD0, 0xB8, 0x00, 0x61, 0x10,
0xB8, 0x00, 0x65, 0xD0, 0xB8, 0x00, 0x60, 0x10, 0xB8, 0x00, 0x68, 0xD0,
0xB8, 0x00, 0x61, 0x10, 0xB8, 0x00, 0x69, 0xD0, 0xB8, 0x00, 0x60, 0x10,
0xB8, 0x00, 0x6C, 0xD0, 0xB8, 0x00, 0x61, 0x10, 0xB8, 0x00, 0x6D, 0xD0,
0xB8, 0x00, 0x60, 0x10, 0xB8, 0x00, 0x70, 0xD0, 0xB8, 0x00, 0x61, 0x10,
0xB8, 0x00, 0x71, 0xD0, 0xB8, 0x00, 0x60, 0x10, 0xB8, 0x00, 0x74, 0xD0,
0xB8, 0x00, 0x61, 0x10, 0xB8, 0x00, 0x75, 0xD0, 0xB8, 0x00, 0x60, 0x10,
0xB8, 0x00, 0x78, 0xD0, 0xB8, 0x00, 0x61, 0x10, 0xB8, 0x00, 0x79, 0xD0,
0xB8, 0x00, 0x60, 0x10, 0xB8, 0x00, 0x7C, 0xD0, 0xB8, 0x00, 0x61, 0x10,
0xB8, 0x00, 0x7D, 0xD0, 0x00, 0xB8, 0x00, 0x00, 0x45, 0x58, 0xB8, 0x00,
0x0C, 0x2F, 0x1B, 0xB9, 0x00, 0x0C, 0x00, 0x07, 0x3E, 0x59, 0xB8, 0x00,
0x00, 0x45, 0x58, 0xB8, 0x00, 0x3E, 0x2F, 0x1B, 0xB9, 0x00, 0x3E, 0x00,
0x07, 0x3E, 0x59, 0xB8, 0x00, 0x00, 0x45, 0x58, 0xB8, 0x00, 0x4C, 0x2F,
0x1B, 0xB9, 0x00, 0x4C, 0x00, 0x07, 0x3E, 0x59, 0xB8, 0x00, 0x00, 0x45,
0x58, 0xB8, 0x00, 0x7E, 0x2F, 0x1B, 0xB9, 0x00, 0x7E, 0x00, 0x07, 0x3E,
0x59, 0xB8, 0x00, 0x00, 0x45, 0x58, 0xB8, 0x00, 0x0A, 0x2F, 0x1B, 0xB9,
0x00, 0x0A, 0x00, 0x05, 0x3E, 0x59, 0xB8, 0x00, 0x00, 0x45, 0x58, 0xB8,
0x00, 0x28, 0x2F, 0x1B, 0xB9, 0x00, 0x28, 0x00, 0x05, 0x3E, 0x59, 0xB8,
0x00, 0x00, 0x45, 0x58, 0xB8, 0x00, 0x4A, 0x2F, 0x1B, 0xB9, 0x00, 0x4A,
0x00, 0x05, 0x3E, 0x59, 0xB8, 0x00, 0x00, 0x45, 0x58, 0xB8, 0x00, 0x68,
0x2F, 0x1B, 0xB9, 0x00, 0x68, 0x00, 0x05, 0x3E, 0x59, 0xB8, 0x00, 0x00,
0x45, 0x58, 0xB8, 0x00, 0x1A, 0x2F, 0x1B, 0xB9, 0x00, 0x1A, 0x00, 0x03,
0x3E, 0x59, 0xB8, 0x00, 0x00, 0x45, 0x58, 0xB8, 0x00, 0x38, 0x2F, 0x1B,
0xB9, 0x00, 0x38, 0x00, 0x03, 0x3E, 0x59, 0xB8, 0x00, 0x00, 0x45, 0x58,
0xB8, 0x00, 0x5A, 0x2F, 0x1B, 0xB9, 0x00, 0x5A, 0x00, 0x03, 0x3E, 0x59,
0xB8, 0x00, 0x00, 0x45, 0x58, 0xB8, 0x00, 0x78, 0x2F, 0x1B, 0xB9, 0x00,
0x78, 0x00, 0x03, 0x3E, 0x59, 0xB8, 0x00, 0x00, 0x45, 0x58, 0xB8, 0x00,
0x00, 0x2F, 0x1B, 0xB9, 0x00, 0x00, 0x00, 0x01, 0x3E, 0x59, 0xB8, 0x00,
0x00, 0x45, 0x58, 0xB8, 0x00, 0x36, 0x2F, 0x1B, 0xB9, 0x00, 0x36, 0x00,
0x01, 0x3E, 0x59, 0xB8, 0x00, 0x00, 0x45, 0x58, 0xB8, 0x00, 0x40, 0x2F,
0x1B, 0xB9, 0x00, 0x40, 0x00, 0x01, 0x3E, 0x59, 0xB8, 0x00, 0x00, 0x45,
0x58, 0xB8, 0x00, 0x76, 0x2F, 0x1B, 0xB9, 0x00, 0x76, 0x00, 0x01, 0x3E,
0x59, 0xBA, 0x00, 0x39, 0x00, 0x3A, 0x00, 0x03, 0x2B, 0xBA, 0x00, 0x1D,
0x00, 0x1E, 0x00, 0x03, 0x2B, 0xBA, 0x00, 0x01, 0x00, 0x02, 0x00, 0x03,
0x2B, 0xBA, 0x00, 0x0F, 0x00, 0x08, 0x00, 0x03, 0x2B, 0xBA, 0x00, 0x07,
0x00, 0x14, 0x00, 0x03, 0x2B, 0xBA, 0x00, 0x11, 0x00, 0x12, 0x00, 0x03,
0x2B, 0xBA, 0x00, 0x13, 0x00, 0x04, 0x00, 0x03, 0x2B, 0xB8, 0x00, 0x1A,
0x10, 0xB8, 0x00, 0x18, 0xDC, 0xB8, 0x00, 0x03, 0xDC, 0xB8, 0x00, 0x07,
0x10, 0xB8, 0x00, 0x05, 0xDC, 0xB8, 0x00, 0x0A, 0x10, 0xB8, 0x00, 0x09,
0xDC, 0xB8, 0x00, 0x0C, 0x10, 0xB8, 0x00, 0x0E, 0xDC, 0xB8, 0x00, 0x0A,
0x10, 0xB8, 0x00, 0x10, 0xDC, 0xB8, 0x00, 0x00, 0x10, 0xB8, 0x00, 0x16,
0xDC, 0xB8, 0x00, 0x15, 0xDC, 0xB8, 0x00, 0x39, 0x10, 0xB8, 0x00, 0x1B,
0xD0, 0xB8, 0x00, 0x0C, 0x10, 0xB8, 0x00, 0x1F, 0xDC, 0xB8, 0x00, 0x03,
0x10, 0xB8, 0x00, 0x20, 0xD0, 0xB8, 0x00, 0x02, 0x10, 0xB8, 0x00, 0x21,
0xD0, 0xB8, 0x00, 0x18, 0x10, 0xB8, 0x00, 0x22, 0xD0, 0xB8, 0x00, 0x23,
0xD0, 0xB8, 0x00, 0x07, 0x10, 0xB8, 0x00, 0x24, 0xD0, 0xB8, 0x00, 0x06,
0x10, 0xB8, 0x00, 0x25, 0xD0, 0xB8, 0x00, 0x15, 0x10, 0xB8, 0x00, 0x26,
0xD0, 0xB8, 0x00, 0x14, 0x10, 0xB8, 0x00, 0x27, 0xD0, 0xB8, 0x00, 0x0A,
0x10, 0xB8, 0x00, 0x29, 0xD0, 0xB8, 0x00, 0x10, 0x10, 0xB8, 0x00, 0x2A,
0xD0, 0xB8, 0x00, 0x2B, 0xD0, 0xB8, 0x00, 0x0E, 0x10, 0xB8, 0x00, 0x2C,
0xD0, 0xB8, 0x00, 0x2D, 0xD0, 0xB8, 0x00, 0x08, 0x10, 0xB8, 0x00, 0x2E,
0xD0, 0xB8, 0x00, 0x09, 0x10, 0xB8, 0x00, 0x2F, 0xD0, 0xB8, 0x00, 0x12,
0x10, 0xB8, 0x00, 0x30, 0xD0, 0xB8, 0x00, 0x13, 0x10, 0xB8, 0x00, 0x31,
0xD0, 0xB8, 0x00, 0x05, 0x10, 0xB8, 0x00, 0x32, 0xD0, 0xB8, 0x00, 0x04,
0x10, 0xB8, 0x00, 0x33, 0xD0, 0xB8, 0x00, 0x16, 0x10, 0xB8, 0x00, 0x34,
0xD0, 0xB8, 0x00, 0x35, 0xD0, 0xB8, 0x00, 0x01, 0x10, 0xB8, 0x00, 0x37,
0xD0, 0xB8, 0x00, 0x1E, 0x10, 0xB8, 0x00, 0x3C, 0xD0, 0xB8, 0x00, 0x1F,
0x10, 0xB8, 0x00, 0x3D, 0xD0, 0xB8, 0x00, 0x0C, 0x10, 0xB8, 0x00, 0x3F,
0xD0, 0xB8, 0x00, 0x01, 0x10, 0xB8, 0x00, 0x41, 0xD0, 0xB8, 0x00, 0x03,
0x10, 0xB8, 0x00, 0x42, 0xD0, 0xB8, 0x00, 0x02, 0x10, 0xB8, 0x00, 0x43,
0xD0, 0xB8, 0x00, 0x05, 0x10, 0xB8, 0x00, 0x44, 0xD0, 0xB8, 0x00, 0x04,
0x10, 0xB8, 0x00, 0x45, 0xD0, 0xB8, 0x00, 0x07, 0x10, 0xB8, 0x00, 0x46,
0xD0, 0xB8, 0x00, 0x06, 0x10, 0xB8, 0x00, 0x47, 0xD0, 0xB8, 0x00, 0x08,
0x10, 0xB8, 0x00, 0x48, 0xD0, 0xB8, 0x00, 0x09, 0x10, 0xB8, 0x00, 0x49,
0xD0, 0xB8, 0x00, 0x0A, 0x10, 0xB8, 0x00, 0x4B, 0xD0, 0xB8, 0x00, 0x0C,
0x10, 0xB8, 0x00, 0x4D, 0xD0, 0xB8, 0x00, 0x2D, 0x10, 0xB8, 0x00, 0x4E,
0xD0, 0xB8, 0x00, 0x4F, 0xD0, 0xB8, 0x00, 0x2B, 0x10, 0xB8, 0x00, 0x50,
0xD0, 0xB8, 0x00, 0x51, 0xD0, 0xB8, 0x00, 0x12, 0x10, 0xB8, 0x00, 0x52,
0xD0, 0xB8, 0x00, 0x13, 0x10, 0xB8, 0x00, 0x53, 0xD0, 0xB8, 0x00, 0x15,
0x10, 0xB8, 0x00, 0x54, 0xD0, 0xB8, 0x00, 0x14, 0x10, 0xB8, 0x00, 0x55,
0xD0, 0xB8, 0x00, 0x35, 0x10, 0xB8, 0x00, 0x56, 0xD0, 0xB8, 0x00, 0x57,
0xD0, 0xB8, 0x00, 0x23, 0x10, 0xB8, 0x00, 0x58, 0xD0, 0xB8, 0x00, 0x59,
0xD0, 0xB8, 0x00, 0x39, 0x10, 0xB8, 0x00, 0x5B, 0xD0, 0xB8, 0x00, 0x1D,
0x10, 0xB8, 0x00, 0x5C, 0xD0, 0xB8, 0x00, 0x1E, 0x10, 0xB8, 0x00, 0x5E,
0xD0, 0xB8, 0x00, 0x1F, 0x10, 0xB8, 0x00, 0x5F, 0xD0, 0xB8, 0x00, 0x03,
0x10, 0xB8, 0x00, 0x60, 0xD0, 0xB8, 0x00, 0x02, 0x10, 0xB8, 0x00, 0x61,
0xD0, 0xB8, 0x00, 0x59, 0x10, 0xB8, 0x00, 0x62, 0xD0, 0xB8, 0x00, 0x63,
0xD0, 0xB8, 0x00, 0x07, 0x10, 0xB8, 0x00, 0x64, 0xD0, 0xB8, 0x00, 0x06,
0x10, 0xB8, 0x00, 0x65, 0xD0, 0xB8, 0x00, 0x15, 0x10, 0xB8, 0x00, 0x66,
0xD0, 0xB8, 0x00, 0x14, 0x10, 0xB8, 0x00, 0x67, 0xD0, 0xB8, 0x00, 0x0A,
0x10, 0xB8, 0x00, 0x69, 0xD0, 0xB8, 0x00, 0x51, 0x10, 0xB8, 0x00, 0x6A,
0xD0, 0xB8, 0x00, 0x6B, 0xD0, 0xB8, 0x00, 0x4F, 0x10, 0xB8, 0x00, 0x6C,
0xD0, 0xB8, 0x00, 0x6D, 0xD0, 0xB8, 0x00, 0x08, 0x10, 0xB8, 0x00, 0x6E,
0xD0, 0xB8, 0x00, 0x09, 0x10, 0xB8, 0x00, 0x6F, 0xD0, 0xB8, 0x00, 0x12,
0x10, 0xB8, 0x00, 0x70, 0xD0, 0xB8, 0x00, 0x13, 0x10, 0xB8, 0x00, 0x71,
0xD0, 0xB8, 0x00, 0x05, 0x10, 0xB8, 0x00, 0x72, 0xD0, 0xB8, 0x00, 0x04,
0x10, 0xB8, 0x00, 0x73, 0xD0, 0xB8, 0x00, 0x57, 0x10, 0xB8, 0x00, 0x74,
0xD0, 0xB8, 0x00, 0x75, 0xD0, 0xB8, 0x00, 0x01, 0x10, 0xB8, 0x00, 0x77,
0xD0, 0xB8, 0x00, 0x39, 0x10, 0xB8, 0x00, 0x79, 0xD0, 0xB8, 0x00, 0x3A,
0x10, 0xB8, 0x00, 0x7A, 0xD0, 0xB8, 0x00, 0x1E, 0x10, 0xB8, 0x00, 0x7C,
0xD0, 0xB8, 0x00, 0x1F, 0x10, 0xB8, 0x00, 0x7D, 0xD0, 0xB8, 0x00, 0x0C,
0x10, 0xB8, 0x00, 0x7F, 0xD0, 0x30, 0x31, 0x29, 0x01, 0x11, 0x21, 0x11,
0x21, 0x11, 0x21, 0x11, 0x21, 0x11, 0x21, 0x11, 0x21, 0x11, 0x21, 0x11,
0x21, 0x11, 0x21, 0x11, 0x21, 0x11, 0x21, 0x11, 0x21, 0x11, 0x21, 0x11,
0x21, 0x11, 0x21, 0x01, 0x21, 0x11, 0x21, 0x11, 0x21, 0x11, 0x21, 0x11,
0x21, 0x11, 0x21, 0x11, 0x21, 0x11, 0x21, 0x11, 0x21, 0x11, 0x21, 0x11,
0x21, 0x11, 0x21, 0x11, 0x21, 0x11, 0x21, 0x11, 0x21, 0x11, 0x21, 0x01,
0x21, 0x11, 0x21, 0x11, 0x21, 0x11, 0x21, 0x11, 0x21, 0x11, 0x21, 0x11,
0x21, 0x11, 0x21, 0x11, 0x21, 0x11, 0x21, 0x11, 0x21, 0x11, 0x21, 0x11,
0x21, 0x11, 0x21, 0x11, 0x21, 0x11, 0x21, 0x01, 0x21, 0x11, 0x21, 0x11,
0x21, 0x11, 0x21, 0x11, 0x21, 0x11, 0x21, 0x11, 0x21, 0x11, 0x21, 0x11,
0x21, 0x11, 0x21, 0x11, 0x21, 0x11, 0x21, 0x11, 0x21, 0x11, 0x21, 0x11,
0x21, 0x11, 0x21, 0x07, 0x00, 0x01, 0x00, 0xFF, 0x00, 0x01, 0x00, 0xFF,
0x00, 0x01, 0x00, 0xFF, 0x00, 0x01, 0x00, 0xFF, 0x00, 0x01, 0x00, 0xFF,
0x00, 0x01, 0x00, 0xFF, 0x00, 0x01, 0x00, 0xFF, 0x00, 0x01, 0x00, 0xFF,
0x00, 0xFE, 0x00, 0x01, 0x00, 0xFF, 0x00, 0x01, 0x00, 0xFF, 0x00, 0x01,
0x00, 0xFF, 0x00, 0x01, 0x00, 0xFF, 0x00, 0x01, 0x00, 0xFF, 0x00, 0x01,
0x00, 0xFF, 0x00, 0x01, 0x00, 0xFF, 0x00, 0x01, 0x00, 0xFF, 0x00, 0xFE,
0x00, 0x01, 0x00, 0xFF, 0x00, 0x01, 0x00, 0xFF, 0x00, 0x01, 0x00, 0xFF,
0x00, 0x01, 0x00, 0xFF, 0x00, 0x01, 0x00, 0xFF, 0x00, 0x01, 0x00, 0xFF,
0x00, 0x01, 0x00, 0xFF, 0x00, 0x01, 0x00, 0xFF, 0x00, 0xFE, 0x00, 0x01,
0x00, 0xFF, 0x00, 0x01, 0x00, 0xFF, 0x00, 0x01, 0x00, 0xFF, 0x00, 0x01,
0x00, 0xFF, 0x00, 0x01, 0x00, 0xFF, 0x00, 0x01, 0x00, 0xFF, 0x00, 0x01,
0x00, 0xFF, 0x00, 0x01, 0x00, 0xFF, 0x00, 0xFF, 0x00, 0x05, 0x00, 0xFF,
0x00, 0x05, 0x00, 0xFF, 0x00, 0x03, 0x00, 0xFF, 0x00, 0xFD, 0x00, 0xFF,
0x00, 0xFD, 0x00, 0xFF, 0x00, 0xFD, 0x00, 0xFF, 0x00, 0x0F, 0x00, 0xFF,
0x00, 0xF4, 0x00, 0xFF, 0x00, 0x05, 0x00, 0xFF, 0x00, 0x05, 0x00, 0xFF,
0x00, 0x03, 0x00, 0xFF, 0x00, 0xFD, 0x00, 0xFF, 0x00, 0xFD, 0x00, 0xFF,
0x00, 0xFD, 0x00, 0xFF, 0x00, 0x0F, 0x00, 0xFF, 0x00, 0xF6, 0x00, 0xFF,
0x00, 0x05, 0x00, 0xFF, 0x00, 0x05, 0x00, 0xFF, 0x00, 0x03, 0x00, 0xFF,
0x00, 0xFD, 0x00, 0xFF, 0x00, 0xFD, 0x00, 0xFF, 0x00, 0xFD, 0x00, 0xFF,
0x00, 0x0F, 0x00, 0xFF, 0x00, 0xF4, 0x00, 0xFF, 0x00, 0x05, 0x00, 0xFF,
0x00, 0x05, 0x00, 0xFF, 0x00, 0x03, 0x00, 0xFF, 0x00, 0xFD, 0x00, 0xFF,
0x00, 0xFD, 0x00, 0xFF, 0x00, 0xFD, 0x00, 0xFF, 0x00, 0x0F, 0x00, 0xFF,
0x00, 0x00, 0x00, 0x00, 0x00, 0x40, 0x00, 0x00, 0xFC, 0x00, 0x08, 0x02,
0x0C, 0x00, 0x00, 0x04, 0x00, 0x09, 0x00, 0x0E, 0x00, 0x13, 0x00, 0x18,
0x00, 0x1D, 0x00, 0x22, 0x00, 0x27, 0x00, 0x2C, 0x00, 0x31, 0x00, 0x36,
0x00, 0x3B, 0x00, 0x40, 0x00, 0x45, 0x00, 0x4A, 0x00, 0x4F, 0x00, 0x54,
0x00, 0x59, 0x00, 0x5E, 0x00, 0x63, 0x00, 0x68, 0x00, 0x6D, 0x00, 0x72,
0x00, 0x77, 0x00, 0x7C, 0x00, 0x81, 0x00, 0x86, 0x00, 0x8B, 0x00, 0x90,
0x00, 0x95, 0x00, 0x9A, 0x00, 0x9F, 0x00, 0xA4, 0x00, 0xA9, 0x00, 0xAE,
0x00, 0xB3, 0x00, 0xB8, 0x00, 0xBD, 0x00, 0xC2, 0x00, 0xC7, 0x00, 0xCC,
0x00, 0xD1, 0x00, 0xD6, 0x00, 0xDB, 0x00, 0xE0, 0x00, 0xE5, 0x00, 0xEA,
0x00, 0xEF, 0x00, 0xF4, 0x00, 0xF9, 0x00, 0xFE, 0x01, 0x03, 0x01, 0x08,
0x01, 0x0D, 0x01, 0x12, 0x01, 0x17, 0x01, 0x1C, 0x01, 0x20, 0x01, 0x25,
0x01, 0x29, 0x01, 0x2E, 0x01, 0x32, 0x01, 0x37, 0x01, 0x3B, 0x0E, 0x93,
0xBA, 0x00, 0x27, 0x00, 0x1E, 0x00, 0x03, 0x2B, 0xB8, 0x00, 0x27, 0x10,
0xB8, 0x00, 0x25, 0xDC, 0xB8, 0x00, 0x15, 0xDC, 0xB8, 0x00, 0x1C, 0xDC,
0xB8, 0x00, 0x0B, 0xDC, 0xB8, 0x00, 0x12, 0xDC, 0xB8, 0x00, 0x00, 0xD0,
0xB8, 0x00, 0x00, 0x2F, 0xB8, 0x00, 0x12, 0x10, 0xB8, 0x00, 0x01, 0xDC,
0xB8, 0x00, 0x03, 0xD0, 0xB8, 0x00, 0x03, 0x2F, 0xB8, 0x00, 0x01, 0x10,
0xB8, 0x00, 0x05, 0xD0, 0xB8, 0x00, 0x05, 0x2F, 0xB8, 0x00, 0x01, 0x10,
0xB8, 0x00, 0x08, 0xDC, 0xB8, 0x00, 0x1C, 0x10, 0xB8, 0x00, 0x0A, 0xD0,
0xB8, 0x00, 0x0A, 0x2F, 0xB8, 0x00, 0x0B, 0x10, 0xB8, 0x00, 0x0D, 0xD0,
0xB8, 0x00, 0x0D, 0x2F, 0xB8, 0x00, 0x0B, 0x10, 0xB8, 0x00, 0x0F, 0xD0,
0xB8, 0x00, 0x0F, 0x2F, 0xB8, 0x00, 0x25, 0x10, 0xB8, 0x00, 0x14, 0xD0,
0xB8, 0x00, 0x14, 0x2F, 0xB8, 0x00, 0x15, 0x10, 0xB8, 0x00, 0x17, 0xD0,
0xB8, 0x00, 0x17, 0x2F, 0xB8, 0x00, 0x15, 0x10, 0xB8, 0x00, 0x19, 0xD0,
0xB8, 0x00, 0x19, 0x2F, 0xB8, 0x00, 0x27, 0x10, 0xB8, 0x00, 0x20, 0xD0,
0xB8, 0x00, 0x23, 0x10, 0xB8, 0x00, 0x21, 0xD0, 0xB8, 0x00, 0x12, 0x10,
0xB8, 0x00, 0x28, 0xD0, 0xB8, 0x00, 0x28, 0x2F, 0xB8, 0x00, 0x01, 0x10,
0xB8, 0x00, 0x2A, 0xD0, 0xB8, 0x00, 0x2A, 0x2F, 0xB8, 0x00, 0x01, 0x10,
0xB8, 0x00, 0x2D, 0xD0, 0xB8, 0x00, 0x2D, 0x2F, 0xB8, 0x00, 0x08, 0x10,
0xB8, 0x00, 0x2F, 0xD0, 0xB8, 0x00, 0x2F, 0x2F, 0xB8, 0x00, 0x1C, 0x10,
0xB8, 0x00, 0x32, 0xD0, 0xB8, 0x00, 0x32, 0x2F, 0xB8, 0x00, 0x0B, 0x10,
0xB8, 0x00, 0x34, 0xD0, 0xB8, 0x00, 0x34, 0x2F, 0xB8, 0x00, 0x0B, 0x10,
0xB8, 0x00, 0x37, 0xD0, 0xB8, 0x00, 0x37, 0x2F, 0xB8, 0x00, 0x12, 0x10,
0xB8, 0x00, 0x39, 0xD0, 0xB8, 0x00, 0x39, 0x2F, 0xB8, 0x00, 0x25, 0x10,
0xB8, 0x00, 0x3C, 0xD0, 0xB8, 0x00, 0x3C, 0x2F, 0xB8, 0x00, 0x15, 0x10,
0xB8, 0x00, 0x3E, 0xD0, 0xB8, 0x00, 0x3E, 0x2F, 0xB8, 0x00, 0x15, 0x10,
0xB8, 0x00, 0x41, 0xD0, 0xB8, 0x00, 0x41, 0x2F, 0xB8, 0x00, 0x1C, 0x10,
0xB8, 0x00, 0x43, 0xD0, 0xB8, 0x00, 0x43, 0x2F, 0xB8, 0x00, 0x1E, 0x10,
0xB8, 0x00, 0x46, 0xD0, 0xB8, 0x00, 0x27, 0x10, 0xB8, 0x00, 0x48, 0xD0,
0xB8, 0x00, 0x23, 0x10, 0xB8, 0x00, 0x49, 0xD0, 0xB8, 0x00, 0x27, 0x10,
0xB8, 0x00, 0x4B, 0xD0, 0xB8, 0x00, 0x25, 0x10, 0xB8, 0x00, 0x4D, 0xD0,
0xB8, 0x00, 0x23, 0x10, 0xB8, 0x00, 0x4F, 0xD0, 0xB8, 0x00, 0x12, 0x10,
0xB8, 0x00, 0x50, 0xD0, 0xB8, 0x00, 0x50, 0x2F, 0xB8, 0x00, 0x01, 0x10,
0xB8, 0x00, 0x52, 0xD0, 0xB8, 0x00, 0x52, 0x2F, 0xB8, 0x00, 0x01, 0x10,
0xB8, 0x00, 0x55, 0xD0, 0xB8, 0x00, 0x55, 0x2F, 0xB8, 0x00, 0x08, 0x10,
0xB8, 0x00, 0x57, 0xD0, 0xB8, 0x00, 0x57, 0x2F, 0xB8, 0x00, 0x1C, 0x10,
0xB8, 0x00, 0x5A, 0xD0, 0xB8, 0x00, 0x5A, 0x2F, 0xB8, 0x00, 0x0B, 0x10,
0xB8, 0x00, 0x5C, 0xD0, 0xB8, 0x00, 0x5C, 0x2F, 0xB8, 0x00, 0x0B, 0x10,
0xB8, 0x00, 0x5F, 0xD0, 0xB8, 0x00, 0x5F, 0x2F, 0xB8, 0x00, 0x12, 0x10,
0xB8, 0x00, 0x61, 0xD0, 0xB8, 0x00, 0x61, 0x2F, 0xB8, 0x00, 0x25, 0x10,
0xB8, 0x00, 0x64, 0xD0, 0xB8, 0x00, 0x64, 0x2F, 0xB8, 0x00, 0x15, 0x10,
0xB8, 0x00, 0x66, 0xD0, 0xB8, 0x00, 0x66, 0x2F, 0xB8, 0x00, 0x15, 0x10,
0xB8, 0x00, 0x69, 0xD0, 0xB8, 0x00, 0x69, 0x2F, 0xB8, 0x00, 0x1C, 0x10,
0xB8, 0x00, 0x6B, 0xD0, 0xB8, 0x00, 0x6B, 0x2F, 0xB8, 0x00, 0x1E, 0x10,
0xB8, 0x00, 0x6E, 0xD0, 0xB8, 0x00, 0x27, 0x10, 0xB8, 0x00, 0x70, 0xD0,
0xB8, 0x00, 0x23, 0x10, 0xB8, 0x00, 0x71, 0xD0, 0xB8, 0x00, 0x27, 0x10,
0xB8, 0x00, 0x73, 0xD0, 0xB8, 0x00, 0x25, 0x10, 0xB8, 0x00, 0x75, 0xD0,
0xB8, 0x00, 0x23, 0x10, 0xB8, 0x00, 0x77, 0xD0, 0xB8, 0x00, 0x12, 0x10,
0xB8, 0x00, 0x78, 0xD0, 0xB8, 0x00, 0x78, 0x2F, 0xB8, 0x00, 0x01, 0x10,
0xB8, 0x00, 0x7A, 0xD0, 0xB8, 0x00, 0x7A, 0x2F, 0xB8, 0x00, 0x01, 0x10,
0xB8, 0x00, 0x7D, 0xD0, 0xB8, 0x00, 0x7D, 0x2F, 0xB8, 0x00, 0x08, 0x10,
0xB8, 0x00, 0x7F, 0xD0, 0xB8, 0x00, 0x7F, 0x2F, 0xB8, 0x00, 0x1C, 0x10,
0xB8, 0x00, 0x82, 0xD0, 0xB8, 0x00, 0x82, 0x2F, 0xB8, 0x00, 0x0B, 0x10,
0xB8, 0x00, 0x84, 0xD0, 0xB8, 0x00, 0x84, 0x2F, 0xB8, 0x00, 0x0B, 0x10,
0xB8, 0x00, 0x87, 0xD0, 0xB8, 0x00, 0x87, 0x2F, 0xB8, 0x00, 0x12, 0x10,
0xB8, 0x00, 0x89, 0xD0, 0xB8, 0x00, 0x89, 0x2F, 0xB8, 0x00, 0x25, 0x10,
0xB8, 0x00, 0x8C, 0xD0, 0xB8, 0x00, 0x8C, 0x2F, 0xB8, 0x00, 0x15, 0x10,
0xB8, 0x00, 0x8E, 0xD0, 0xB8, 0x00, 0x8E, 0x2F, 0xB8, 0x00, 0x15, 0x10,
0xB8, 0x00, 0x91, 0xD0, 0xB8, 0x00, 0x91, 0x2F, 0xB8, 0x00, 0x1C, 0x10,
0xB8, 0x00, 0x93, 0xD0, 0xB8, 0x00, 0x93, 0x2F, 0xB8, 0x00, 0x1E, 0x10,
0xB8, 0x00, 0x96, 0xD0, 0xB8, 0x00, 0x27, 0x10, 0xB8, 0x00, 0x98, 0xD0,
0xB8, 0x00, 0x23, 0x10, 0xB8, 0x00, 0x99, 0xD0, 0xB8, 0x00, 0x27, 0x10,
0xB8, 0x00, 0x9B, 0xD0, 0xB8, 0x00, 0x25, 0x10, 0xB8, 0x00, 0x9D, 0xD0,
0xB8, 0x00, 0x23, 0x10, 0xB8, 0x00, 0x9F, 0xD0, 0xB8, 0x00, 0x12, 0x10,
0xB8, 0x00, 0xA0, 0xD0, 0xB8, 0x00, 0xA0, 0x2F, 0xB8, 0x00, 0x01, 0x10,
0xB8, 0x00, 0xA2, 0xD0, 0xB8, 0x00, 0xA2, 0x2F, 0xB8, 0x00, 0x01, 0x10,
0xB8, 0x00, 0xA5, 0xD0, 0xB8, 0x00, 0xA5, 0x2F, 0xB8, 0x00, 0x08, 0x10,
0xB8, 0x00, 0xA7, 0xD0, 0xB8, 0x00, 0xA7, 0x2F, 0xB8, 0x00, 0x1C, 0x10,
0xB8, 0x00, 0xAA, 0xD0, 0xB8, 0x00, 0xAA, 0x2F, 0xB8, 0x00, 0x0B, 0x10,
0xB8, 0x00, 0xAC, 0xD0, 0xB8, 0x00, 0xAC, 0x2F, 0xB8, 0x00, 0x0B, 0x10,
0xB8, 0x00, 0xAF, 0xD0, 0xB8, 0x00, 0xAF, 0x2F, 0xB8, 0x00, 0x12, 0x10,
0xB8, 0x00, 0xB1, 0xD0, 0xB8, 0x00, 0xB1, 0x2F, 0xB8, 0x00, 0x25, 0x10,
0xB8, 0x00, 0xB4, 0xD0, 0xB8, 0x00, 0xB4, 0x2F, 0xB8, 0x00, 0x15, 0x10,
0xB8, 0x00, 0xB6, 0xD0, 0xB8, 0x00, 0xB6, 0x2F, 0xB8, 0x00, 0x15, 0x10,
0xB8, 0x00, 0xB9, 0xD0, 0xB8, 0x00, 0xB9, 0x2F, 0xB8, 0x00, 0x1C, 0x10,
0xB8, 0x00, 0xBB, 0xD0, 0xB8, 0x00, 0xBB, 0x2F, 0xB8, 0x00, 0x1E, 0x10,
0xB8, 0x00, 0xBE, 0xD0, 0xB8, 0x00, 0x27, 0x10, 0xB8, 0x00, 0xC0, 0xD0,
0xB8, 0x00, 0x23, 0x10, 0xB8, 0x00, 0xC1, 0xD0, 0xB8, 0x00, 0x27, 0x10,
0xB8, 0x00, 0xC3, 0xD0, 0xB8, 0x00, 0x25, 0x10, 0xB8, 0x00, 0xC5, 0xD0,
0xB8, 0x00, 0x23, 0x10, 0xB8, 0x00, 0xC7, 0xD0, 0xB8, 0x00, 0x12, 0x10,
0xB8, 0x00, 0xC8, 0xD0, 0xB8, 0x00, 0xC8, 0x2F, 0xB8, 0x00, 0x01, 0x10,
0xB8, 0x00, 0xCA, 0xD0, 0xB8, 0x00, 0xCA, 0x2F, 0xB8, 0x00, 0x01, 0x10,
0xB8, 0x00, 0xCD, 0xD0, 0xB8, 0x00, 0xCD, 0x2F, 0xB8, 0x00, 0x08, 0x10,
0xB8, 0x00, 0xCF, 0xD0, 0xB8, 0x00, 0xCF, 0x2F, 0xB8, 0x00, 0x1C, 0x10,
0xB8, 0x00, 0xD2, 0xD0, 0xB8, 0x00, 0xD2, 0x2F, 0xB8, 0x00, 0x0B, 0x10,
0xB8, 0x00, 0xD4, 0xD0, 0xB8, 0x00, 0xD4, 0x2F, 0xB8, 0x00, 0x0B, 0x10,
0xB8, 0x00, 0xD7, 0xD0, 0xB8, 0x00, 0xD7, 0x2F, 0xB8, 0x00, 0x12, 0x10,
0xB8, 0x00, 0xD9, 0xD0, 0xB8, 0x00, 0xD9, 0x2F, 0xB8, 0x00, 0x25, 0x10,
0xB8, 0x00, 0xDC, 0xD0, 0xB8, 0x00, 0xDC, 0x2F, 0xB8, 0x00, 0x15, 0x10,
0xB8, 0x00, 0xDE, 0xD0, 0xB8, 0x00, 0xDE, 0x2F, 0xB8, 0x00, 0x15, 0x10,
0xB8, 0x00, 0xE1, 0xD0, 0xB8, 0x00, 0xE1, 0x2F, 0xB8, 0x00, 0x1C, 0x10,
0xB8, 0x00, 0xE3, 0xD0, 0xB8, 0x00, 0xE3, 0x2F, 0xB8, 0x00, 0x1E, 0x10,
0xB8, 0x00, 0xE6, 0xD0, 0xB8, 0x00, 0x27, 0x10, 0xB8, 0x00, 0xE8, 0xD0,
0xB8, 0x00, 0x23, 0x10, 0xB8, 0x00, 0xE9, 0xD0, 0xB8, 0x00, 0x27, 0x10,
0xB8, 0x00, 0xEB, 0xD0, 0xB8, 0x00, 0x25, 0x10, 0xB8, 0x00, 0xED, 0xD0,
0xB8, 0x00, 0x23, 0x10, 0xB8, 0x00, 0xEF, 0xD0, 0xB8, 0x00, 0x12, 0x10,
0xB8, 0x00, 0xF0, 0xD0, 0xB8, 0x00, 0xF0, 0x2F, 0xB8, 0x00, 0x01, 0x10,
0xB8, 0x00, 0xF2, 0xD0, 0xB8, 0x00, 0xF2, 0x2F, 0xB8, 0x00, 0x01, 0x10,
0xB8, 0x00, 0xF5, 0xD0, 0xB8, 0x00, 0xF5, 0x2F, 0xB8, 0x00, 0x08, 0x10,
0xB8, 0x00, 0xF7, 0xD0, 0xB8, 0x00, 0xF7, 0x2F, 0xB8, 0x00, 0x1C, 0x10,
0xB8, 0x00, 0xFA, 0xD0, 0xB8, 0x00, 0xFA, 0x2F, 0xB8, 0x00, 0x0B, 0x10,
0xB8, 0x00, 0xFC, 0xD0, 0xB8, 0x00, 0xFC, 0x2F, 0xB8, 0x00, 0x0B, 0x10,
0xB8, 0x00, 0xFF, 0xD0, 0xB8, 0x00, 0xFF, 0x2F, 0xB8, 0x00, 0x12, 0x10,
0xB8, 0x01, 0x01, 0xD0, 0xB8, 0x01, 0x01, 0x2F, 0xB8, 0x00, 0x25, 0x10,
0xB8, 0x01, 0x04, 0xD0, 0xB8, 0x01, 0x04, 0x2F, 0xB8, 0x00, 0x15, 0x10,
0xB8, 0x01, 0x06, 0xD0, 0xB8, 0x01, 0x06, 0x2F, 0xB8, 0x00, 0x15, 0x10,
0xB8, 0x01, 0x09, 0xD0, 0xB8, 0x01, 0x09, 0x2F, 0xB8, 0x00, 0x1C, 0x10,
0xB8, 0x01, 0x0B, 0xD0, 0xB8, 0x01, 0x0B, 0x2F, 0xB8, 0x00, 0x1E, 0x10,
0xB8, 0x01, 0x0E, 0xD0, 0xB8, 0x00, 0x27, 0x10, 0xB8, 0x01, 0x10, 0xD0,
0xB8, 0x00, 0x23, 0x10, 0xB8, 0x01, 0x11, 0xD0, 0xB8, 0x00, 0x27, 0x10,
0xB8, 0x01, 0x13, 0xD0, 0xB8, 0x00, 0x25, 0x10, 0xB8, 0x01, 0x15, 0xD0,
0xB8, 0x00, 0x23, 0x10, 0xB8, 0x01, 0x17, 0xD0, 0xB8, 0x00, 0x12, 0x10,
0xB8, 0x01, 0x18, 0xD0, 0xB8, 0x00, 0x01, 0x10, 0xB8, 0x01, 0x1A, 0xD0,
0xB8, 0x00, 0x01, 0x10, 0xB8, 0x01, 0x1D, 0xD0, 0xB8, 0x00, 0x08, 0x10,
0xB8, 0x01, 0x1E, 0xD0, 0xB8, 0x00, 0x1C, 0x10, 0xB8, 0x01, 0x21, 0xD0,
0xB8, 0x00, 0x0B, 0x10, 0xB8, 0x01, 0x23, 0xD0, 0xB8, 0x00, 0x0B, 0x10,
0xB8, 0x01, 0x26, 0xD0, 0xB8, 0x00, 0x12, 0x10, 0xB8, 0x01, 0x27, 0xD0,
0xB8, 0x00, 0x25, 0x10, 0xB8, 0x01, 0x2A, 0xD0, 0xB8, 0x00, 0x15, 0x10,
0xB8, 0x01, 0x2C, 0xD0, 0xB8, 0x00, 0x15, 0x10, 0xB8, 0x01, 0x2F, 0xD0,
0xB8, 0x00, 0x1C, 0x10, 0xB8, 0x01, 0x30, 0xD0, 0xB8, 0x00, 0x1E, 0x10,
0xB8, 0x01, 0x33, 0xD0, 0xB8, 0x00, 0x27, 0x10, 0xB8, 0x01, 0x35, 0xD0,
0xB8, 0x00, 0x23, 0x10, 0xB8, 0x01, 0x36, 0xD0, 0xB8, 0x00, 0x27, 0x10,
0xB8, 0x01, 0x38, 0xD0, 0xB8, 0x00, 0x25, 0x10, 0xB8, 0x01, 0x39, 0xD0,
0xB8, 0x00, 0x23, 0x10, 0xB8, 0x01, 0x3B, 0xD0, 0x00, 0xB8, 0x00, 0x00,
0x45, 0x58, 0xB8, 0x00, 0xF5, 0x2F, 0x1B, 0xB9, 0x00, 0xF5, 0x00, 0x07,
0x3E, 0x59, 0xB8, 0x00, 0x00, 0x45, 0x58, 0xB8, 0x00, 0xF7, 0x2F, 0x1B,
0xB9, 0x00, 0xF7, 0x00, 0x07, 0x3E, 0x59, 0xB8, 0x00, 0x00, 0x45, 0x58,
0xB8, 0x00, 0xFF, 0x2F, 0x1B, 0xB9, 0x00, 0xFF, 0x00, 0x07, 0x3E, 0x59,
0xB8, 0x00, 0x00, 0x45, 0x58, 0xB8, 0x01, 0x01, 0x2F, 0x1B, 0xB9, 0x01,
0x01, 0x00, 0x07, 0x3E, 0x59, 0xB8, 0x00, 0x00, 0x45, 0x58, 0xB8, 0x01,
0x09, 0x2F, 0x1B, 0xB9, 0x01, 0x09, 0x00, 0x07, 0x3E, 0x59, 0xB8, 0x00,
0x00, 0x45, 0x58, 0xB8, 0x01, 0x0B, 0x2F, 0x1B, 0xB9, 0x01, 0x0B, 0x00,
0x07, 0x3E, 0x59, 0xB8, 0x00, 0x00, 0x45, 0x58, 0xB8, 0x01, 0x13, 0x2F,
0x1B, 0xB9, 0x01, 0x13, 0x00, 0x07, 0x3E, 0x59, 0xB8, 0x00, 0x00, 0x45,
0x58, 0xB8, 0x01, 0x15, 0x2F, 0x1B, 0xB9, 0x01, 0x15, 0x00, 0x07, 0x3E,
0x59, 0xB8, 0x00, 0x00, 0x45, 0x58, 0xB8, 0x01, 0x1B, 0x2F, 0x1B, 0xB9,
0x01, 0x1B, 0x00, 0x07, 0x3E, 0x59, 0xB8, 0x00, 0x00, 0x45, 0x58, 0xB8,
0x01, 0x24, 0x2F, 0x1B, 0xB9, 0x01, 0x24, 0x00, 0x07, 0x3E, 0x59, 0xB8,
0x00, 0x00, 0x45, 0x58, 0xB8, 0x01, 0x2D, 0x2F, 0x1B, 0xB9, 0x01, 0x2D,
0x00, 0x07, 0x3E, 0x59, 0xB8, 0x00, 0x00, 0x45, 0x58, 0xB8, 0x01, 0x36,
0x2F, 0x1B, 0xB9, 0x01, 0x36, 0x00, 0x07, 0x3E, 0x59, 0xB8, 0x00, 0x00,
0x45, 0x58, 0xB8, 0x00, 0xC8, 0x2F, 0x1B, 0xB9, 0x00, 0xC8, 0x00, 0x05,
0x3E, 0x59, 0xB8, 0x00, 0x00, 0x45, 0x58, 0xB8, 0x00, 0xCA, 0x2F, 0x1B,
0xB9, 0x00, 0xCA, 0x00, 0x05, 0x3E, 0x59, 0xB8, 0x00, 0x00, 0x45, 0x58,
0xB8, 0x00, 0xD0, 0x2F, 0x1B, 0xB9, 0x00, 0xD0, 0x00, 0x05, 0x3E, 0x59,
0xB8, 0x00, 0x00, 0x45, 0x58, 0xB8, 0x00, 0xD2, 0x2F, 0x1B, 0xB9, 0x00,
0xD2, 0x00, 0x05, 0x3E, 0x59, 0xB8, 0x00, 0x00, 0x45, 0x58, 0xB8, 0x00,
0xD4, 0x2F, 0x1B, 0xB9, 0x00, 0xD4, 0x00, 0x05, 0x3E, 0x59, 0xB8, 0x00,
0x00, 0x45, 0x58, 0xB8, 0x00, 0xDA, 0x2F, 0x1B, 0xB9, 0x00, 0xDA, 0x00,
0x05, 0x3E, 0x59, 0xB8, 0x00, 0x00, 0x45, 0x58, 0xB8, 0x00, 0xDC, 0x2F,
0x1B, 0xB9, 0x00, 0xDC, 0x00, 0x05, 0x3E, 0x59, 0xB8, 0x00, 0x00, 0x45,
0x58, 0xB8, 0x00, 0xDE, 0x2F, 0x1B, 0xB9, 0x00, 0xDE, 0x00, 0x05, 0x3E,
0x59, 0xB8, 0x00, 0x00, 0x45, 0x58, 0xB8, 0x00, 0xE4, 0x2F, 0x1B, 0xB9,
0x00, 0xE4, 0x00, 0x05, 0x3E, 0x59, 0xB8, 0x00, 0x00, 0x45, 0x58, 0xB8,
0x00, 0xE6, 0x2F, 0x1B, 0xB9, 0x00, 0xE6, 0x00, 0x05, 0x3E, 0x59, 0xB8,
0x00, 0x00, 0x45, 0x58, 0xB8, 0x00, 0xE8, 0x2F, 0x1B, 0xB9, 0x00, 0xE8,
0x00, 0x05, 0x3E, 0x59, 0xB8, 0x00, 0x00, 0x45, 0x58, 0xB8, 0x00, 0xEE,
0x2F, 0x1B, 0xB9, 0x00, 0xEE, 0x00, 0x05, 0x3E, 0x59, 0xB8, 0x00, 0x00,
0x45, 0x58, 0xB8, 0x00, 0x00, 0x2F, 0x1B, 0xB9, 0x00, 0x00, 0x00, 0x03,
0x3E, 0x59, 0xB8, 0x00, 0x00, 0x45, 0x58, 0xB8, 0x00, 0x02, 0x2F, 0x1B,
0xB9, 0x00, 0x02, 0x00, 0x03, 0x3E, 0x59, 0xB8, 0x00, 0x00, 0x45, 0x58,
0xB8, 0x00, 0x08, 0x2F, 0x1B, 0xB9, 0x00, 0x08, 0x00, 0x03, 0x3E, 0x59,
0xB8, 0x00, 0x00, 0x45, 0x58, 0xB8, 0x00, 0x0A, 0x2F, 0x1B, 0xB9, 0x00,
0x0A, 0x00, 0x03, 0x3E, 0x59, 0xB8, 0x00, 0x00, 0x45, 0x58, 0xB8, 0x00,
0x0C, 0x2F, 0x1B, 0xB9, 0x00, 0x0C, 0x00, 0x03, 0x3E, 0x59, 0xB8, 0x00,
0x00, 0x45, 0x58, 0xB8, 0x00, 0x12, 0x2F, 0x1B, 0xB9, 0x00, 0x12, 0x00,
0x03, 0x3E, 0x59, 0xB8, 0x00, 0x00, 0x45, 0x58, 0xB8, 0x00, 0x14, 0x2F,
0x1B, 0xB9, 0x00, 0x14, 0x00, 0x03, 0x3E, 0x59, 0xB8, 0x00, 0x00, 0x45,
0x58, 0xB8, 0x00, 0x16, 0x2F, 0x1B, 0xB9, 0x00, 0x16, 0x00, 0x03, 0x3E,
0x59, 0xB8, 0x00, 0x00, 0x45, 0x58, 0xB8, 0x00, 0x1C, 0x2F, 0x1B, 0xB9,
0x00, 0x1C, 0x00, 0x03, 0x3E, 0x59, 0xB8, 0x00, 0x00, 0x45, 0x58, 0xB8,
0x00, 0x1E, 0x2F, 0x1B, 0xB9, 0x00, 0x1E, 0x00, 0x03, 0x3E, 0x59, 0xB8,
0x00, 0x00, 0x45, 0x58, 0xB8, 0x00, 0x20, 0x2F, 0x1B, 0xB9, 0x00, 0x20,
0x00, 0x03, 0x3E, 0x59, 0xB8, 0x00, 0x00, 0x45, 0x58, 0xB8, 0x00, 0x26,
0x2F, 0x1B, 0xB9, 0x00, 0x26, 0x00, 0x03, 0x3E, 0x59, 0xB8, 0x00, 0x00,
0x45, 0x58, 0xB8, 0x00, 0x2D, 0x2F, 0x1B, 0xB9, 0x00, 0x2D, 0x00, 0x01,
0x3E, 0x59, 0xB8, 0x00, 0x00, 0x45, 0x58, 0xB8, 0x00, 0x2F, 0x2F, 0x1B,
0xB9, 0x00, 0x2F, 0x00, 0x01, 0x3E, 0x59, 0xB8, 0x00, 0x00, 0x45, 0x58,
0xB8, 0x00, 0x37, 0x2F, 0x1B, 0xB9, 0x00, 0x37, 0x00, 0x01, 0x3E, 0x59,
0xB8, 0x00, 0x00, 0x45, 0x58, 0xB8, 0x00, 0x39, 0x2F, 0x1B, 0xB9, 0x00,
0x39, 0x00, 0x01, 0x3E, 0x59, 0xB8, 0x00, 0x00, 0x45, 0x58, 0xB8, 0x00,
0x41, 0x2F, 0x1B, 0xB9, 0x00, 0x41, 0x00, 0x01, 0x3E, 0x59, 0xB8, 0x00,
0x00, 0x45, 0x58, 0xB8, 0x00, 0x43, 0x2F, 0x1B, 0xB9, 0x00, 0x43, 0x00,
0x01, 0x3E, 0x59, 0xB8, 0x00, 0x00, 0x45, 0x58, 0xB8, 0x00, 0x4B, 0x2F,
0x1B, 0xB9, 0x00, 0x4B, 0x00, 0x01, 0x3E, 0x59, 0xB8, 0x00, 0x00, 0x45,
0x58, 0xB8, 0x00, 0x4D, 0x2F, 0x1B, 0xB9, 0x00, 0x4D, 0x00, 0x01, 0x3E,
0x59, 0xB8, 0x00, 0x00, 0x45, 0x58, 0xB8, 0x00, 0x53, 0x2F, 0x1B, 0xB9,
0x00, 0x53, 0x00, 0x01, 0x3E, 0x59, 0xB8, 0x00, 0x00, 0x45, 0x58, 0xB8,
0x00, 0x5D, 0x2F, 0x1B, 0xB9, 0x00, 0x5D, 0x00, 0x01, 0x3E, 0x59, 0xB8,
0x00, 0x00, 0x45, 0x58, 0xB8, 0x00, 0x67, 0x2F, 0x1B, 0xB9, 0x00, 0x67,
0x00, 0x01, 0x3E, 0x59, 0xB8, 0x00, 0x00, 0x45, 0x58, 0xB8, 0x00, 0x71,
0x2F, 0x1B, 0xB9, 0x00, 0x71, 0x00, 0x01, 0x3E, 0x59, 0xBA, 0x00, 0x09,
0x00, 0x03, 0x00, 0x03, 0x2B, 0xBA, 0x01, 0x27, 0x01, 0x18, 0x00, 0x03,
0x2B, 0xB8, 0x00, 0x09, 0x10, 0xB8, 0x00, 0x01, 0xD0, 0xB8, 0x00, 0x02,
0x10, 0xB8, 0x00, 0x05, 0xDC, 0xB8, 0x00, 0x06, 0xD0, 0xB8, 0x00, 0x09,
0x10, 0xB8, 0x00, 0x0B, 0xD0, 0xB8, 0x00, 0x03, 0x10, 0xB8, 0x00, 0x0D,
0xD0, 0xB8, 0x00, 0x06, 0x10, 0xB8, 0x00, 0x0F, 0xD0, 0xB8, 0x00, 0x10,
0xD0, 0xB8, 0x00, 0x09, 0x10, 0xB8, 0x00, 0x13, 0xD0, 0xB8, 0x00, 0x09,
0x10, 0xB8, 0x00, 0x15, 0xD0, 0xB8, 0x00, 0x03, 0x10, 0xB8, 0x00, 0x17,
0xD0, 0xB8, 0x00, 0x10, 0x10, 0xB8, 0x00, 0x19, 0xD0, 0xB8, 0x00, 0x1A,
0xD0, 0xB8, 0x00, 0x09, 0x10, 0xB8, 0x00, 0x1D, 0xD0, 0xB8, 0x00, 0x09,
0x10, 0xB8, 0x00, 0x1F, 0xD0, 0xB8, 0x00, 0x03, 0x10, 0xB8, 0x00, 0x21,
0xD0, 0xB8, 0x00, 0x1A, 0x10, 0xB8, 0x00, 0x23, 0xD0, 0xB8, 0x00, 0x24,
0xD0, 0xB8, 0x00, 0x09, 0x10, 0xB8, 0x00, 0x27, 0xD0, 0xB8, 0x00, 0x05,
0x10, 0xB8, 0x00, 0x31, 0xDC, 0xB8, 0x00, 0x28, 0xD0, 0xB8, 0x00, 0x24,
0x10, 0xB8, 0x00, 0x2B, 0xD0, 0xB8, 0x00, 0x2C, 0xD0, 0xB8, 0x00, 0x28,
0x10, 0xB8, 0x00, 0x54, 0xDC, 0xB8, 0x00, 0x2E, 0xD0, 0xB8, 0x00, 0x28,
0x10, 0xB8, 0x00, 0x30, 0xD0, 0xB8, 0x00, 0x31, 0x10, 0xB8, 0x00, 0x32,
0xD0, 0xB8, 0x00, 0x28, 0x10, 0xB8, 0x00, 0x33, 0xD0, 0xB8, 0x00, 0x2C,
0x10, 0xB8, 0x00, 0x35, 0xD0, 0xB8, 0x00, 0x36, 0xD0, 0xB8, 0x00, 0x54,
0x10, 0xB8, 0x00, 0x38, 0xD0, 0xB8, 0x00, 0x31, 0x10, 0xB8, 0x00, 0x3A,
0xD0, 0xB8, 0x00, 0x28, 0x10, 0xB8, 0x00, 0x3B, 0xD0, 0xB8, 0x00, 0x31,
0x10, 0xB8, 0x00, 0x3C, 0xD0, 0xB8, 0x00, 0x28, 0x10, 0xB8, 0x00, 0x3D,
0xD0, 0xB8, 0x00, 0x36, 0x10, 0xB8, 0x00, 0x3F, 0xD0, 0xB8, 0x00, 0x40,
0xD0, 0xB8, 0x00, 0x54, 0x10, 0xB8, 0x00, 0x42, 0xD0, 0xB8, 0x00, 0x31,
0x10, 0xB8, 0x00, 0x44, 0xD0, 0xB8, 0x00, 0x28, 0x10, 0xB8, 0x00, 0x45,
0xD0, 0xB8, 0x00, 0x31, 0x10, 0xB8, 0x00, 0x46, 0xD0, 0xB8, 0x00, 0x28,
0x10, 0xB8, 0x00, 0x47, 0xD0, 0xB8, 0x00, 0x40, 0x10, 0xB8, 0x00, 0x49,
0xD0, 0xB8, 0x00, 0x4A, 0xD0, 0xB8, 0x00, 0x54, 0x10, 0xB8, 0x00, 0x4C,
0xD0, 0xB8, 0x00, 0x31, 0x10, 0xB8, 0x00, 0x4E, 0xD0, 0xB8, 0x00, 0x28,
0x10, 0xB8, 0x00, 0x4F, 0xD0, 0xB8, 0x00, 0x39, 0x10, 0xB8, 0x00, 0x50,
0xDC, 0xB8, 0x00, 0x51, 0xD0, 0xB8, 0x00, 0x50, 0x10, 0xB8, 0x00, 0x7C,
0xDC, 0xB8, 0x00, 0x55, 0xD0, 0xB8, 0x00, 0x51, 0x10, 0xB8, 0x00, 0x58,
0xD0, 0xB8, 0x00, 0x59, 0xD0, 0xB8, 0x00, 0x5A, 0xD0, 0xB8, 0x00, 0x5B,
0xD0, 0xB8, 0x00, 0x54, 0x10, 0xB8, 0x00, 0x5E, 0xD0, 0xB8, 0x00, 0x7C,
0x10, 0xB8, 0x00, 0x5F, 0xD0, 0xB8, 0x00, 0x55, 0x10, 0xB8, 0x00, 0x60,
0xD0, 0xB8, 0x00, 0x5B, 0x10, 0xB8, 0x00, 0x62, 0xD0, 0xB8, 0x00, 0x63,
0xD0, 0xB8, 0x00, 0x64, 0xD0, 0xB8, 0x00, 0x65, 0xD0, 0xB8, 0x00, 0x54,
0x10, 0xB8, 0x00, 0x68, 0xD0, 0xB8, 0x00, 0x7C, 0x10, 0xB8, 0x00, 0x69,
0xD0, 0xB8, 0x00, 0x55, 0x10, 0xB8, 0x00, 0x6A, 0xD0, 0xB8, 0x00, 0x65,
0x10, 0xB8, 0x00, 0x6C, 0xD0, 0xB8, 0x00, 0x6D, 0xD0, 0xB8, 0x00, 0x6E,
0xD0, 0xB8, 0x00, 0x6F, 0xD0, 0xB8, 0x00, 0x54, 0x10, 0xB8, 0x00, 0x72,
0xD0, 0xB8, 0x00, 0x7C, 0x10, 0xB8, 0x00, 0x73, 0xD0, 0xB8, 0x00, 0x55,
0x10, 0xB8, 0x00, 0x74, 0xD0, 0xB8, 0x00, 0x6F, 0x10, 0xB8, 0x00, 0x76,
0xD0, 0xB8, 0x00, 0x77, 0xD0, 0xB8, 0x00, 0x55, 0x10, 0xB8, 0x00, 0x81,
0xDC, 0xB8, 0x00, 0x78, 0xD0, 0xB8, 0x00, 0x55, 0x10, 0xB8, 0x00, 0x7B,
0xD0, 0xB8, 0x00, 0x78, 0x10, 0xB8, 0x00, 0xA4, 0xDC, 0xB8, 0x00, 0x7D,
0xD0, 0xB8, 0x00, 0x78, 0x10, 0xB8, 0x00, 0x80, 0xD0, 0xB8, 0x00, 0x81,
0x10, 0xB8, 0x00, 0x82, 0xD0, 0xB8, 0x00, 0x78, 0x10, 0xB8, 0x00, 0x83,
0xD0, 0xB8, 0x00, 0x7C, 0x10, 0xB8, 0x00, 0x85, 0xD0, 0xB8, 0x00, 0x55,
0x10, 0xB8, 0x00, 0x86, 0xD0, 0xB8, 0x00, 0xA4, 0x10, 0xB8, 0x00, 0x87,
0xD0, 0xB8, 0x00, 0x7D, 0x10, 0xB8, 0x00, 0x88, 0xD0, 0xB8, 0x00, 0x81,
0x10, 0xB8, 0x00, 0x8A, 0xD0, 0xB8, 0x00, 0x78, 0x10, 0xB8, 0x00, 0x8B,
0xD0, 0xB8, 0x00, 0x81, 0x10, 0xB8, 0x00, 0x8C, 0xD0, 0xB8, 0x00, 0x78,
0x10, 0xB8, 0x00, 0x8D, 0xD0, 0xB8, 0x00, 0x7C, 0x10, 0xB8, 0x00, 0x8F,
0xD0, 0xB8, 0x00, 0x55, 0x10, 0xB8, 0x00, 0x90, 0xD0, 0xB8, 0x00, 0xA4,
0x10, 0xB8, 0x00, 0x91, 0xD0, 0xB8, 0x00, 0x7D, 0x10, 0xB8, 0x00, 0x92,
0xD0, 0xB8, 0x00, 0x81, 0x10, 0xB8, 0x00, 0x94, 0xD0, 0xB8, 0x00, 0x78,
0x10, 0xB8, 0x00, 0x95, 0xD0, 0xB8, 0x00, 0x81, 0x10, 0xB8, 0x00, 0x96,
0xD0, 0xB8, 0x00, 0x78, 0x10, 0xB8, 0x00, 0x97, 0xD0, 0xB8, 0x00, 0x7C,
0x10, 0xB8, 0x00, 0x99, 0xD0, 0xB8, 0x00, 0x55, 0x10, 0xB8, 0x00, 0x9A,
0xD0, 0xB8, 0x00, 0xA4, 0x10, 0xB8, 0x00, 0x9B, 0xD0, 0xB8, 0x00, 0x7D,
0x10, 0xB8, 0x00, 0x9C, 0xD0, 0xB8, 0x00, 0x81, 0x10, 0xB8, 0x00, 0x9E,
0xD0, 0xB8, 0x00, 0x78, 0x10, 0xB8, 0x00, 0x9F, 0xD0, 0xB8, 0x00, 0xCA,
0x10, 0xB8, 0x00, 0xA5, 0xDC, 0xB8, 0x00, 0xA6, 0xD0, 0xB8, 0x00, 0xAF,
0xD0, 0xB8, 0x00, 0xB0, 0xD0, 0xB8, 0x00, 0xB9, 0xD0, 0xB8, 0x00, 0xBA,
0xD0, 0xB8, 0x00, 0xC3, 0xD0, 0xB8, 0x00, 0xC4, 0xD0, 0xB8, 0x00, 0xCB,
0xD0, 0xB8, 0x00, 0xCC, 0xD0, 0xB8, 0x00, 0xA0, 0xDC, 0xB8, 0x00, 0x7D,
0x10, 0xB8, 0x00, 0xA9, 0xDC, 0xB8, 0x00, 0xA1, 0xD0, 0xB8, 0x00, 0x7D,
0x10, 0xB8, 0x00, 0xA3, 0xD0, 0xB8, 0x00, 0xA0, 0x10, 0xB8, 0x00, 0xA8,
0xD0, 0xB8, 0x00, 0xA0, 0x10, 0xB8, 0x00, 0xAA, 0xD0, 0xB8, 0x00, 0xA9,
0x10, 0xB8, 0x00, 0xAB, 0xD0, 0xB8, 0x00, 0xA4, 0x10, 0xB8, 0x00, 0xAD,
0xD0, 0xB8, 0x00, 0x7D, 0x10, 0xB8, 0x00, 0xAE, 0xD0, 0xB8, 0x00, 0xA0,
0x10, 0xB8, 0x00, 0xB2, 0xD0, 0xB8, 0x00, 0xA9, 0x10, 0xB8, 0x00, 0xB3,
0xD0, 0xB8, 0x00, 0xA0, 0x10, 0xB8, 0x00, 0xB4, 0xD0, 0xB8, 0x00, 0xA9,
0x10, 0xB8, 0x00, 0xB5, 0xD0, 0xB8, 0x00, 0xA4, 0x10, 0xB8, 0x00, 0xB7,
0xD0, 0xB8, 0x00, 0x7D, 0x10, 0xB8, 0x00, 0xB8, 0xD0, 0xB8, 0x00, 0xA0,
0x10, 0xB8, 0x00, 0xBC, 0xD0, 0xB8, 0x00, 0xA9, 0x10, 0xB8, 0x00, 0xBD,
0xD0, 0xB8, 0x00, 0xA0, 0x10, 0xB8, 0x00, 0xBE, 0xD0, 0xB8, 0x00, 0xA9,
0x10, 0xB8, 0x00, 0xBF, 0xD0, 0xB8, 0x00, 0xA4, 0x10, 0xB8, 0x00, 0xC1,
0xD0, 0xB8, 0x00, 0x7D, 0x10, 0xB8, 0x00, 0xC2, 0xD0, 0xB8, 0x00, 0xA0,
0x10, 0xB8, 0x00, 0xC6, 0xD0, 0xB8, 0x00, 0xA9, 0x10, 0xB8, 0x00, 0xC7,
0xD0, 0xB8, 0x01, 0x01, 0x10, 0xB8, 0x00, 0xF0, 0xDC, 0xB8, 0x00, 0xF1,
0xD0, 0xB8, 0x00, 0xF8, 0xD0, 0xB8, 0x00, 0xF9, 0xD0, 0xB8, 0x00, 0xCD,
0xDC, 0xB8, 0x00, 0xC8, 0x10, 0xB8, 0x00, 0xF4, 0xDC, 0xB8, 0x00, 0xCE,
0xD0, 0xB8, 0x00, 0xC8, 0x10, 0xB8, 0x00, 0xD1, 0xD0, 0xB8, 0x00, 0xC8,
0x10, 0xB8, 0x00, 0xD3, 0xD0, 0xB8, 0x00, 0xCC, 0x10, 0xB8, 0x00, 0xD5,
0xD0, 0xB8, 0x00, 0xD6, 0xD0, 0xB8, 0x00, 0xCD, 0x10, 0xB8, 0x00, 0xD7,
0xD0, 0xB8, 0x00, 0xF4, 0x10, 0xB8, 0x00, 0xD8, 0xD0, 0xB8, 0x00, 0xC8,
0x10, 0xB8, 0x00, 0xDB, 0xD0, 0xB8, 0x00, 0xC8, 0x10, 0xB8, 0x00, 0xDD,
0xD0, 0xB8, 0x00, 0xD6, 0x10, 0xB8, 0x00, 0xDF, 0xD0, 0xB8, 0x00, 0xE0,
0xD0, 0xB8, 0x00, 0xCD, 0x10, 0xB8, 0x00, 0xE1, 0xD0, 0xB8, 0x00, 0xF4,
0x10, 0xB8, 0x00, 0xE2, 0xD0, 0xB8, 0x00, 0xC8, 0x10, 0xB8, 0x00, 0xE5,
0xD0, 0xB8, 0x00, 0xC8, 0x10, 0xB8, 0x00, 0xE7, 0xD0, 0xB8, 0x00, 0xE0,
0x10, 0xB8, 0x00, 0xE9, 0xD0, 0xB8, 0x00, 0xEA, 0xD0, 0xB8, 0x00, 0xCD,
0x10, 0xB8, 0x00, 0xEB, 0xD0, 0xB8, 0x00, 0xF4, 0x10, 0xB8, 0x00, 0xEC,
0xD0, 0xB8, 0x00, 0xC8, 0x10, 0xB8, 0x00, 0xEF, 0xD0, 0xB8, 0x00, 0xCD,
0x10, 0xB8, 0x00, 0xF3, 0xD0, 0xB8, 0x01, 0x1B, 0x10, 0xB8, 0x00, 0xF6,
0xD0, 0xB8, 0x00, 0xF9, 0x10, 0xB8, 0x00, 0xFA, 0xD0, 0xB8, 0x00, 0xFB,
0xD0, 0xB8, 0x00, 0xCD, 0x10, 0xB8, 0x00, 0xFD, 0xD0, 0xB8, 0x00, 0xF4,
0x10, 0xB8, 0x00, 0xFE, 0xD0, 0xB8, 0x01, 0x1B, 0x10, 0xB8, 0x01, 0x00,
0xD0, 0xB8, 0x00, 0xFB, 0x10, 0xB8, 0x01, 0x02, 0xD0, 0xB8, 0x01, 0x03,
0xD0, 0xB8, 0x01, 0x04, 0xD0, 0xB8, 0x01, 0x05, 0xD0, 0xB8, 0x00, 0xCD,
0x10, 0xB8, 0x01, 0x07, 0xD0, 0xB8, 0x00, 0xF4, 0x10, 0xB8, 0x01, 0x08,
0xD0, 0xB8, 0x01, 0x1B, 0x10, 0xB8, 0x01, 0x0A, 0xD0, 0xB8, 0x01, 0x05,
0x10, 0xB8, 0x01, 0x0C, 0xD0, 0xB8, 0x01, 0x0D, 0xD0, 0xB8, 0x01, 0x0E,
0xD0, 0xB8, 0x01, 0x0F, 0xD0, 0xB8, 0x00, 0xCD, 0x10, 0xB8, 0x01, 0x11,
0xD0, 0xB8, 0x00, 0xF4, 0x10, 0xB8, 0x01, 0x12, 0xD0, 0xB8, 0x01, 0x1B,
0x10, 0xB8, 0x01, 0x14, 0xD0, 0xB8, 0x01, 0x0F, 0x10, 0xB8, 0x01, 0x16,
0xD0, 0xB8, 0x01, 0x17, 0xD0, 0xB8, 0x01, 0x27, 0x10, 0xB8, 0x01, 0x1D,
0xD0, 0xB8, 0x01, 0x18, 0x10, 0xB8, 0x01, 0x1F, 0xD0, 0xB8, 0x01, 0x1B,
0x10, 0xB8, 0x01, 0x20, 0xDC, 0xB8, 0x01, 0x18, 0x10, 0xB8, 0x01, 0x21,
0xD0, 0xB8, 0x01, 0x20, 0x10, 0xB8, 0x01, 0x22, 0xD0, 0xB8, 0x01, 0x1B,
0x10, 0xB8, 0x01, 0x25, 0xD0, 0xB8, 0x01, 0x20, 0x10, 0xB8, 0x01, 0x28,
0xD0, 0xB8, 0x01, 0x18, 0x10, 0xB8, 0x01, 0x29, 0xD0, 0xB8, 0x01, 0x18,
0x10, 0xB8, 0x01, 0x2A, 0xD0, 0xB8, 0x01, 0x20, 0x10, 0xB8, 0x01, 0x2B,
0xD0, 0xB8, 0x01, 0x1B, 0x10, 0xB8, 0x01, 0x2E, 0xD0, 0xB8, 0x01, 0x27,
0x10, 0xB8, 0x01, 0x2F, 0xD0, 0xB8, 0x01, 0x18, 0x10, 0xB8, 0x01, 0x31,
0xD0, 0xB8, 0x01, 0x20, 0x10, 0xB8, 0x01, 0x32, 0xD0, 0xB8, 0x01, 0x18,
0x10, 0xB8, 0x01, 0x33, 0xD0, 0xB8, 0x01, 0x20, 0x10, 0xB8, 0x01, 0x34,
0xD0, 0xB8, 0x01, 0x1B, 0x10, 0xB8, 0x01, 0x37, 0xD0, 0xB8, 0x01, 0x27,
0x10, 0xB8, 0x01, 0x38, 0xD0, 0xB8, 0x01, 0x18, 0x10, 0xB8, 0x01, 0x3A,
0xD0, 0xB8, 0x01, 0x20, 0x10, 0xB8, 0x01, 0x3B, 0xD0, 0x30, 0x31, 0x01,
0x33, 0x17, 0x15, 0x21, 0x01, 0x33, 0x17, 0x07, 0x23, 0x21, 0x33, 0x17,
0x15, 0x21, 0x01, 0x33, 0x17, 0x07, 0x23, 0x21, 0x33, 0x17, 0x15, 0x21,
0x01, 0x33, 0x17, 0x07, 0x23, 0x21, 0x33, 0x17, 0x15, 0x21, 0x01, 0x33,
0x17, 0x07, 0x23, 0x01, 0x33, 0x17, 0x15, 0x21, 0x01, 0x33, 0x17, 0x07,
0x23, 0x21, 0x33, 0x17, 0x15, 0x21, 0x01, 0x33, 0x17, 0x07, 0x23, 0x21,
0x33, 0x17, 0x15, 0x21, 0x01, 0x33, 0x17, 0x07, 0x23, 0x21, 0x33, 0x17,
0x15, 0x21, 0x01, 0x33, 0x17, 0x07, 0x23, 0x01, 0x33, 0x17, 0x15, 0x21,
0x01, 0x33, 0x17, 0x07, 0x23, 0x21, 0x33, 0x17, 0x15, 0x21, 0x01, 0x33,
0x17, 0x07, 0x23, 0x21, 0x33, 0x17, 0x15, 0x21, 0x01, 0x33, 0x17, 0x07,
0x23, 0x21, 0x33, 0x17, 0x15, 0x21, 0x01, 0x33, 0x17, 0x07, 0x23, 0x01,
0x33, 0x17, 0x15, 0x21, 0x01, 0x33, 0x17, 0x07, 0x23, 0x21, 0x33, 0x17,
0x15, 0x21, 0x01, 0x33, 0x17, 0x07, 0x23, 0x21, 0x33, 0x17, 0x15, 0x21,
0x01, 0x33, 0x17, 0x07, 0x23, 0x21, 0x33, 0x17, 0x15, 0x21, 0x01, 0x33,
0x17, 0x07, 0x23, 0x01, 0x33, 0x17, 0x15, 0x21, 0x01, 0x33, 0x17, 0x07,
0x23, 0x21, 0x33, 0x17, 0x15, 0x21, 0x01, 0x33, 0x17, 0x07, 0x23, 0x21,
0x33, 0x17, 0x15, 0x21, 0x01, 0x33, 0x17, 0x07, 0x23, 0x21, 0x33, 0x17,
0x15, 0x21, 0x01, 0x33, 0x17, 0x07, 0x23, 0x01, 0x33, 0x17, 0x15, 0x21,
0x01, 0x33, 0x17, 0x07, 0x23, 0x21, 0x33, 0x17, 0x15, 0x21, 0x01, 0x33,
0x17, 0x07, 0x23, 0x21, 0x33, 0x17, 0x15, 0x21, 0x01, 0x33, 0x17, 0x07,
0x23, 0x21, 0x33, 0x17, 0x15, 0x21, 0x01, 0x33, 0x17, 0x07, 0x23, 0x01,
0x33, 0x17, 0x15, 0x21, 0x01, 0x33, 0x17, 0x07, 0x23, 0x21, 0x33, 0x17,
0x15, 0x21, 0x01, 0x33, 0x17, 0x07, 0x23, 0x21, 0x33, 0x17, 0x15, 0x21,
0x01, 0x33, 0x17, 0x07, 0x23, 0x21, 0x33, 0x17, 0x15, 0x21, 0x01, 0x33,
0x17, 0x07, 0x23, 0x01, 0x33, 0x17, 0x15, 0x21, 0x01, 0x21, 0x11, 0x29,
0x01, 0x33, 0x17, 0x15, 0x21, 0x01, 0x21, 0x11, 0x29, 0x01, 0x33, 0x17,
0x15, 0x21, 0x01, 0x21, 0x11, 0x29, 0x01, 0x33, 0x17, 0x15, 0x21, 0x01,
0x21, 0x11, 0x21, 0x06, 0x02, 0xFE, 0x02, 0xFF, 0x00, 0x01, 0x00, 0xFE,
0x02, 0x02, 0xFE, 0xFD, 0x00, 0xFE, 0x02, 0xFF, 0x00, 0x01, 0x00, 0xFE,
0x02, 0x02, 0xFE, 0xFD, 0x00, 0xFE, 0x02, 0xFF, 0x00, 0x01, 0x00, 0xFE,
0x02, 0x02, 0xFE, 0xFC, 0xFE, 0xFE, 0x02, 0xFF, 0x00, 0x01, 0x00, 0xFE,
0x02, 0x02, 0xFE, 0x05, 0x02, 0xFE, 0x02, 0xFF, 0x00, 0x01, 0x00, 0xFE,
0x02, 0x02, 0xFE, 0xFD, 0x00, 0xFE, 0x02, 0xFF, 0x00, 0x01, 0x00, 0xFE,
0x02, 0x02, 0xFE, 0xFD, 0x00, 0xFE, 0x02, 0xFF, 0x00, 0x01, 0x00, 0xFE,
0x02, 0x02, 0xFE, 0xFC, 0xFE, 0xFE, 0x02, 0xFF, 0x00, 0x01, 0x00, 0xFE,
0x02, 0x02, 0xFE, 0x05, 0x02, 0xFE, 0x02, 0xFF, 0x00, 0x01, 0x00, 0xFE,
0x02, 0x02, 0xFE, 0xFD, 0x00, 0xFE, 0x02, 0xFF, 0x00, 0x01, 0x00, 0xFE,
0x02, 0x02, 0xFE, 0xFD, 0x00, 0xFE, 0x02, 0xFF, 0x00, 0x01, 0x00, 0xFE,
0x02, 0x02, 0xFE, 0xFC, 0xFE, 0xFE, 0x02, 0xFF, 0x00, 0x01, 0x00, 0xFE,
0x02, 0x02, 0xFE, 0x05, 0x02, 0xFE, 0x02, 0xFF, 0x00, 0x01, 0x00, 0xFE,
0x02, 0x02, 0xFE, 0xFD, 0x00, 0xFE, 0x02, 0xFF, 0x00, 0x01, 0x00, 0xFE,
0x02, 0x02, 0xFE, 0xFD, 0x00, 0xFE, 0x02, 0xFF, 0x00, 0x01, 0x00, 0xFE,
0x02, 0x02, 0xFE, 0xFC, 0xFE, 0xFE, 0x02, 0xFF, 0x00, 0x01, 0x00, 0xFE,
0x02, 0x02, 0xFE, 0x05, 0x02, 0xFE, 0x02, 0xFF, 0x00, 0x01, 0x00, 0xFE,
0x02, 0x02, 0xFE, 0xFD, 0x00, 0xFE, 0x02, 0xFF, 0x00, 0x01, 0x00, 0xFE,
0x02, 0x02, 0xFE, 0xFD, 0x00, 0xFE, 0x02, 0xFF, 0x00, 0x01, 0x00, 0xFE,
0x02, 0x02, 0xFE, 0xFC, 0xFE, 0xFE, 0x02, 0xFF, 0x00, 0x01, 0x00, 0xFE,
0x02, 0x02, 0xFE, 0x05, 0x02, 0xFE, 0x02, 0xFF, 0x00, 0x01, 0x00, 0xFE,
0x02, 0x02, 0xFE, 0xFD, 0x00, 0xFE, 0x02, 0xFF, 0x00, 0x01, 0x00, 0xFE,
0x02, 0x02, 0xFE, 0xFD, 0x00, 0xFE, 0x02, 0xFF, 0x00, 0x01, 0x00, 0xFE,
0x02, 0x02, 0xFE, 0xFC, 0xFE, 0xFE, 0x02, 0xFF, 0x00, 0x01, 0x00, 0xFE,
0x02, 0x02, 0xFE, 0x05, 0x02, 0xFE, 0x02, 0xFF, 0x00, 0x01, 0x00, 0xFE,
0x02, 0x02, 0xFE, 0xFD, 0x00, 0xFE, 0x02, 0xFF, 0x00, 0x01, 0x00, 0xFE,
0x02, 0x02, 0xFE, 0xFD, 0x00, 0xFE, 0x02, 0xFF, 0x00, 0x01, 0x00, 0xFE,
0x02, 0x02, 0xFE, 0xFC, 0xFE, 0xFE, 0x02, 0xFF, 0x00, 0x01, 0x00, 0xFE,
0x02, 0x02, 0xFE, 0x05, 0x00, 0xFE, 0x02, 0xFF, 0x00, 0x01, 0x00, 0x01,
0x00, 0xFF, 0x00, 0xFD, 0x00, 0xFE, 0x02, 0xFF, 0x00, 0x01, 0x00, 0x01,
0x00, 0xFF, 0x00, 0xFD, 0x00, 0xFE, 0x02, 0xFF, 0x00, 0x01, 0x00, 0x01,
0x00, 0xFF, 0x00, 0xFD, 0x00, 0xFE, 0x02, 0xFF, 0x00, 0x01, 0x00, 0x01,
0x00, 0xFF, 0x00, 0xFD, 0x00, 0x02, 0xFE, 0x02, 0x00, 0x02, 0xFE, 0x02,
0xFE, 0x02, 0x00, 0x02, 0xFE, 0x02, 0xFE, 0x02, 0x00, 0x02, 0xFE, 0x02,
0xFE, 0x02, 0x00, 0x02, 0xFE, 0x02, 0x00, 0x02, 0xFE, 0x02, 0x00, 0x02,
0xFE, 0x02, 0xFE, 0x02, 0x00, 0x02, 0xFE, 0x02, 0xFE, 0x02, 0x00, 0x02,
0xFE, 0x02, 0xFE, 0x02, 0x00, 0x02, 0xFE, 0x02, 0x00, 0x02, 0xFE, 0x02,
0x00, 0x02, 0xFE, 0x02, 0xFE, 0x02, 0x00, 0x02, 0xFE, 0x02, 0xFE, 0x02,
0x00, 0x02, 0xFE, 0x02, 0xFE, 0x02, 0x00, 0x02, 0xFE, 0x02, 0x00, 0x02,
0xFE, 0x02, 0x00, 0x02, 0xFE, 0x02, 0xFE, 0x02, 0x00, 0x02, 0xFE, 0x02,
0xFE, 0x02, 0x00, 0x02, 0xFE, 0x02, 0xFE, 0x02, 0x00, 0x02, 0xFE, 0x02,
0x00, 0x02, 0xFE, 0x02, 0x00, 0x02, 0xFE, 0x02, 0xFE, 0x02, 0x00, 0x02,
0xFE, 0x02, 0xFE, 0x02, 0x00, 0x02, 0xFE, 0x02, 0xFE, 0x02, 0x00, 0x02,
0xFE, 0x02, 0x00, 0x02, 0xFE, 0x02, 0x00, 0x02, 0xFE, 0x02, 0xFE, 0x02,
0x00, 0x02, 0xFE, 0x02, 0xFE, 0x02, 0x00, 0x02, 0xFE, 0x02, 0xFE, 0x02,
0x00, 0x02, 0xFE, 0x02, 0x00, 0x02, 0xFE, 0x02, 0x00, 0x02, 0xFE, 0x02,
0xFE, 0x02, 0x00, 0x02, 0xFE, 0x02, 0xFE, 0x02, 0x00, 0x02, 0xFE, 0x02,
0xFE, 0x02, 0x00, 0x02, 0xFE, 0x02, 0x00, 0x02, 0xFE, 0x02, 0x00, 0xFF,
0x00, 0x02, 0xFE, 0x02, 0x00, 0xFF, 0x00, 0x02, 0xFE, 0x02, 0x00, 0xFF,
0x00, 0x02, 0xFE, 0x02, 0x00, 0xFF, 0x00, 0x00, 0x00, 0x16, 0x00, 0x00,
0xFC, 0x00, 0x08, 0x00, 0x0C, 0x00, 0x00, 0x03, 0x00, 0x07, 0x00, 0x0B,
0x00, 0x0F, 0x00, 0x13, 0x00, 0x17, 0x00, 0x1B, 0x00, 0x1F, 0x00, 0x23,
0x00, 0x27, 0x00, 0x2B, 0x00, 0x2F, 0x00, 0x33, 0x00, 0x37, 0x00, 0x3B,
0x00, 0x3F, 0x00, 0x43, 0x00, 0x47, 0x00, 0x4B, 0x00, 0x4F, 0x00, 0x53,
0x00, 0x81, 0x05, 0x93, 0xBA, 0x00, 0x33, 0x00, 0x5E, 0x00, 0x03, 0x2B,
0xBA, 0x00, 0x5B, 0x00, 0x5C, 0x00, 0x03, 0x2B, 0xBA, 0x00, 0x4F, 0x00,
0x20, 0x00, 0x03, 0x2B, 0xBA, 0x00, 0x57, 0x00, 0x58, 0x00, 0x03, 0x2B,
0xB8, 0x00, 0x57, 0x10, 0xB8, 0x00, 0x55, 0xDC, 0xB8, 0x00, 0x00, 0xD0,
0xB8, 0x00, 0x4F, 0x10, 0xB8, 0x00, 0x02, 0xD0, 0xB8, 0x00, 0x55, 0x10,
0xB8, 0x00, 0x04, 0xD0, 0xB8, 0x00, 0x4F, 0x10, 0xB8, 0x00, 0x06, 0xD0,
0xB8, 0x00, 0x55, 0x10, 0xB8, 0x00, 0x08, 0xD0, 0xB8, 0x00, 0x4F, 0x10,
0xB8, 0x00, 0x0A, 0xD0, 0xB8, 0x00, 0x55, 0x10, 0xB8, 0x00, 0x0C, 0xD0,
0xB8, 0x00, 0x4F, 0x10, 0xB8, 0x00, 0x0E, 0xD0, 0xB8, 0x00, 0x58, 0x10,
0xB8, 0x00, 0x10, 0xD0, 0xB8, 0x00, 0x5B, 0x10, 0xB8, 0x00, 0x12, 0xD0,
0xB8, 0x00, 0x58, 0x10, 0xB8, 0x00, 0x14, 0xD0, 0xB8, 0x00, 0x5B, 0x10,
0xB8, 0x00, 0x16, 0xD0, 0xB8, 0x00, 0x58, 0x10, 0xB8, 0x00, 0x18, 0xD0,
0xB8, 0x00, 0x5B, 0x10, 0xB8, 0x00, 0x1A, 0xD0, 0xB8, 0x00, 0x58, 0x10,
0xB8, 0x00, 0x1C, 0xD0, 0xB8, 0x00, 0x5B, 0x10, 0xB8, 0x00, 0x1E, 0xD0,
0xB8, 0x00, 0x33, 0x10, 0xB8, 0x00, 0x22, 0xD0, 0xB8, 0x00, 0x20, 0x10,
0xB8, 0x00, 0x24, 0xD0, 0xB8, 0x00, 0x33, 0x10, 0xB8, 0x00, 0x26, 0xD0,
0xB8, 0x00, 0x20, 0x10, 0xB8, 0x00, 0x28, 0xD0, 0xB8, 0x00, 0x33, 0x10,
0xB8, 0x00, 0x2A, 0xD0, 0xB8, 0x00, 0x20, 0x10, 0xB8, 0x00, 0x2C, 0xD0,
0xB8, 0x00, 0x33, 0x10, 0xB8, 0x00, 0x2E, 0xD0, 0xB8, 0x00, 0x20, 0x10,
0xB8, 0x00, 0x30, 0xD0, 0xB8, 0x00, 0x20, 0x10, 0xB8, 0x00, 0x34, 0xD0,
0xB8, 0x00, 0x33, 0x10, 0xB8, 0x00, 0x36, 0xD0, 0xB8, 0x00, 0x20, 0x10,
0xB8, 0x00, 0x38, 0xD0, 0xB8, 0x00, 0x33, 0x10, 0xB8, 0x00, 0x3A, 0xD0,
0xB8, 0x00, 0x58, 0x10, 0xB8, 0x00, 0x3C, 0xD0, 0xB8, 0x00, 0x5B, 0x10,
0xB8, 0x00, 0x3E, 0xD0, 0xB8, 0x00, 0x58, 0x10, 0xB8, 0x00, 0x40, 0xD0,
0xB8, 0x00, 0x5B, 0x10, 0xB8, 0x00, 0x42, 0xD0, 0xB8, 0x00, 0x58, 0x10,
0xB8, 0x00, 0x44, 0xD0, 0xB8, 0x00, 0x5B, 0x10, 0xB8, 0x00, 0x46, 0xD0,
0xB8, 0x00, 0x55, 0x10, 0xB8, 0x00, 0x48, 0xD0, 0xB8, 0x00, 0x4F, 0x10,
0xB8, 0x00, 0x4A, 0xD0, 0xB8, 0x00, 0x55, 0x10, 0xB8, 0x00, 0x4C, 0xD0,
0xB8, 0x00, 0x55, 0x10, 0xB8, 0x00, 0x50, 0xD0, 0xB8, 0x00, 0x4F, 0x10,
0xB8, 0x00, 0x52, 0xD0, 0xB8, 0x00, 0x5C, 0x10, 0xB8, 0x00, 0x60, 0xD0,
0xB8, 0x00, 0x5E, 0x10, 0xB8, 0x00, 0x62, 0xD0, 0xB8, 0x00, 0x5C, 0x10,
0xB8, 0x00, 0x64, 0xD0, 0xB8, 0x00, 0x5E, 0x10, 0xB8, 0x00, 0x66, 0xD0,
0xB8, 0x00, 0x5C, 0x10, 0xB8, 0x00, 0x68, 0xD0, 0xB8, 0x00, 0x5E, 0x10,
0xB8, 0x00, 0x6A, 0xD0, 0xB8, 0x00, 0x5C, 0x10, 0xB8, 0x00, 0x6C, 0xD0,
0xB8, 0x00, 0x5E, 0x10, 0xB8, 0x00, 0x6E, 0xD0, 0xB8, 0x00, 0x5C, 0x10,
0xB8, 0x00, 0x70, 0xD0, 0xB8, 0x00, 0x5E, 0x10, 0xB8, 0x00, 0x72, 0xD0,
0xB8, 0x00, 0x5C, 0x10, 0xB8, 0x00, 0x74, 0xD0, 0xB8, 0x00, 0x5E, 0x10,
0xB8, 0x00, 0x76, 0xD0, 0xB8, 0x00, 0x5C, 0x10, 0xB8, 0x00, 0x78, 0xD0,
0xB8, 0x00, 0x5E, 0x10, 0xB8, 0x00, 0x7A, 0xD0, 0xB8, 0x00, 0x33, 0x10,
0xB8, 0x00, 0x7C, 0xD0, 0xB8, 0x00, 0x20, 0x10, 0xB8, 0x00, 0x7E, 0xD0,
0xB8, 0x00, 0x4F, 0x10, 0xB8, 0x00, 0x80, 0xD0, 0x00, 0xB8, 0x00, 0x00,
0x45, 0x58, 0xB8, 0x00, 0x01, 0x2F, 0x1B, 0xB9, 0x00, 0x01, 0x00, 0x07,
0x3E, 0x59, 0xB8, 0x00, 0x00, 0x45, 0x58, 0xB8, 0x00, 0x1C, 0x2F, 0x1B,
0xB9, 0x00, 0x1C, 0x00, 0x07, 0x3E, 0x59, 0xB8, 0x00, 0x00, 0x45, 0x58,
0xB8, 0x00, 0x2D, 0x2F, 0x1B, 0xB9, 0x00, 0x2D, 0x00, 0x07, 0x3E, 0x59,
0xB8, 0x00, 0x00, 0x45, 0x58, 0xB8, 0x00, 0x77, 0x2F, 0x1B, 0xB9, 0x00,
0x77, 0x00, 0x07, 0x3E, 0x59, 0xB8, 0x00, 0x00, 0x45, 0x58, 0xB8, 0x00,
0x19, 0x2F, 0x1B, 0xB9, 0x00, 0x19, 0x00, 0x05, 0x3E, 0x59, 0xB8, 0x00,
0x00, 0x45, 0x58, 0xB8, 0x00, 0x28, 0x2F, 0x1B, 0xB9, 0x00, 0x28, 0x00,
0x05, 0x3E, 0x59, 0xB8, 0x00, 0x00, 0x45, 0x58, 0xB8, 0x00, 0x50, 0x2F,
0x1B, 0xB9, 0x00, 0x50, 0x00, 0x05, 0x3E, 0x59, 0xB8, 0x00, 0x00, 0x45,
0x58, 0xB8, 0x00, 0x71, 0x2F, 0x1B, 0xB9, 0x00, 0x71, 0x00, 0x05, 0x3E,
0x59, 0xB8, 0x00, 0x00, 0x45, 0x58, 0xB8, 0x00, 0x0C, 0x2F, 0x1B, 0xB9,
0x00, 0x0C, 0x00, 0x03, 0x3E, 0x59, 0xB8, 0x00, 0x00, 0x45, 0x58, 0xB8,
0x00, 0x30, 0x2F, 0x1B, 0xB9, 0x00, 0x30, 0x00, 0x03, 0x3E, 0x59, 0xB8,
0x00, 0x00, 0x45, 0x58, 0xB8, 0x00, 0x59, 0x2F, 0x1B, 0xB9, 0x00, 0x59,
0x00, 0x03, 0x3E, 0x59, 0xB8, 0x00, 0x00, 0x45, 0x58, 0xB8, 0x00, 0x5D,
0x2F, 0x1B, 0xB9, 0x00, 0x5D, 0x00, 0x03, 0x3E, 0x59, 0xB8, 0x00, 0x00,
0x45, 0x58, 0xB8, 0x00, 0x25, 0x2F, 0x1B, 0xB9, 0x00, 0x25, 0x00, 0x01,
0x3E, 0x59, 0xB8, 0x00, 0x00, 0x45, 0x58, 0xB8, 0x00, 0x44, 0x2F, 0x1B,
0xB9, 0x00, 0x44, 0x00, 0x01, 0x3E, 0x59, 0xB8, 0x00, 0x00, 0x45, 0x58,
0xB8, 0x00, 0x49, 0x2F, 0x1B, 0xB9, 0x00, 0x49, 0x00, 0x01, 0x3E, 0x59,
0xB8, 0x00, 0x00, 0x45, 0x58, 0xB8, 0x00, 0x63, 0x2F, 0x1B, 0xB9, 0x00,
0x63, 0x00, 0x01, 0x3E, 0x59, 0xBA, 0x00, 0x80, 0x00, 0x81, 0x00, 0x03,
0x2B, 0xB8, 0x00, 0x01, 0x10, 0xB8, 0x00, 0x00, 0xDC, 0xB8, 0x00, 0x2C,
0xD0, 0xB8, 0x00, 0x03, 0xD0, 0xB8, 0x00, 0x50, 0x10, 0xB8, 0x00, 0x05,
0xDC, 0xB8, 0x00, 0x04, 0xDC, 0xB8, 0x00, 0x05, 0x10, 0xB8, 0x00, 0x06,
0xD0, 0xB8, 0x00, 0x04, 0x10, 0xB8, 0x00, 0x38, 0xD0, 0xB8, 0x00, 0x07,
0xD0, 0xB8, 0x00, 0x49, 0x10, 0xB8, 0x00, 0x08, 0xDC, 0xB8, 0x00, 0x09,
0xDC, 0xB8, 0x00, 0x08, 0x10, 0xB8, 0x00, 0x0B, 0xD0, 0xB8, 0x00, 0x0C,
0x10, 0xB8, 0x00, 0x0D, 0xDC, 0xB8, 0x00, 0x10, 0xD0, 0xB8, 0x00, 0x0D,
0x10, 0xB8, 0x00, 0x48, 0xDC, 0xB8, 0x00, 0x11, 0xD0, 0xB8, 0x00, 0x10,
0x10, 0xB8, 0x00, 0x13, 0xD0, 0xB8, 0x00, 0x09, 0x10, 0xB8, 0x00, 0x14,
0xD0, 0xB8, 0x00, 0x09, 0x10, 0xB8, 0x00, 0x4C, 0xDC, 0xB8, 0x00, 0x15,
0xD0, 0xB8, 0x00, 0x06, 0x10, 0xB8, 0x00, 0x18, 0xD0, 0xB8, 0x00, 0x1B,
0xD0, 0xB8, 0x00, 0x81, 0x10, 0xB8, 0x00, 0x1D, 0xD0, 0xB8, 0x00, 0x01,
0x10, 0xB8, 0x00, 0x54, 0xDC, 0xB8, 0x00, 0x1E, 0xD0, 0xB8, 0x00, 0x01,
0x10, 0xB8, 0x00, 0x1F, 0xD0, 0xB8, 0x00, 0x4C, 0x10, 0xB8, 0x00, 0x20,
0xD0, 0xB8, 0x00, 0x15, 0x10, 0xB8, 0x00, 0x40, 0xDC, 0xB8, 0x00, 0x21,
0xD0, 0xB8, 0x00, 0x15, 0x10, 0xB8, 0x00, 0x23, 0xD0, 0xB8, 0x00, 0x48,
0x10, 0xB8, 0x00, 0x24, 0xD0, 0xB8, 0x00, 0x44, 0x10, 0xB8, 0x00, 0x26,
0xD0, 0xB8, 0x00, 0x11, 0x10, 0xB8, 0x00, 0x27, 0xD0, 0xB8, 0x00, 0x2C,
0x10, 0xB8, 0x00, 0x29, 0xDC, 0xB8, 0x00, 0x3C, 0xD0, 0xB8, 0x00, 0x2A,
0xD0, 0xB8, 0x00, 0x19, 0x10, 0xB8, 0x00, 0x2B, 0xD0, 0xB8, 0x00, 0x01,
0x10, 0xB8, 0x00, 0x2E, 0xD0, 0xB8, 0x00, 0x2C, 0x10, 0xB8, 0x00, 0x2F,
0xD0, 0xB8, 0x00, 0x13, 0x10, 0xB8, 0x00, 0x31, 0xD0, 0xB8, 0x00, 0x32,
0xD0, 0xB8, 0x00, 0x0C, 0x10, 0xB8, 0x00, 0x33, 0xD0, 0xB8, 0x00, 0x0B,
0x10, 0xB8, 0x00, 0x34, 0xD0, 0xB8, 0x00, 0x09, 0x10, 0xB8, 0x00, 0x35,
0xD0, 0xB8, 0x00, 0x34, 0x10, 0xB8, 0x00, 0x37, 0xD0, 0xB8, 0x00, 0x1B,
0x10, 0xB8, 0x00, 0x39, 0xD0, 0xB8, 0x00, 0x3A, 0xD0, 0xB8, 0x00, 0x2F,
0x10, 0xB8, 0x00, 0x3D, 0xD0, 0xB8, 0x00, 0x3E, 0xD0, 0xB8, 0x00, 0x04,
0x10, 0xB8, 0x00, 0x41, 0xD0, 0xB8, 0x00, 0x38, 0x10, 0xB8, 0x00, 0x42,
0xD0, 0xB8, 0x00, 0x21, 0x10, 0xB8, 0x00, 0x43, 0xD0, 0xB8, 0x00, 0x37,
0x10, 0xB8, 0x00, 0x45, 0xD0, 0xB8, 0x00, 0x46, 0xD0, 0xB8, 0x00, 0x44,
0x10, 0xB8, 0x00, 0x4A, 0xD0, 0xB8, 0x00, 0x11, 0x10, 0xB8, 0x00, 0x4B,
0xD0, 0xB8, 0x00, 0x40, 0x10, 0xB8, 0x00, 0x4D, 0xD0, 0xB8, 0x00, 0x21,
0x10, 0xB8, 0x00, 0x4E, 0xD0, 0xB8, 0x00, 0x15, 0x10, 0xB8, 0x00, 0x4F,
0xD0, 0xB8, 0x00, 0x29, 0x10, 0xB8, 0x00, 0x51, 0xD0, 0xB8, 0x00, 0x3C,
0x10, 0xB8, 0x00, 0x52, 0xD0, 0xB8, 0x00, 0x19, 0x10, 0xB8, 0x00, 0x53,
0xD0, 0xB8, 0x00, 0x80, 0x10, 0xB8, 0x00, 0x55, 0xD0, 0xB8, 0x00, 0x0C,
0x10, 0xB8, 0x00, 0x57, 0xDC, 0xB8, 0x00, 0x0C, 0x10, 0xB8, 0x00, 0x5A,
0xD0, 0xB8, 0x00, 0x57, 0x10, 0xB8, 0x00, 0x5B, 0xD0, 0xB8, 0x00, 0x0C,
0x10, 0xB8, 0x00, 0x5E, 0xD0, 0xB8, 0x00, 0x32, 0x10, 0xB8, 0x00, 0x5F,
0xD0, 0xB8, 0x00, 0x60, 0xD0, 0xB8, 0x00, 0x48, 0x10, 0xB8, 0x00, 0x61,
0xD0, 0xB8, 0x00, 0x11, 0x10, 0xB8, 0x00, 0x62, 0xD0, 0xB8, 0x00, 0x44,
0x10, 0xB8, 0x00, 0x64, 0xD0, 0xB8, 0x00, 0x46, 0x10, 0xB8, 0x00, 0x65,
0xD0, 0xB8, 0x00, 0x66, 0xD0, 0xB8, 0x00, 0x09, 0x10, 0xB8, 0x00, 0x67,
0xD0, 0xB8, 0x00, 0x4C, 0x10, 0xB8, 0x00, 0x69, 0xD0, 0xB8, 0x00, 0x15,
0x10, 0xB8, 0x00, 0x6A, 0xD0, 0xB8, 0x00, 0x40, 0x10, 0xB8, 0x00, 0x6B,
0xD0, 0xB8, 0x00, 0x21, 0x10, 0xB8, 0x00, 0x6C, 0xD0, 0xB8, 0x00, 0x04,
0x10, 0xB8, 0x00, 0x6D, 0xD0, 0xB8, 0x00, 0x38, 0x10, 0xB8, 0x00, 0x6E,
0xD0, 0xB8, 0x00, 0x3A, 0x10, 0xB8, 0x00, 0x6F, 0xD0, 0xB8, 0x00, 0x70,
0xD0, 0xB8, 0x00, 0x19, 0x10, 0xB8, 0x00, 0x72, 0xD0, 0xB8, 0x00, 0x29,
0x10, 0xB8, 0x00, 0x73, 0xD0, 0xB8, 0x00, 0x3C, 0x10, 0xB8, 0x00, 0x74,
0xD0, 0xB8, 0x00, 0x3E, 0x10, 0xB8, 0x00, 0x75, 0xD0, 0xB8, 0x00, 0x76,
0xD0, 0xB8, 0x00, 0x01, 0x10, 0xB8, 0x00, 0x78, 0xD0, 0xB8, 0x00, 0x81,
0x10, 0xB8, 0x00, 0x79, 0xD0, 0xB8, 0x00, 0x54, 0x10, 0xB8, 0x00, 0x7A,
0xD0, 0xB8, 0x00, 0x80, 0x10, 0xB8, 0x00, 0x7B, 0xD0, 0xB8, 0x00, 0x81,
0x10, 0xB8, 0x00, 0x7D, 0xD0, 0xB8, 0x00, 0x54, 0x10, 0xB8, 0x00, 0x7E,
0xD0, 0x30, 0x31, 0x01, 0x11, 0x21, 0x11, 0x01, 0x11, 0x21, 0x11, 0x01,
0x11, 0x21, 0x11, 0x01, 0x11, 0x21, 0x11, 0x01, 0x11, 0x21, 0x11, 0x01,
0x11, 0x21, 0x11, 0x01, 0x11, 0x21, 0x11, 0x01, 0x11, 0x21, 0x11, 0x01,
0x11, 0x21, 0x11, 0x01, 0x11, 0x21, 0x11, 0x01, 0x11, 0x21, 0x11, 0x01,
0x11, 0x21, 0x11, 0x01, 0x11, 0x21, 0x11, 0x01, 0x11, 0x21, 0x11, 0x01,
0x11, 0x21, 0x11, 0x01, 0x11, 0x21, 0x11, 0x01, 0x11, 0x21, 0x11, 0x01,
0x11, 0x21, 0x11, 0x01, 0x11, 0x21, 0x11, 0x01, 0x11, 0x21, 0x11, 0x01,
0x11, 0x21, 0x11, 0x01, 0x11, 0x21, 0x11, 0x21, 0x11, 0x21, 0x11, 0x21,
0x11, 0x21, 0x11, 0x21, 0x11, 0x21, 0x11, 0x21, 0x11, 0x21, 0x11, 0x21,
0x11, 0x21, 0x11, 0x21, 0x11, 0x21, 0x11, 0x21, 0x11, 0x21, 0x11, 0x21,
0x11, 0x21, 0x11, 0x21, 0x11, 0x21, 0x11, 0x21, 0x11, 0x21, 0x11, 0x21,
0x11, 0x07, 0x00, 0xFF, 0x00, 0x01, 0x00, 0xFF, 0x00, 0x01, 0x00, 0xFF,
0x00, 0x01, 0x00, 0xFF, 0x00, 0xFF, 0x00, 0xFF, 0x00, 0x01, 0x00, 0xFF,
0x00, 0x01, 0x00, 0xFF, 0x00, 0x01, 0x00, 0xFF, 0x00, 0xFF, 0x00, 0xFF,
0x00, 0x01, 0x00, 0xFF, 0x00, 0x01, 0x00, 0xFF, 0x00, 0x01, 0x00, 0xFF,
0x00, 0x01, 0x00, 0xFF, 0x00, 0x01, 0x00, 0xFF, 0x00, 0x01, 0x00, 0xFF,
0x00, 0x03, 0x00, 0xFF, 0x00, 0x01, 0x00, 0xFF, 0x00, 0x01, 0x00, 0xFF,
0x00, 0x03, 0x00, 0xFF, 0x00, 0x01, 0x00, 0xFF, 0x00, 0x01, 0x00, 0xFF,
0x00, 0x01, 0x00, 0x01, 0x00, 0xFD, 0x00, 0xFF, 0x00, 0xFD, 0x00, 0xFF,
0x00, 0x01, 0x00, 0xFF, 0x00, 0x01, 0x00, 0xFF, 0x00, 0x01, 0x00, 0xFF,
0x00, 0x01, 0x00, 0xFF, 0x00, 0x01, 0x00, 0xFF, 0x00, 0x01, 0x00, 0xFF,
0x00, 0x01, 0x00, 0xFF, 0x00, 0x02, 0x00, 0x01, 0x00, 0x03, 0x00, 0x09,
0x00, 0x01, 0x00, 0xFF, 0x00, 0xFC, 0x00, 0x01, 0x00, 0xFF, 0x00, 0xFC,
0x00, 0x01, 0x00, 0xFF, 0x00, 0xFC, 0x00, 0x01, 0x00, 0xFF, 0x00, 0x01,
0x00, 0x01, 0x00, 0xFF, 0x00, 0x04, 0x00, 0x01, 0x00, 0xFF, 0x00, 0x04,
0x00, 0x01, 0x00, 0xFF, 0x00, 0x04, 0x00, 0x01, 0x00, 0xFF, 0x00, 0xF9,
0x00, 0x01, 0x00, 0xFF, 0x00, 0xFC, 0x00, 0x01, 0x00, 0xFF, 0x00, 0x08,
0x00, 0x01, 0x00, 0xFF, 0x00, 0x02, 0x00, 0x01, 0x00, 0xFF, 0x00, 0xF4,
0x00, 0x01, 0x00, 0xFF, 0x00, 0x04, 0x00, 0x01, 0x00, 0xFF, 0x00, 0x04,
0x00, 0x01, 0x00, 0xFF, 0x00, 0x03, 0x00, 0x01, 0x00, 0xFF, 0x00, 0xFC,
0x00, 0x01, 0x00, 0xFF, 0x00, 0xFC, 0x00, 0x01, 0x00, 0xFF, 0x00, 0xFF,
0x00, 0x01, 0x00, 0xFF, 0x00, 0x04, 0x00, 0x01, 0x00, 0xFF, 0x00, 0x04,
0x00, 0x01, 0x00, 0xFF, 0x00, 0x04, 0x00, 0x01, 0x00, 0xF0, 0x00, 0x01,
0x00, 0xFF, 0x00, 0x01, 0x00, 0x01, 0x00, 0x01, 0x00, 0x01, 0x00, 0x01,
0x00, 0x01, 0x00, 0x01, 0x00, 0x01, 0x00, 0x01, 0x00, 0x01, 0x00, 0x01,
0x00, 0x01, 0x00, 0x01, 0x00, 0x01, 0x00, 0x01, 0x00, 0x01, 0x00, 0xFF,
0x00, 0x01, 0x00, 0xFF, 0x00, 0x00, 0x00, 0x00, 0x00, 0x01, 0x03, 0x00,
0xFC, 0x00, 0x05, 0x00, 0x0C, 0x00, 0x00, 0x03, 0x00, 0x13, 0xBA, 0x00,
0x01, 0x00, 0x00, 0x00, 0x03, 0x2B, 0x00, 0xB8, 0x00, 0x00, 0x2F, 0xB8,
0x00, 0x02, 0x2F, 0x30, 0x31, 0x01, 0x21, 0x11, 0x21, 0x03, 0x00, 0x02,
0x00, 0xFE, 0x00, 0x0C, 0x00, 0xF0, 0x00, 0x00, 0x00, 0x01, 0x00, 0x00,
0xFC, 0x00, 0x05, 0x00, 0x0C, 0x00, 0x00, 0x07, 0x00, 0x23, 0xBA, 0x00,
0x03, 0x00, 0x02, 0x00, 0x03, 0x2B, 0xB8, 0x00, 0x02, 0x10, 0xB8, 0x00,
0x05, 0xD0, 0x00, 0xB8, 0x00, 0x04, 0x2F, 0xB8, 0x00, 0x02, 0x2F, 0xBA,
0x00, 0x01, 0x00, 0x06, 0x00, 0x03, 0x2B, 0x30, 0x31, 0x11, 0x21, 0x11,
0x21, 0x11, 0x21, 0x11, 0x21, 0x03, 0x00, 0x02, 0x00, 0xFE, 0x00, 0xFD,
0x00, 0x05, 0x00, 0x07, 0x00, 0xF0, 0x00, 0x08, 0x00, 0x00, 0x00, 0x00,
0x00, 0x01, 0x00, 0x00, 0xFC, 0x00, 0x05, 0x00, 0x0C, 0x00, 0x00, 0x0B,
0x00, 0x44, 0xBA, 0x00, 0x03, 0x00, 0x02, 0x00, 0x03, 0x2B, 0xB8, 0x00,
0x02, 0x10, 0xB8, 0x00, 0x05, 0xD0, 0xB8, 0x00, 0x02, 0x10, 0xB8, 0x00,
0x09, 0xD0, 0x00, 0xB8, 0x00, 0x04, 0x2F, 0xB8, 0x00, 0x02, 0x2F, 0xB8,
0x00, 0x00, 0x45, 0x58, 0xB8, 0x00, 0x00, 0x2F, 0x1B, 0xB9, 0x00, 0x00,
0x00, 0x05, 0x3E, 0x59, 0xBA, 0x00, 0x09, 0x00, 0x06, 0x00, 0x03, 0x2B,
0xB8, 0x00, 0x00, 0x10, 0xB8, 0x00, 0x0A, 0xDC, 0x30, 0x31, 0x11, 0x21,
0x11, 0x21, 0x11, 0x21, 0x11, 0x21, 0x11, 0x21, 0x11, 0x21, 0x03, 0x00,
0x02, 0x00, 0xFE, 0x00, 0xFD, 0x00, 0x03, 0x00, 0xFD, 0x00, 0x07, 0x00,
0x05, 0x00, 0xF0, 0x00, 0x08, 0x00, 0x01, 0x00, 0x01, 0x00, 0x00, 0x00,
0x00, 0x02, 0x00, 0x00, 0xFC, 0x00, 0x07, 0x00, 0x0C, 0x00, 0x00, 0x03,
0x00, 0x0B, 0x00, 0x37, 0xBA, 0x00, 0x07, 0x00, 0x04, 0x00, 0x03, 0x2B,
0xBA, 0x00, 0x01, 0x00, 0x00, 0x00, 0x03, 0x2B, 0xB8, 0x00, 0x07, 0x10,
0xB8, 0x00, 0x06, 0xDC, 0xB8, 0x00, 0x09, 0xD0, 0x00, 0xB8, 0x00, 0x02,
0x2F, 0xB8, 0x00, 0x08, 0x2F, 0xB8, 0x00, 0x00, 0x2F, 0xB8, 0x00, 0x06,
0x2F, 0xBA, 0x00, 0x05, 0x00, 0x0A, 0x00, 0x03, 0x2B, 0x30, 0x31, 0x01,
0x21, 0x11, 0x21, 0x01, 0x21, 0x11, 0x21, 0x11, 0x21, 0x11, 0x21, 0x05,
0x00, 0x02, 0x00, 0xFE, 0x00, 0xFB, 0x00, 0x02, 0x00, 0x02, 0x00, 0xFE,
0x00, 0xFE, 0x00, 0x0C, 0x00, 0xF0, 0x00, 0x09, 0x00, 0x07, 0x00, 0xF0,
0x00, 0x08, 0x00, 0x00, 0x00, 0x01, 0x00, 0x00, 0xFC, 0x00, 0x07, 0x00,
0x05, 0x00, 0x00, 0x09, 0x00, 0x3B, 0xB8, 0x00, 0x0A, 0x2F, 0xB8, 0x00,
0x00, 0x2F, 0xB8, 0x00, 0x0A, 0x10, 0xB8, 0x00, 0x03, 0xD0, 0xB8, 0x00,
0x03, 0x2F, 0xB8, 0x00, 0x02, 0xDC, 0xB8, 0x00, 0x00, 0x10, 0xB8, 0x00,
0x07, 0xDC, 0x00, 0xB8, 0x00, 0x02, 0x2F, 0xB8, 0x00, 0x08, 0x2F, 0xBA,
0x00, 0x07, 0x00, 0x00, 0x00, 0x03, 0x2B, 0xB8, 0x00, 0x00, 0x10, 0xB8,
0x00, 0x04, 0xD0, 0x30, 0x31, 0x01, 0x21, 0x11, 0x21, 0x11, 0x21, 0x11,
0x21, 0x11, 0x21, 0x05, 0x00, 0xFF, 0x00, 0xFE, 0x00, 0xFE, 0x00, 0x07,
0x00, 0xFE, 0x00, 0x04, 0x00, 0xF8, 0x00, 0x08, 0x00, 0x01, 0x00, 0xF7,
0x00, 0x00, 0x00, 0x00, 0x00, 0x01, 0x00, 0x00, 0xFC, 0x00, 0x05, 0x00,
0x07, 0x00, 0x00, 0x09, 0x00, 0x38, 0xBA, 0x00, 0x02, 0x00, 0x03, 0x00,
0x03, 0x2B, 0xB8, 0x00, 0x03, 0x10, 0xB8, 0x00, 0x07, 0xD0, 0x00, 0xB8,
0x00, 0x02, 0x2F, 0xB8, 0x00, 0x00, 0x45, 0x58, 0xB8, 0x00, 0x00, 0x2F,
0x1B, 0xB9, 0x00, 0x00, 0x00, 0x05, 0x3E, 0x59, 0xBA, 0x00, 0x07, 0x00,
0x04, 0x00, 0x03, 0x2B, 0xB8, 0x00, 0x00, 0x10, 0xB8, 0x00, 0x08, 0xDC,
0x30, 0x31, 0x11, 0x21, 0x11, 0x21, 0x11, 0x21, 0x11, 0x21, 0x11, 0x21,
0x05, 0x00, 0xFE, 0x00, 0xFD, 0x00, 0x03, 0x00, 0xFD, 0x00, 0x07, 0x00,
0xF5, 0x00, 0x08, 0x00, 0x01, 0x00, 0x01, 0x00, 0x00, 0x03, 0x00, 0x00,
0xFC, 0x00, 0x07, 0x00, 0x0C, 0x00, 0x00, 0x05, 0x00, 0x0B, 0x00, 0x0F,
0x00, 0x64, 0xBA, 0x00, 0x04, 0x00, 0x05, 0x00, 0x03, 0x2B, 0xBA, 0x00,
0x0D, 0x00, 0x0C, 0x00, 0x03, 0x2B, 0xB8, 0x00, 0x04, 0x10, 0xB8, 0x00,
0x01, 0xDC, 0xB8, 0x00, 0x05, 0x10, 0xB8, 0x00, 0x06, 0xD0, 0xB8, 0x00,
0x04, 0x10, 0xB8, 0x00, 0x07, 0xD0, 0xB8, 0x00, 0x01, 0x10, 0xB8, 0x00,
0x09, 0xD0, 0x00, 0xB8, 0x00, 0x08, 0x2F, 0xB8, 0x00, 0x0E, 0x2F, 0xB8,
0x00, 0x02, 0x2F, 0xB8, 0x00, 0x0C, 0x2F, 0xB8, 0x00, 0x00, 0x45, 0x58,
0xB8, 0x00, 0x00, 0x2F, 0x1B, 0xB9, 0x00, 0x00, 0x00, 0x05, 0x3E, 0x59,
0xBA, 0x00, 0x06, 0x00, 0x0B, 0x00, 0x03, 0x2B, 0xB8, 0x00, 0x00, 0x10,
0xB8, 0x00, 0x04, 0xDC, 0x30, 0x31, 0x11, 0x21, 0x11, 0x21, 0x11, 0x21,
0x11, 0x21, 0x11, 0x21, 0x11, 0x21, 0x01, 0x21, 0x11, 0x21, 0x02, 0x00,
0x02, 0x00, 0xFC, 0x00, 0x04, 0x00, 0xFE, 0x00, 0xFE, 0x00, 0x05, 0x00,
0x02, 0x00, 0xFE, 0x00, 0x07, 0x00, 0x05, 0x00, 0xFA, 0x00, 0xFF, 0x00,
0xF7, 0x00, 0x08, 0x00, 0x08, 0x00, 0xF0, 0x00, 0x00, 0x02, 0x02, 0x00,
0xFC, 0x00, 0x07, 0x00, 0x0C, 0x00, 0x00, 0x03, 0x00, 0x07, 0x00, 0x2F,
0xB8, 0x00, 0x08, 0x2F, 0xB8, 0x00, 0x00, 0x2F, 0xB8, 0x00, 0x01, 0xDC,
0xB8, 0x00, 0x08, 0x10, 0xB8, 0x00, 0x04, 0xD0, 0xB8, 0x00, 0x04, 0x2F,
0xB8, 0x00, 0x05, 0xDC, 0x00, 0xB8, 0x00, 0x00, 0x2F, 0xB8, 0x00, 0x04,
0x2F, 0xB8, 0x00, 0x02, 0x2F, 0xB8, 0x00, 0x06, 0x2F, 0x30, 0x31, 0x01,
0x21, 0x11, 0x21, 0x01, 0x21, 0x11, 0x21, 0x05, 0x00, 0x02, 0x00, 0xFE,
0x00, 0xFD, 0x00, 0x02, 0x00, 0xFE, 0x00, 0x0C, 0x00, 0xF0, 0x00, 0x10,
0x00, 0xF0, 0x00, 0x00, 0x00, 0x02, 0x00, 0x00, 0xFC, 0x00, 0x07, 0x00,
0x07, 0x00, 0x00, 0x05, 0x00, 0x0B, 0x00, 0x4C, 0xBA, 0x00, 0x01, 0x00,
0x00, 0x00, 0x03, 0x2B, 0xBA, 0x00, 0x08, 0x00, 0x09, 0x00, 0x03, 0x2B,
0xB8, 0x00, 0x01, 0x10, 0xB8, 0x00, 0x03, 0xDC, 0xB8, 0x00, 0x00, 0x10,
0xB8, 0x00, 0x06, 0xD0, 0x00, 0xB8, 0x00, 0x02, 0x2F, 0xB8, 0x00, 0x08,
0x2F, 0xB8, 0x00, 0x00, 0x45, 0x58, 0xB8, 0x00, 0x06, 0x2F, 0x1B, 0xB9,
0x00, 0x06, 0x00, 0x05, 0x3E, 0x59, 0xBA, 0x00, 0x00, 0x00, 0x05, 0x00,
0x03, 0x2B, 0xB8, 0x00, 0x06, 0x10, 0xB8, 0x00, 0x0A, 0xDC, 0x30, 0x31,
0x11, 0x21, 0x11, 0x21, 0x11, 0x21, 0x11, 0x21, 0x11, 0x21, 0x11, 0x21,
0x04, 0x00, 0xFE, 0x00, 0xFE, 0x00, 0x07, 0x00, 0xFE, 0x00, 0xFB, 0x00,
0x05, 0x00, 0xF7, 0x00, 0x08, 0x00, 0x03, 0x00, 0xF5, 0x00, 0x0A, 0x00,
0x00, 0x02, 0x00, 0x00, 0x04, 0x00, 0x07, 0x00, 0x0C, 0x00, 0x00, 0x05,
0x00, 0x0B, 0x00, 0x4C, 0xBA, 0x00, 0x04, 0x00, 0x05, 0x00, 0x03, 0x2B,
0xBA, 0x00, 0x0A, 0x00, 0x07, 0x00, 0x03, 0x2B, 0xB8, 0x00, 0x04, 0x10,
0xB8, 0x00, 0x01, 0xDC, 0xB8, 0x00, 0x05, 0x10, 0xB8, 0x00, 0x06, 0xD0,
0x00, 0xB8, 0x00, 0x02, 0x2F, 0xB8, 0x00, 0x08, 0x2F, 0xB8, 0x00, 0x00,
0x45, 0x58, 0xB8, 0x00, 0x00, 0x2F, 0x1B, 0xB9, 0x00, 0x00, 0x00, 0x05,
0x3E, 0x59, 0xBA, 0x00, 0x07, 0x00, 0x0A, 0x00, 0x03, 0x2B, 0xB8, 0x00,
0x00, 0x10, 0xB8, 0x00, 0x04, 0xDC, 0x30, 0x31, 0x11, 0x21, 0x11, 0x21,
0x11, 0x21, 0x11, 0x21, 0x11, 0x21, 0x11, 0x21, 0x02, 0x00, 0x02, 0x00,
0xFC, 0x00, 0x05, 0x00, 0x02, 0x00, 0xF9, 0x00, 0x07, 0x00, 0x05, 0x00,
0xFA, 0x00, 0xFF, 0x00, 0x07, 0x00, 0xF8, 0x00, 0x00, 0x01, 0x00, 0x00,
0x04, 0x00, 0x07, 0x00, 0x0C, 0x00, 0x00, 0x09, 0x00, 0x3B, 0xB8, 0x00,
0x0A, 0x2F, 0xB8, 0x00, 0x05, 0x2F, 0xB8, 0x00, 0x0A, 0x10, 0xB8, 0x00,
0x01, 0xD0, 0xB8, 0x00, 0x01, 0x2F, 0xB8, 0x00, 0x04, 0xDC, 0xB8, 0x00,
0x05, 0x10, 0xB8, 0x00, 0x08, 0xDC, 0x00, 0xB8, 0x00, 0x02, 0x2F, 0xB8,
0x00, 0x06, 0x2F, 0xBA, 0x00, 0x05, 0x00, 0x08, 0x00, 0x03, 0x2B, 0xB8,
0x00, 0x05, 0x10, 0xB8, 0x00, 0x00, 0xD0, 0x30, 0x31, 0x11, 0x21, 0x11,
0x21, 0x11, 0x21, 0x11, 0x21, 0x11, 0x21, 0x02, 0x00, 0x02, 0x00, 0x01,
0x00, 0x02, 0x00, 0xF9, 0x00, 0x05, 0x00, 0x07, 0x00, 0xF9, 0x00, 0x07,
0x00, 0xF8, 0x00, 0x00, 0x00, 0x01, 0x00, 0x00, 0x04, 0x00, 0x05, 0x00,
0x0C, 0x00, 0x00, 0x09, 0x00, 0x38, 0xBA, 0x00, 0x04, 0x00, 0x07, 0x00,
0x03, 0x2B, 0xB8, 0x00, 0x07, 0x10, 0xB8, 0x00, 0x01, 0xD0, 0x00, 0xB8,
0x00, 0x02, 0x2F, 0xB8, 0x00, 0x00, 0x45, 0x58, 0xB8, 0x00, 0x00, 0x2F,
0x1B, 0xB9, 0x00, 0x00, 0x00, 0x05, 0x3E, 0x59, 0xBA, 0x00, 0x07, 0x00,
0x04, 0x00, 0x03, 0x2B, 0xB8, 0x00, 0x00, 0x10, 0xB8, 0x00, 0x08, 0xDC,
0x30, 0x31, 0x11, 0x21, 0x11, 0x21, 0x11, 0x21, 0x11, 0x21, 0x11, 0x21,
0x03, 0x00, 0x02, 0x00, 0xFB, 0x00, 0x03, 0x00, 0xFD, 0x00, 0x07, 0x00,
0x05, 0x00, 0xF8, 0x00, 0x01, 0x00, 0x01, 0x00, 0x00, 0x01, 0x00, 0x00,
0xFC, 0x00, 0x05, 0x00, 0x05, 0x00, 0x00, 0x05, 0x00, 0x17, 0xBA, 0x00,
0x02, 0x00, 0x03, 0x00, 0x03, 0x2B, 0x00, 0xB8, 0x00, 0x02, 0x2F, 0xBA,
0x00, 0x01, 0x00, 0x04, 0x00, 0x03, 0x2B, 0x30, 0x31, 0x11, 0x21, 0x11,
0x21, 0x11, 0x21, 0x05, 0x00, 0xFE, 0x00, 0xFD, 0x00, 0x05, 0x00, 0xF7,
0x00, 0x08, 0x00, 0x00, 0x00, 0x01, 0x03, 0x00, 0x04, 0x00, 0x09, 0x00,
0x0C, 0x00, 0x00, 0x05, 0x00, 0x17, 0xBA, 0x00, 0x01, 0x00, 0x00, 0x00,
0x03, 0x2B, 0x00, 0xB8, 0x00, 0x00, 0x2F, 0xBA, 0x00, 0x03, 0x00, 0x04,
0x00, 0x03, 0x2B, 0x30, 0x31, 0x01, 0x21, 0x11, 0x21, 0x11, 0x21, 0x03,
0x00, 0x02, 0x00, 0x04, 0x00, 0xFA, 0x00, 0x0C, 0x00, 0xF9, 0x00, 0xFF,
0x00, 0x00, 0x00, 0x00, 0x00, 0x01, 0x00, 0x00, 0x04, 0x00, 0x09, 0x00,
0x0C, 0x00, 0x00, 0x07, 0x00, 0x1F, 0xBA, 0x00, 0x04, 0x00, 0x01, 0x00,
0x03, 0x2B, 0x00, 0xB8, 0x00, 0x02, 0x2F, 0xBA, 0x00, 0x05, 0x00, 0x06,
0x00, 0x03, 0x2B, 0xB8, 0x00, 0x05, 0x10, 0xB8, 0x00, 0x00, 0xD0, 0x30,
0x31, 0x11, 0x21, 0x11, 0x21, 0x11, 0x21, 0x11, 0x21, 0x03, 0x00, 0x02,
0x00, 0x04, 0x00, 0xF7, 0x00, 0x05, 0x00, 0x07, 0x00, 0xF9, 0x00, 0xFF,
0x00, 0x00, 0x00, 0x00, 0x00, 0x01, 0x00, 0x00, 0xFC, 0x00, 0x09, 0x00,
0x05, 0x00, 0x00, 0x07, 0x00, 0x1F, 0xBA, 0x00, 0x04, 0x00, 0x05, 0x00,
0x03, 0x2B, 0x00, 0xB8, 0x00, 0x04, 0x2F, 0xBA, 0x00, 0x01, 0x00, 0x02,
0x00, 0x03, 0x2B, 0xB8, 0x00, 0x02, 0x10, 0xB8, 0x00, 0x06, 0xD0, 0x30,
0x31, 0x11, 0x21, 0x11, 0x21, 0x11, 0x21, 0x11, 0x21, 0x09, 0x00, 0xFC,
0x00, 0xFE, 0x00, 0xFD, 0x00, 0x05, 0x00, 0xFF, 0x00, 0xF8, 0x00, 0x08,
0x00, 0x00, 0x00, 0x00, 0x00, 0x01, 0x03, 0x00, 0xFC, 0x00, 0x09, 0x00,
0x0C, 0x00, 0x00, 0x07, 0x00, 0x23, 0xBA, 0x00, 0x00, 0x00, 0x01, 0x00,
0x03, 0x2B, 0xB8, 0x00, 0x00, 0x10, 0xB8, 0x00, 0x03, 0xD0, 0x00, 0xB8,
0x00, 0x02, 0x2F, 0xB8, 0x00, 0x00, 0x2F, 0xBA, 0x00, 0x05, 0x00, 0x06,
0x00, 0x03, 0x2B, 0x30, 0x31, 0x01, 0x21, 0x11, 0x21, 0x11, 0x21, 0x11,
0x21, 0x05, 0x00, 0xFE, 0x00, 0x02, 0x00, 0x04, 0x00, 0xFC, 0x00, 0xFC,
0x00, 0x10, 0x00, 0xF9, 0x00, 0xFF, 0x00, 0x00, 0x00, 0x01, 0x00, 0x00,
0x04, 0x00, 0x09, 0x00, 0x05, 0x00, 0x00, 0x03, 0x00, 0x0B, 0x00, 0xBA,
0x00, 0x01, 0x00, 0x02, 0x00, 0x03, 0x2B, 0x30, 0x31, 0x11, 0x21, 0x11,
0x21, 0x09, 0x00, 0xF7, 0x00, 0x05, 0x00, 0xFF, 0x00, 0x00, 0x00, 0x00,
0x00, 0x01, 0x00, 0x00, 0xFC, 0x00, 0x09, 0x00, 0x0C, 0x00, 0x00, 0x0B,
0x00, 0x3B, 0xBA, 0x00, 0x04, 0x00, 0x01, 0x00, 0x03, 0x2B, 0xB8, 0x00,
0x04, 0x10, 0xB8, 0x00, 0x07, 0xD0, 0xB8, 0x00, 0x01, 0x10, 0xB8, 0x00,
0x09, 0xD0, 0x00, 0xB8, 0x00, 0x08, 0x2F, 0xB8, 0x00, 0x02, 0x2F, 0xBA,
0x00, 0x05, 0x00, 0x06, 0x00, 0x03, 0x2B, 0xB8, 0x00, 0x05, 0x10, 0xB8,
0x00, 0x00, 0xD0, 0xB8, 0x00, 0x06, 0x10, 0xB8, 0x00, 0x0A, 0xD0, 0x30,
0x31, 0x11, 0x21, 0x11, 0x21, 0x11, 0x21, 0x11, 0x21, 0x11, 0x21, 0x11,
0x21, 0x03, 0x00, 0x02, 0x00, 0x04, 0x00, 0xFC, 0x00, 0xFE, 0x00, 0xFD,
0x00, 0x05, 0x00, 0x07, 0x00, 0xF9, 0x00, 0xFF, 0x00, 0xF8, 0x00, 0x08,
0x00, 0x00, 0x00, 0x00, 0x00, 0x01, 0x03, 0x00, 0xFC, 0x00, 0x09, 0x00,
0x0C, 0x00, 0x00, 0x0B, 0x00, 0x44, 0xBA, 0x00, 0x04, 0x00, 0x05, 0x00,
0x03, 0x2B, 0xB8, 0x00, 0x04, 0x10, 0xB8, 0x00, 0x00, 0xD0, 0xB8, 0x00,
0x04, 0x10, 0xB8, 0x00, 0x07, 0xD0, 0x00, 0xB8, 0x00, 0x06, 0x2F, 0xB8,
0x00, 0x04, 0x2F, 0xB8, 0x00, 0x00, 0x45, 0x58, 0xB8, 0x00, 0x08, 0x2F,
0x1B, 0xB9, 0x00, 0x08, 0x00, 0x05, 0x3E, 0x59, 0xBA, 0x00, 0x01, 0x00,
0x02, 0x00, 0x03, 0x2B, 0xB8, 0x00, 0x08, 0x10, 0xB8, 0x00, 0x0A, 0xDC,
0x30, 0x31, 0x01, 0x21, 0x11, 0x21, 0x11, 0x21, 0x11, 0x21, 0x11, 0x21,
0x11, 0x21, 0x05, 0x00, 0x04, 0x00, 0xFC, 0x00, 0xFE, 0x00, 0x02, 0x00,
0x04, 0x00, 0xFC, 0x00, 0x05, 0x00, 0xFF, 0x00, 0xF8, 0x00, 0x10, 0x00,
0xFB, 0x00, 0xFF, 0x00, 0x00, 0x02, 0x02, 0x00, 0xFC, 0x00, 0x09, 0x00,
0x0C, 0x00, 0x00, 0x03, 0x00, 0x0B, 0x00, 0x3B, 0xBA, 0x00, 0x01, 0x00,
0x00, 0x00, 0x03, 0x2B, 0xBA, 0x00, 0x04, 0x00, 0x05, 0x00, 0x03, 0x2B,
0xB8, 0x00, 0x04, 0x10, 0xB8, 0x00, 0x07, 0xD0, 0xB8, 0x00, 0x05, 0x10,
0xB8, 0x00, 0x0A, 0xDC, 0x00, 0xB8, 0x00, 0x00, 0x2F, 0xB8, 0x00, 0x06,
0x2F, 0xB8, 0x00, 0x02, 0x2F, 0xB8, 0x00, 0x04, 0x2F, 0xBA, 0x00, 0x09,
0x00, 0x0A, 0x00, 0x03, 0x2B, 0x30, 0x31, 0x01, 0x21, 0x11, 0x29, 0x02,
0x11, 0x21, 0x11, 0x21, 0x11, 0x21, 0x02, 0x00, 0x02, 0x00, 0xFE, 0x00,
0x05, 0x00, 0xFE, 0x00, 0x02, 0x00, 0x02, 0x00, 0xFE, 0x00, 0x0C, 0x00,
0xF0, 0x00, 0x10, 0x00, 0xF9, 0x00, 0xFF, 0x00, 0x00, 0x02, 0x02, 0x00,
0x04, 0x00, 0x09, 0x00, 0x0C, 0x00, 0x00, 0x05, 0x00, 0x0B, 0x00, 0x48,
0xBA, 0x00, 0x07, 0x00, 0x06, 0x00, 0x03, 0x2B, 0xBA, 0x00, 0x01, 0x00,
0x00, 0x00, 0x03, 0x2B, 0xB8, 0x00, 0x00, 0x10, 0xB8, 0x00, 0x03, 0xDC,
0xB8, 0x00, 0x09, 0xD0, 0x00, 0xB8, 0x00, 0x00, 0x2F, 0xB8, 0x00, 0x06,
0x2F, 0xB8, 0x00, 0x00, 0x45, 0x58, 0xB8, 0x00, 0x02, 0x2F, 0x1B, 0xB9,
0x00, 0x02, 0x00, 0x05, 0x3E, 0x59, 0xBA, 0x00, 0x09, 0x00, 0x0A, 0x00,
0x03, 0x2B, 0xB8, 0x00, 0x02, 0x10, 0xB8, 0x00, 0x04, 0xDC, 0x30, 0x31,
0x01, 0x21, 0x11, 0x21, 0x11, 0x21, 0x01, 0x21, 0x11, 0x21, 0x11, 0x21,
0x05, 0x00, 0x02, 0x00, 0x02, 0x00, 0xFC, 0x00, 0xFD, 0x00, 0x02, 0x00,
0x05, 0x00, 0xF9, 0x00, 0x0C, 0x00, 0xFB, 0x00, 0xFF, 0x00, 0x06, 0x00,
0xF9, 0x00, 0xFF, 0x00, 0x00, 0x02, 0x02, 0x00, 0xFC, 0x00, 0x09, 0x00,
0x07, 0x00, 0x00, 0x06, 0x00, 0x0C, 0x00, 0x54, 0xBA, 0x00, 0x0A, 0x00,
0x07, 0x00, 0x03, 0x2B, 0xBA, 0x00, 0x04, 0x00, 0x01, 0x00, 0x03, 0x2B,
0xB8, 0x00, 0x01, 0x10, 0xB8, 0x00, 0x03, 0xDC, 0xB8, 0x00, 0x01, 0x10,
0xB8, 0x00, 0x06, 0xD0, 0xB8, 0x00, 0x03, 0x10, 0xB8, 0x00, 0x08, 0xD0,
0x00, 0xB8, 0x00, 0x05, 0x2F, 0xB8, 0x00, 0x0B, 0x2F, 0xB8, 0x00, 0x00,
0x45, 0x58, 0xB8, 0x00, 0x07, 0x2F, 0x1B, 0xB9, 0x00, 0x07, 0x00, 0x05,
0x3E, 0x59, 0xBA, 0x00, 0x02, 0x00, 0x03, 0x00, 0x03, 0x2B, 0xB8, 0x00,
0x07, 0x10, 0xB8, 0x00, 0x09, 0xDC, 0x30, 0x31, 0x21, 0x11, 0x21, 0x11,
0x21, 0x11, 0x21, 0x01, 0x21, 0x11, 0x21, 0x11, 0x21, 0x05, 0x00, 0x04,
0x00, 0xFE, 0x00, 0xFE, 0x00, 0xFD, 0x00, 0x07, 0x00, 0xFB, 0x00, 0xFE,
0x00, 0x05, 0x00, 0xFF, 0x00, 0xF8, 0x00, 0x0B, 0x00, 0xFF, 0x00, 0xF6,
0x00, 0x00, 0x00, 0x00, 0x00, 0x03, 0x00, 0x00, 0x04, 0x00, 0x09, 0x00,
0x0C, 0x00, 0x00, 0x03, 0x00, 0x09, 0x00, 0x0F, 0x00, 0x71, 0xBA, 0x00,
0x0C, 0x00, 0x0D, 0x00, 0x03, 0x2B, 0xBA, 0x00, 0x05, 0x00, 0x08, 0x00,
0x03, 0x2B, 0xB8, 0x00, 0x0D, 0x10, 0xB8, 0x00, 0x00, 0xD0, 0xB8, 0x00,
0x08, 0x10, 0xB8, 0x00, 0x07, 0xDC, 0xB8, 0x00, 0x01, 0xD0, 0xB8, 0x00,
0x0C, 0x10, 0xB8, 0x00, 0x0A, 0xDC, 0x00, 0xB8, 0x00, 0x04, 0x2F, 0xB8,
0x00, 0x0A, 0x2F, 0xB8, 0x00, 0x00, 0x45, 0x58, 0xB8, 0x00, 0x05, 0x2F,
0x1B, 0xB9, 0x00, 0x05, 0x00, 0x05, 0x3E, 0x59, 0xB8, 0x00, 0x00, 0x45,
0x58, 0xB8, 0x00, 0x0E, 0x2F, 0x1B, 0xB9, 0x00, 0x0E, 0x00, 0x05, 0x3E,
0x59, 0xBA, 0x00, 0x01, 0x00, 0x02, 0x00, 0x03, 0x2B, 0xB8, 0x00, 0x05,
0x10, 0xB8, 0x00, 0x07, 0xDC, 0xB8, 0x00, 0x0C, 0xD0, 0xB8, 0x00, 0x0D,
0xD0, 0x30, 0x31, 0x11, 0x21, 0x11, 0x21, 0x01, 0x11, 0x21, 0x11, 0x21,
0x11, 0x29, 0x01, 0x11, 0x21, 0x11, 0x21, 0x09, 0x00, 0xF7, 0x00, 0x07,
0x00, 0x02, 0x00, 0xFC, 0x00, 0xFD, 0x00, 0x02, 0x00, 0xFC, 0x00, 0x02,
0x00, 0x05, 0x00, 0xFF, 0x00, 0x08, 0x00, 0xFB, 0x00, 0xFF, 0x00, 0x06,
0x00, 0xFA, 0x00, 0x01, 0x00, 0x00, 0x00, 0x00, 0x00, 0x03, 0x00, 0x00,
0xFC, 0x00, 0x09, 0x00, 0x07, 0x00, 0x00, 0x03, 0x00, 0x09, 0x00, 0x0F,
0x00, 0x68, 0xBA, 0x00, 0x0B, 0x00, 0x0A, 0x00, 0x03, 0x2B, 0xBA, 0x00,
0x07, 0x00, 0x04, 0x00, 0x03, 0x2B, 0xB8, 0x00, 0x0A, 0x10, 0xB8, 0x00,
0x00, 0xD0, 0xB8, 0x00, 0x04, 0x10, 0xB8, 0x00, 0x05, 0xDC, 0xB8, 0x00,
0x01, 0xD0, 0xB8, 0x00, 0x0B, 0x10, 0xB8, 0x00, 0x0D, 0xDC, 0x00, 0xB8,
0x00, 0x08, 0x2F, 0xB8, 0x00, 0x0C, 0x2F, 0xB8, 0x00, 0x00, 0x45, 0x58,
0xB8, 0x00, 0x00, 0x2F, 0x1B, 0xB9, 0x00, 0x00, 0x00, 0x05, 0x3E, 0x59,
0xBA, 0x00, 0x05, 0x00, 0x06, 0x00, 0x03, 0x2B, 0xB8, 0x00, 0x00, 0x10,
0xB8, 0x00, 0x02, 0xDC, 0xB8, 0x00, 0x05, 0x10, 0xB8, 0x00, 0x0A, 0xD0,
0xB8, 0x00, 0x06, 0x10, 0xB8, 0x00, 0x0E, 0xD0, 0x30, 0x31, 0x11, 0x21,
0x11, 0x21, 0x01, 0x21, 0x11, 0x21, 0x11, 0x21, 0x01, 0x21, 0x11, 0x21,
0x11, 0x21, 0x09, 0x00, 0xF7, 0x00, 0x05, 0x00, 0x04, 0x00, 0xFE, 0x00,
0xFE, 0x00, 0xFB, 0x00, 0x04, 0x00, 0xFE, 0x00, 0xFE, 0x00, 0x07, 0x00,
0xFF, 0x00, 0xFF, 0x00, 0xFF, 0x00, 0xF8, 0x00, 0x09, 0x00, 0xF7, 0x00,
0x08, 0x00, 0x00, 0x00, 0x00, 0x03, 0x02, 0x00, 0xFC, 0x00, 0x09, 0x00,
0x0C, 0x00, 0x00, 0x05, 0x00, 0x0B, 0x00, 0x0F, 0x00, 0x6C, 0xBA, 0x00,
0x0D, 0x00, 0x0C, 0x00, 0x03, 0x2B, 0xBA, 0x00, 0x01, 0x00, 0x00, 0x00,
0x03, 0x2B, 0xB8, 0x00, 0x00, 0x10, 0xB8, 0x00, 0x03, 0xDC, 0xB8, 0x00,
0x00, 0x10, 0xB8, 0x00, 0x06, 0xD0, 0xB8, 0x00, 0x03, 0x10, 0xB8, 0x00,
0x07, 0xD0, 0xB8, 0x00, 0x01, 0x10, 0xB8, 0x00, 0x09, 0xD0, 0xB8, 0x00,
0x05, 0x10, 0xB8, 0x00, 0x0B, 0xD0, 0x00, 0xB8, 0x00, 0x0A, 0x2F, 0xB8,
0x00, 0x0E, 0x2F, 0xB8, 0x00, 0x00, 0x2F, 0xB8, 0x00, 0x0C, 0x2F, 0xB8,
0x00, 0x00, 0x45, 0x58, 0xB8, 0x00, 0x02, 0x2F, 0x1B, 0xB9, 0x00, 0x02,
0x00, 0x05, 0x3E, 0x59, 0xBA, 0x00, 0x07, 0x00, 0x08, 0x00, 0x03, 0x2B,
0xB8, 0x00, 0x02, 0x10, 0xB8, 0x00, 0x04, 0xDC, 0x30, 0x31, 0x01, 0x21,
0x11, 0x21, 0x11, 0x21, 0x11, 0x21, 0x11, 0x21, 0x11, 0x21, 0x01, 0x21,
0x11, 0x21, 0x05, 0x00, 0x02, 0x00, 0x02, 0x00, 0xFC, 0x00, 0x04, 0x00,
0xFE, 0x00, 0xFE, 0x00, 0xFD, 0x00, 0x02, 0x00, 0xFE, 0x00, 0x0C, 0x00,
0xFB, 0x00, 0xFF, 0x00, 0xFF, 0x00, 0xFF, 0x00, 0xF8, 0x00, 0x10, 0x00,
0xF0, 0x00, 0x00, 0x00, 0x00, 0x02, 0x00, 0x00, 0x04, 0x00, 0x09, 0x00,
0x07, 0x00, 0x00, 0x03, 0x00, 0x07, 0x00, 0x24, 0x00, 0xB8, 0x00, 0x00,
0x45, 0x58, 0xB8, 0x00, 0x04, 0x2F, 0x1B, 0xB9, 0x00, 0x04, 0x00, 0x05,
0x3E, 0x59, 0xBA, 0x00, 0x01, 0x00, 0x02, 0x00, 0x03, 0x2B, 0xB8, 0x00,
0x04, 0x10, 0xB8, 0x00, 0x06, 0xDC, 0x30, 0x31, 0x11, 0x21, 0x11, 0x21,
0x11, 0x21, 0x11, 0x21, 0x09, 0x00, 0xF7, 0x00, 0x09, 0x00, 0xF7, 0x00,
0x05, 0x00, 0xFF, 0x00, 0x03, 0x00, 0xFF, 0x00, 0x00, 0x04, 0x00, 0x00,
0xFC, 0x00, 0x09, 0x00, 0x0C, 0x00, 0x00, 0x05, 0x00, 0x0B, 0x00, 0x11,
0x00, 0x17, 0x00, 0xB5, 0xBA, 0x00, 0x04, 0x00, 0x05, 0x00, 0x03, 0x2B,
0xBA, 0x00, 0x07, 0x00, 0x06, 0x00, 0x03, 0x2B, 0xB8, 0x00, 0x04, 0x10,
0xB8, 0x00, 0x01, 0xDC, 0xB8, 0x00, 0x06, 0x10, 0xB8, 0x00, 0x09, 0xDC,
0xB8, 0x00, 0x0C, 0xD0, 0xB8, 0x00, 0x07, 0x10, 0xB8, 0x00, 0x0E, 0xD0,
0xB8, 0x00, 0x06, 0x10, 0xB8, 0x00, 0x10, 0xD0, 0xB8, 0x00, 0x0B, 0x10,
0xB8, 0x00, 0x11, 0xD0, 0xB8, 0x00, 0x05, 0x10, 0xB8, 0x00, 0x12, 0xD0,
0xB8, 0x00, 0x04, 0x10, 0xB8, 0x00, 0x13, 0xD0, 0xB8, 0x00, 0x01, 0x10,
0xB8, 0x00, 0x15, 0xD0, 0x00, 0xB8, 0x00, 0x0F, 0x2F, 0xB8, 0x00, 0x14,
0x2F, 0xB8, 0x00, 0x02, 0x2F, 0xB8, 0x00, 0x06, 0x2F, 0xB8, 0x00, 0x00,
0x45, 0x58, 0xB8, 0x00, 0x00, 0x2F, 0x1B, 0xB9, 0x00, 0x00, 0x00, 0x05,
0x3E, 0x59, 0xB8, 0x00, 0x00, 0x45, 0x58, 0xB8, 0x00, 0x08, 0x2F, 0x1B,
0xB9, 0x00, 0x08, 0x00, 0x05, 0x3E, 0x59, 0xBA, 0x00, 0x0C, 0x00, 0x0D,
0x00, 0x03, 0x2B, 0xB8, 0x00, 0x08, 0x10, 0xB8, 0x00, 0x04, 0xDC, 0xB8,
0x00, 0x05, 0xD0, 0xB8, 0x00, 0x0A, 0xD0, 0xB8, 0x00, 0x0B, 0xD0, 0xB8,
0x00, 0x0C, 0x10, 0xB8, 0x00, 0x12, 0xD0, 0xB8, 0x00, 0x0D, 0x10, 0xB8,
0x00, 0x16, 0xD0, 0x30, 0x31, 0x11, 0x21, 0x11, 0x21, 0x11, 0x21, 0x01,
0x21, 0x11, 0x21, 0x11, 0x21, 0x01, 0x11, 0x21, 0x11, 0x21, 0x11, 0x29,
0x01, 0x11, 0x21, 0x11, 0x21, 0x02, 0x00, 0x02, 0x00, 0xFC, 0x00, 0x05,
0x00, 0x02, 0x00, 0x02, 0x00, 0xFC, 0x00, 0x04, 0x00, 0xFE, 0x00, 0xFE,
0x00, 0xFB, 0x00, 0x04, 0x00, 0xFE, 0x00, 0xFE, 0x00, 0x07, 0x00, 0x05,
0x00, 0xFA, 0x00, 0x06, 0x00, 0xFB, 0x00, 0xFF, 0x00, 0xFF, 0x00, 0xFF,
0x00, 0xF8, 0x00, 0x09, 0x00, 0xF7, 0x00, 0x08, 0x00, 0x00, 0x00, 0x00,
0x00, 0x02, 0x00, 0x00, 0x04, 0x00, 0x09, 0x00, 0x0A, 0x00, 0x00, 0x03,
0x00, 0x0B, 0x00, 0x52, 0xBA, 0x00, 0x08, 0x00, 0x05, 0x00, 0x03, 0x2B,
0x00, 0xB8, 0x00, 0x00, 0x45, 0x58, 0xB8, 0x00, 0x04, 0x2F, 0x1B, 0xB9,
0x00, 0x04, 0x00, 0x05, 0x3E, 0x59, 0xB8, 0x00, 0x00, 0x45, 0x58, 0xB8,
0x00, 0x08, 0x2F, 0x1B, 0xB9, 0x00, 0x08, 0x00, 0x05, 0x3E, 0x59, 0xB8,
0x00, 0x00, 0x45, 0x58, 0xB8, 0x00, 0x06, 0x2F, 0x1B, 0xB9, 0x00, 0x06,
0x00, 0x07, 0x3E, 0x59, 0xBA, 0x00, 0x01, 0x00, 0x02, 0x00, 0x03, 0x2B,
0xB8, 0x00, 0x08, 0x10, 0xB8, 0x00, 0x0A, 0xDC, 0xB8, 0x00, 0x0B, 0xD0,
0x30, 0x31, 0x11, 0x21, 0x11, 0x21, 0x11, 0x21, 0x11, 0x21, 0x11, 0x21,
0x11, 0x21, 0x09, 0x00, 0xF7, 0x00, 0x03, 0x00, 0x02, 0x00, 0x04, 0x00,
0xF7, 0x00, 0x05, 0x00, 0xFF, 0x00, 0x03, 0x00, 0x03, 0x00, 0xFD, 0x00,
0xFF, 0x00, 0x00, 0x00, 0x00, 0x01, 0x00, 0x00, 0x04, 0x00, 0x09, 0x00,
0x0C, 0x00, 0x00, 0x0B, 0x00, 0x43, 0xB8, 0x00, 0x0C, 0x2F, 0xB8, 0x00,
0x05, 0x2F, 0xB8, 0x00, 0x0C, 0x10, 0xB8, 0x00, 0x01, 0xD0, 0xB8, 0x00,
0x01, 0x2F, 0xB8, 0x00, 0x04, 0xDC, 0xB8, 0x00, 0x05, 0x10, 0xB8, 0x00,
0x08, 0xDC, 0x00, 0xB8, 0x00, 0x02, 0x2F, 0xB8, 0x00, 0x06, 0x2F, 0xBA,
0x00, 0x09, 0x00, 0x0A, 0x00, 0x03, 0x2B, 0xB8, 0x00, 0x09, 0x10, 0xB8,
0x00, 0x00, 0xD0, 0xB8, 0x00, 0x09, 0x10, 0xB8, 0x00, 0x04, 0xD0, 0x30,
0x31, 0x11, 0x21, 0x11, 0x21, 0x11, 0x21, 0x11, 0x21, 0x11, 0x21, 0x11,
0x21, 0x02, 0x00, 0x02, 0x00, 0x01, 0x00, 0x02, 0x00, 0x02, 0x00, 0xF7,
0x00, 0x05, 0x00, 0x07, 0x00, 0xF9, 0x00, 0x07, 0x00, 0xF9, 0x00, 0xFF,
0x00, 0x00, 0x00, 0x00, 0x00, 0x02, 0x00, 0x00, 0xFC, 0x00, 0x09, 0x00,
0x07, 0x00, 0x00, 0x03, 0x00, 0x0B, 0x00, 0x38, 0xBA, 0x00, 0x08, 0x00,
0x09, 0x00, 0x03, 0x2B, 0x00, 0xB8, 0x00, 0x08, 0x2F, 0xB8, 0x00, 0x00,
0x45, 0x58, 0xB8, 0x00, 0x00, 0x2F, 0x1B, 0xB9, 0x00, 0x00, 0x00, 0x05,
0x3E, 0x59, 0xBA, 0x00, 0x05, 0x00, 0x06, 0x00, 0x03, 0x2B, 0xB8, 0x00,
0x00, 0x10, 0xB8, 0x00, 0x02, 0xDC, 0xB8, 0x00, 0x06, 0x10, 0xB8, 0x00,
0x0A, 0xD0, 0x30, 0x31, 0x11, 0x21, 0x11, 0x21, 0x11, 0x21, 0x11, 0x21,
0x11, 0x21, 0x11, 0x21, 0x09, 0x00, 0xF7, 0x00, 0x09, 0x00, 0xFC, 0x00,
0xFE, 0x00, 0xFD, 0x00, 0x07, 0x00, 0xFF, 0x00, 0xFF, 0x00, 0xFF, 0x00,
0xF8, 0x00, 0x08, 0x00, 0x00, 0x01, 0x00, 0x00, 0xFC, 0x00, 0x09, 0x00,
0x05, 0x00, 0x00, 0x0B, 0x00, 0x43, 0xB8, 0x00, 0x0C, 0x2F, 0xB8, 0x00,
0x00, 0x2F, 0xB8, 0x00, 0x0C, 0x10, 0xB8, 0x00, 0x03, 0xD0, 0xB8, 0x00,
0x03, 0x2F, 0xB8, 0x00, 0x02, 0xDC, 0xB8, 0x00, 0x00, 0x10, 0xB8, 0x00,
0x09, 0xDC, 0x00, 0xB8, 0x00, 0x02, 0x2F, 0xB8, 0x00, 0x0A, 0x2F, 0xBA,
0x00, 0x07, 0x00, 0x08, 0x00, 0x03, 0x2B, 0xB8, 0x00, 0x08, 0x10, 0xB8,
0x00, 0x00, 0xD0, 0xB8, 0x00, 0x08, 0x10, 0xB8, 0x00, 0x04, 0xD0, 0x30,
0x31, 0x01, 0x21, 0x11, 0x21, 0x11, 0x21, 0x11, 0x21, 0x11, 0x21, 0x11,
0x21, 0x05, 0x00, 0xFF, 0x00, 0xFE, 0x00, 0xFE, 0x00, 0x09, 0x00, 0xFE,
0x00, 0xFE, 0x00, 0x04, 0x00, 0xF8, 0x00, 0x08, 0x00, 0x01, 0x00, 0xFF,
0x00, 0xF8, 0x00, 0x00, 0x00, 0x01, 0x02, 0x00, 0x04, 0x00, 0x09, 0x00,
0x0C, 0x00, 0x00, 0x09, 0x00, 0x3B, 0xB8, 0x00, 0x0A, 0x2F, 0xB8, 0x00,
0x03, 0x2F, 0xB8, 0x00, 0x0A, 0x10, 0xB8, 0x00, 0x00, 0xD0, 0xB8, 0x00,
0x00, 0x2F, 0xB8, 0x00, 0x01, 0xDC, 0xB8, 0x00, 0x03, 0x10, 0xB8, 0x00,
0x06, 0xDC, 0x00, 0xB8, 0x00, 0x00, 0x2F, 0xB8, 0x00, 0x04, 0x2F, 0xBA,
0x00, 0x07, 0x00, 0x08, 0x00, 0x03, 0x2B, 0xB8, 0x00, 0x07, 0x10, 0xB8,
0x00, 0x02, 0xD0, 0x30, 0x31, 0x01, 0x21, 0x11, 0x21, 0x11, 0x21, 0x11,
0x21, 0x11, 0x21, 0x02, 0x00, 0x02, 0x00, 0x01, 0x00, 0x02, 0x00, 0x02,
0x00, 0xF9, 0x00, 0x0C, 0x00, 0xF9, 0x00, 0x07, 0x00, 0xF9, 0x00, 0xFF,
0x00, 0x00, 0x00, 0x00, 0x00, 0x01, 0x03, 0x00, 0x04, 0x00, 0x09, 0x00,
0x0C, 0x00, 0x00, 0x09, 0x00, 0x38, 0xBA, 0x00, 0x01, 0x00, 0x00, 0x00,
0x03, 0x2B, 0xB8, 0x00, 0x01, 0x10, 0xB8, 0x00, 0x05, 0xD0, 0x00, 0xB8,
0x00, 0x00, 0x2F, 0xB8, 0x00, 0x00, 0x45, 0x58, 0xB8, 0x00, 0x02, 0x2F,
0x1B, 0xB9, 0x00, 0x02, 0x00, 0x05, 0x3E, 0x59, 0xBA, 0x00, 0x07, 0x00,
0x08, 0x00, 0x03, 0x2B, 0xB8, 0x00, 0x02, 0x10, 0xB8, 0x00, 0x04, 0xDC,
0x30, 0x31, 0x01, 0x21, 0x11, 0x21, 0x11, 0x21, 0x11, 0x21, 0x11, 0x21,
0x03, 0x00, 0x02, 0x00, 0x04, 0x00, 0xFC, 0x00, 0x04, 0x00, 0xFA, 0x00,
0x0C, 0x00, 0xFB, 0x00, 0xFF, 0x00, 0xFF, 0x00, 0xFF, 0x00, 0x00, 0x00,
0x00, 0x01, 0x03, 0x00, 0xFC, 0x00, 0x09, 0x00, 0x07, 0x00, 0x00, 0x09,
0x00, 0x38, 0xBA, 0x00, 0x07, 0x00, 0x08, 0x00, 0x03, 0x2B, 0xB8, 0x00,
0x07, 0x10, 0xB8, 0x00, 0x02, 0xD0, 0x00, 0xB8, 0x00, 0x07, 0x2F, 0xB8,
0x00, 0x00, 0x45, 0x58, 0xB8, 0x00, 0x00, 0x2F, 0x1B, 0xB9, 0x00, 0x00,
0x00, 0x05, 0x3E, 0x59, 0xBA, 0x00, 0x04, 0x00, 0x05, 0x00, 0x03, 0x2B,
0xB8, 0x00, 0x00, 0x10, 0xB8, 0x00, 0x01, 0xDC, 0x30, 0x31, 0x01, 0x11,
0x21, 0x11, 0x21, 0x11, 0x21, 0x11, 0x21, 0x11, 0x09, 0x00, 0xFC, 0x00,
0x04, 0x00, 0xFC, 0x00, 0xFE, 0x00, 0x07, 0x00, 0xFF, 0x00, 0xFF, 0x00,
0xFF, 0x00, 0xF8, 0x00, 0x0B, 0x00, 0x00, 0x00, 0x00, 0x01, 0x02, 0x00,
0xFC, 0x00, 0x09, 0x00, 0x05, 0x00, 0x00, 0x09, 0x00, 0x3B, 0xB8, 0x00,
0x0A, 0x2F, 0xB8, 0x00, 0x00, 0x2F, 0xB8, 0x00, 0x0A, 0x10, 0xB8, 0x00,
0x03, 0xD0, 0xB8, 0x00, 0x03, 0x2F, 0xB8, 0x00, 0x02, 0xDC, 0xB8, 0x00,
0x00, 0x10, 0xB8, 0x00, 0x07, 0xDC, 0x00, 0xB8, 0x00, 0x02, 0x2F, 0xB8,
0x00, 0x08, 0x2F, 0xBA, 0x00, 0x04, 0x00, 0x01, 0x00, 0x03, 0x2B, 0xB8,
0x00, 0x01, 0x10, 0xB8, 0x00, 0x06, 0xD0, 0x30, 0x31, 0x01, 0x21, 0x11,
0x21, 0x11, 0x21, 0x11, 0x21, 0x11, 0x21, 0x05, 0x00, 0xFF, 0x00, 0xFE,
0x00, 0x07, 0x00, 0xFE, 0x00, 0xFE, 0x00, 0x04, 0x00, 0xF8, 0x00, 0x09,
0x00, 0xFF, 0x00, 0xF8, 0x00, 0x00, 0x00, 0x00, 0x00, 0x01, 0x00, 0x00,
0xFC, 0x00, 0x09, 0x00, 0x0C, 0x00, 0x00, 0x13, 0x00, 0x77, 0xB8, 0x00,
0x14, 0x2F, 0xB8, 0x00, 0x00, 0x2F, 0xB8, 0x00, 0x14, 0x10, 0xB8, 0x00,
0x03, 0xD0, 0xB8, 0x00, 0x03, 0x2F, 0xB8, 0x00, 0x02, 0xDC, 0xB8, 0x00,
0x03, 0x10, 0xB8, 0x00, 0x07, 0xD0, 0xB8, 0x00, 0x02, 0x10, 0xB8, 0x00,
0x09, 0xD0, 0xB8, 0x00, 0x00, 0x10, 0xB8, 0x00, 0x0B, 0xD0, 0xB8, 0x00,
0x00, 0x10, 0xB8, 0x00, 0x11, 0xDC, 0xB8, 0x00, 0x0D, 0xD0, 0x00, 0xB8,
0x00, 0x02, 0x2F, 0xB8, 0x00, 0x12, 0x2F, 0xB8, 0x00, 0x08, 0x2F, 0xB8,
0x00, 0x0C, 0x2F, 0xBA, 0x00, 0x0B, 0x00, 0x00, 0x00, 0x03, 0x2B, 0xB8,
0x00, 0x00, 0x10, 0xB8, 0x00, 0x04, 0xD0, 0xB8, 0x00, 0x0B, 0x10, 0xB8,
0x00, 0x06, 0xD0, 0xB8, 0x00, 0x0B, 0x10, 0xB8, 0x00, 0x0E, 0xD0, 0xB8,
0x00, 0x00, 0x10, 0xB8, 0x00, 0x10, 0xD0, 0x30, 0x31, 0x01, 0x21, 0x11,
0x21, 0x11, 0x21, 0x11, 0x21, 0x11, 0x21, 0x11, 0x21, 0x11, 0x21, 0x11,
0x21, 0x11, 0x21, 0x11, 0x21, 0x05, 0x00, 0xFF, 0x00, 0xFE, 0x00, 0xFE,
0x00, 0x02, 0x00, 0x02, 0x00, 0x01, 0x00, 0x02, 0x00, 0x02, 0x00, 0xFE,
0x00, 0xFE, 0x00, 0x04, 0x00, 0xF8, 0x00, 0x08, 0x00, 0x01, 0x00, 0x07,
0x00, 0xF9, 0x00, 0x07, 0x00, 0xF9, 0x00, 0xFF, 0x00, 0xF8, 0x00, 0x00,
0x00, 0x01, 0x00, 0x00, 0xFC, 0x00, 0x09, 0x00, 0x0C, 0x00, 0x00, 0x13,
0x00, 0x81, 0xBA, 0x00, 0x04, 0x00, 0x01, 0x00, 0x03, 0x2B, 0xB8, 0x00,
0x04, 0x10, 0xB8, 0x00, 0x07, 0xD0, 0xB8, 0x00, 0x04, 0x10, 0xB8, 0x00,
0x0B, 0xD0, 0xB8, 0x00, 0x01, 0x10, 0xB8, 0x00, 0x0D, 0xD0, 0xB8, 0x00,
0x01, 0x10, 0xB8, 0x00, 0x11, 0xD0, 0x00, 0xB8, 0x00, 0x0C, 0x2F, 0xB8,
0x00, 0x02, 0x2F, 0xB8, 0x00, 0x00, 0x45, 0x58, 0xB8, 0x00, 0x00, 0x2F,
0x1B, 0xB9, 0x00, 0x00, 0x00, 0x05, 0x3E, 0x59, 0xB8, 0x00, 0x00, 0x45,
0x58, 0xB8, 0x00, 0x04, 0x2F, 0x1B, 0xB9, 0x00, 0x04, 0x00, 0x05, 0x3E,
0x59, 0xBA, 0x00, 0x09, 0x00, 0x0A, 0x00, 0x03, 0x2B, 0xB8, 0x00, 0x04,
0x10, 0xB8, 0x00, 0x06, 0xDC, 0xB8, 0x00, 0x0A, 0x10, 0xB8, 0x00, 0x0E,
0xD0, 0xB8, 0x00, 0x09, 0x10, 0xB8, 0x00, 0x10, 0xD0, 0xB8, 0x00, 0x06,
0x10, 0xB8, 0x00, 0x12, 0xD0, 0xB8, 0x00, 0x13, 0xD0, 0x30, 0x31, 0x11,
0x21, 0x11, 0x21, 0x11, 0x21, 0x11, 0x21, 0x11, 0x21, 0x11, 0x21, 0x11,
0x21, 0x11, 0x21, 0x11, 0x21, 0x11, 0x21, 0x03, 0x00, 0x02, 0x00, 0x04,
0x00, 0xFC, 0x00, 0x04, 0x00, 0xFC, 0x00, 0xFE, 0x00, 0xFD, 0x00, 0x03,
0x00, 0xFD, 0x00, 0x07, 0x00, 0x05, 0x00, 0xFB, 0x00, 0xFF, 0x00, 0xFF,
0x00, 0xFF, 0x00, 0xF8, 0x00, 0x08, 0x00, 0x01, 0x00, 0x01, 0x00, 0x00,
0x00, 0x01, 0x00, 0x00, 0x04, 0x00, 0x05, 0x00, 0x0C, 0x00, 0x00, 0x05,
0x00, 0x17, 0xBA, 0x00, 0x04, 0x00, 0x01, 0x00, 0x03, 0x2B, 0x00, 0xB8,
0x00, 0x02, 0x2F, 0xBA, 0x00, 0x01, 0x00, 0x04, 0x00, 0x03, 0x2B, 0x30,
0x31, 0x11, 0x21, 0x11, 0x21, 0x11, 0x21, 0x03, 0x00, 0x02, 0x00, 0xFB,
0x00, 0x05, 0x00, 0x07, 0x00, 0xF8, 0x00, 0x00, 0x00, 0x01, 0x03, 0x00,
0xFC, 0x00, 0x09, 0x00, 0x05, 0x00, 0x00, 0x05, 0x00, 0x17, 0xBA, 0x00,
0x03, 0x00, 0x00, 0x00, 0x03, 0x2B, 0x00, 0xB8, 0x00, 0x04, 0x2F, 0xBA,
0x00, 0x01, 0x00, 0x02, 0x00, 0x03, 0x2B, 0x30, 0x31, 0x01, 0x21, 0x11,
0x21, 0x11, 0x21, 0x03, 0x00, 0x06, 0x00, 0xFC, 0x00, 0xFE, 0x00, 0x05,
0x00, 0xFF, 0x00, 0xF8, 0x00, 0x00, 0x00, 0x00, 0x00, 0x01, 0x00, 0x00,
0xFC, 0x00, 0x09, 0x00, 0x0C, 0x00, 0x00, 0x03, 0x00, 0x0B, 0x00, 0xB8,
0x00, 0x00, 0x2F, 0xB8, 0x00, 0x02, 0x2F, 0x30, 0x31, 0x11, 0x21, 0x11,
0x21, 0x09, 0x00, 0xF7, 0x00, 0x0C, 0x00, 0xF0, 0x00, 0x00, 0x00, 0x00,
0x00, 0x01, 0x00, 0x00, 0xFC, 0x00, 0x09, 0x00, 0x05, 0x00, 0x00, 0x03,
0x00, 0x0B, 0x00, 0xB8, 0x00, 0x00, 0x2F, 0xB8, 0x00, 0x02, 0x2F, 0x30,
0x31, 0x11, 0x21, 0x11, 0x21, 0x09, 0x00, 0xF7, 0x00, 0x05, 0x00, 0xF7,
0x00, 0x00, 0x00, 0x00, 0x00, 0x01, 0x00, 0x00, 0xFC, 0x00, 0x04, 0x00,
0x0C, 0x00, 0x00, 0x03, 0x00, 0x13, 0xBA, 0x00, 0x01, 0x00, 0x00, 0x00,
0x03, 0x2B, 0x00, 0xB8, 0x00, 0x00, 0x2F, 0xB8, 0x00, 0x02, 0x2F, 0x30,
0x31, 0x11, 0x21, 0x11, 0x21, 0x04, 0x00, 0xFC, 0x00, 0x0C, 0x00, 0xF0,
0x00, 0x00, 0x00, 0x00, 0x00, 0x01, 0x04, 0x00, 0xFC, 0x00, 0x09, 0x00,
0x0C, 0x00, 0x00, 0x03, 0x00, 0x0B, 0x00, 0xB8, 0x00, 0x00, 0x2F, 0xB8,
0x00, 0x02, 0x2F, 0x30, 0x31, 0x01, 0x21, 0x11, 0x21, 0x04, 0x00, 0x05,
0x00, 0xFB, 0x00, 0x0C, 0x00, 0xF0, 0x00, 0x00, 0x00, 0x01, 0x00, 0x00,
0x05, 0x00, 0x09, 0x00, 0x0C, 0x00, 0x00, 0x03, 0x00, 0x0B, 0x00, 0xB8,
0x00, 0x00, 0x2F, 0xB8, 0x00, 0x02, 0x2F, 0x30, 0x31, 0x11, 0x21, 0x11,
0x21, 0x09, 0x00, 0xF7, 0x00, 0x0C, 0x00, 0xF9, 0x00, 0x00, 0x00, 0x00,
0x00, 0x02, 0x00, 0x00, 0x00, 0x00, 0x07, 0x00, 0x07, 0x00, 0x00, 0x03,
0x00, 0x1B, 0x00, 0xFF, 0xBA, 0x00, 0x02, 0x00, 0x09, 0x00, 0x03, 0x2B,
0xBA, 0x00, 0x06, 0x00, 0x07, 0x00, 0x03, 0x2B, 0xBA, 0x00, 0x0F, 0x00,
0x00, 0x00, 0x03, 0x2B, 0xB8, 0x00, 0x0F, 0x10, 0xB8, 0x00, 0x04, 0xD0,
0xB8, 0x00, 0x07, 0x10, 0xB8, 0x00, 0x0B, 0xD0, 0xB8, 0x00, 0x06, 0x10,
0xB8, 0x00, 0x0D, 0xD0, 0xB8, 0x00, 0x0F, 0x10, 0xB8, 0x00, 0x19, 0xDC,
0xB8, 0x00, 0x11, 0xD0, 0xB8, 0x00, 0x00, 0x10, 0xB8, 0x00, 0x13, 0xDC,
0xB8, 0x00, 0x0F, 0x10, 0xB8, 0x00, 0x15, 0xD0, 0xB8, 0x00, 0x04, 0x10,
0xB8, 0x00, 0x16, 0xD0, 0xB8, 0x00, 0x13, 0x10, 0xB8, 0x00, 0x17, 0xD0,
0x00, 0xB8, 0x00, 0x00, 0x45, 0x58, 0xB8, 0x00, 0x0C, 0x2F, 0x1B, 0xB9,
0x00, 0x0C, 0x00, 0x05, 0x3E, 0x59, 0xB8, 0x00, 0x00, 0x45, 0x58, 0xB8,
0x00, 0x10, 0x2F, 0x1B, 0xB9, 0x00, 0x10, 0x00, 0x05, 0x3E, 0x59, 0xB8,
0x00, 0x00, 0x45, 0x58, 0xB8, 0x00, 0x06, 0x2F, 0x1B, 0xB9, 0x00, 0x06,
0x00, 0x01, 0x3E, 0x59, 0xB8, 0x00, 0x00, 0x45, 0x58, 0xB8, 0x00, 0x1A,
0x2F, 0x1B, 0xB9, 0x00, 0x1A, 0x00, 0x01, 0x3E, 0x59, 0xB8, 0x00, 0x0C,
0x10, 0xB8, 0x00, 0x00, 0xDC, 0xB8, 0x00, 0x06, 0x10, 0xB8, 0x00, 0x02,
0xDC, 0xB8, 0x00, 0x04, 0xD0, 0xB8, 0x00, 0x05, 0xD0, 0xB8, 0x00, 0x08,
0xD0, 0xB8, 0x00, 0x09, 0xD0, 0xB8, 0x00, 0x00, 0x10, 0xB8, 0x00, 0x0A,
0xD0, 0xB8, 0x00, 0x0B, 0xD0, 0xB8, 0x00, 0x0E, 0xD0, 0xB8, 0x00, 0x0F,
0xD0, 0xB8, 0x00, 0x12, 0xD0, 0xB8, 0x00, 0x13, 0xD0, 0xB8, 0x00, 0x10,
0x10, 0xB8, 0x00, 0x14, 0xDC, 0xB8, 0x00, 0x06, 0x10, 0xB8, 0x00, 0x16,
0xDC, 0xB8, 0x00, 0x17, 0xD0, 0xB8, 0x00, 0x09, 0x10, 0xB8, 0x00, 0x18,
0xD0, 0xB8, 0x00, 0x19, 0xD0, 0x30, 0x31, 0x01, 0x21, 0x11, 0x29, 0x02,
0x11, 0x21, 0x11, 0x21, 0x11, 0x21, 0x11, 0x21, 0x11, 0x21, 0x11, 0x21,
0x11, 0x21, 0x11, 0x21, 0x11, 0x21, 0x11, 0x21, 0x11, 0x21, 0x03, 0x00,
0xFF, 0x00, 0x01, 0x00, 0x02, 0x00, 0xFF, 0x00, 0xFD, 0x00, 0xFF, 0x00,
0x01, 0x00, 0x03, 0x00, 0x01, 0x00, 0x02, 0x00, 0xFF, 0x00, 0xFF, 0x00,
0x01, 0x00, 0x01, 0x00, 0xFE, 0x00, 0x06, 0x00, 0xFB, 0x00, 0xFF, 0x00,
0x01, 0x00, 0x05, 0x00, 0x01, 0x00, 0xFF, 0x00, 0x01, 0x00, 0xFF, 0x00,
0xFF, 0x00, 0xFD, 0x00, 0xFF, 0x00, 0xFF, 0x00, 0x00, 0x01, 0x00, 0x00,
0x00, 0x00, 0x07, 0x00, 0x0A, 0x00, 0x00, 0x1B, 0x00, 0xE2, 0xBA, 0x00,
0x0A, 0x00, 0x0B, 0x00, 0x03, 0x2B, 0xBA, 0x00, 0x10, 0x00, 0x0D, 0x00,
0x03, 0x2B, 0xBA, 0x00, 0x19, 0x00, 0x00, 0x00, 0x03, 0x2B, 0xB8, 0x00,
0x10, 0x10, 0xB8, 0x00, 0x01, 0xD0, 0xB8, 0x00, 0x14, 0xD0, 0xB8, 0x00,
0x02, 0xD0, 0xB8, 0x00, 0x00, 0x10, 0xB8, 0x00, 0x03, 0xD0, 0xB8, 0x00,
0x10, 0x10, 0xB8, 0x00, 0x05, 0xDC, 0xB8, 0x00, 0x00, 0x10, 0xB8, 0x00,
0x07, 0xD0, 0xB8, 0x00, 0x19, 0x10, 0xB8, 0x00, 0x11, 0xD0, 0xB8, 0x00,
0x10, 0x10, 0xB8, 0x00, 0x13, 0xD0, 0xB8, 0x00, 0x19, 0x10, 0xB8, 0x00,
0x15, 0xD0, 0xB8, 0x00, 0x10, 0x10, 0xB8, 0x00, 0x18, 0xDC, 0x00, 0xB8,
0x00, 0x00, 0x45, 0x58, 0xB8, 0x00, 0x0E, 0x2F, 0x1B, 0xB9, 0x00, 0x0E,
0x00, 0x07, 0x3E, 0x59, 0xB8, 0x00, 0x00, 0x45, 0x58, 0xB8, 0x00, 0x0A,
0x2F, 0x1B, 0xB9, 0x00, 0x0A, 0x00, 0x01, 0x3E, 0x59, 0xB8, 0x00, 0x00,
0x45, 0x58, 0xB8, 0x00, 0x1A, 0x2F, 0x1B, 0xB9, 0x00, 0x1A, 0x00, 0x01,
0x3E, 0x59, 0xB8, 0x00, 0x0A, 0x10, 0xB8, 0x00, 0x00, 0xDC, 0xB8, 0x00,
0x01, 0xD0, 0xB8, 0x00, 0x0E, 0x10, 0xB8, 0x00, 0x08, 0xDC, 0xB8, 0x00,
0x07, 0xDC, 0xB8, 0x00, 0x04, 0xDC, 0xB8, 0x00, 0x08, 0x10, 0xB8, 0x00,
0x0C, 0xD0, 0xB8, 0x00, 0x0D, 0xD0, 0xB8, 0x00, 0x10, 0xD0, 0xB8, 0x00,
0x11, 0xD0, 0xB8, 0x00, 0x07, 0x10, 0xB8, 0x00, 0x12, 0xD0, 0xB8, 0x00,
0x04, 0x10, 0xB8, 0x00, 0x14, 0xD0, 0xB8, 0x00, 0x01, 0x10, 0xB8, 0x00,
0x18, 0xD0, 0xB8, 0x00, 0x19, 0xD0, 0x30, 0x31, 0x01, 0x21, 0x11, 0x21,
0x11, 0x21, 0x11, 0x21, 0x11, 0x21, 0x11, 0x21, 0x11, 0x21, 0x11, 0x21,
0x11, 0x21, 0x11, 0x21, 0x11, 0x21, 0x11, 0x21, 0x11, 0x21, 0x11, 0x21,
0x04, 0x00, 0x01, 0x00, 0xFF, 0x00, 0xFF, 0x00, 0x01, 0x00, 0xFE, 0x00,
0xFE, 0x00, 0x01, 0x00, 0x04, 0x00, 0x01, 0x00, 0xFF, 0x00, 0x01, 0x00,
0x01, 0x00, 0xFF, 0x00, 0xFE, 0x00, 0x01, 0x00, 0x03, 0x00, 0x01, 0x00,
0x01, 0x00, 0x03, 0x00, 0xF7, 0x00, 0x09, 0x00, 0x01, 0x00, 0xFF, 0x00,
0xFD, 0x00, 0xFF, 0x00, 0xFF, 0x00, 0xFD, 0x00, 0xFF, 0x00, 0x00, 0x00,
0x00, 0x01, 0x00, 0x00, 0x00, 0x00, 0x07, 0x00, 0x0A, 0x00, 0x00, 0x07,
0x00, 0x55, 0xB8, 0x00, 0x08, 0x2F, 0xB8, 0x00, 0x05, 0x2F, 0xB8, 0x00,
0x08, 0x10, 0xB8, 0x00, 0x01, 0xD0, 0xB8, 0x00, 0x01, 0x2F, 0xB8, 0x00,
0x00, 0xDC, 0xB8, 0x00, 0x05, 0x10, 0xB8, 0x00, 0x04, 0xDC, 0x00, 0xB8,
0x00, 0x00, 0x45, 0x58, 0xB8, 0x00, 0x02, 0x2F, 0x1B, 0xB9, 0x00, 0x02,
0x00, 0x07, 0x3E, 0x59, 0xB8, 0x00, 0x00, 0x45, 0x58, 0xB8, 0x00, 0x00,
0x2F, 0x1B, 0xB9, 0x00, 0x00, 0x00, 0x01, 0x3E, 0x59, 0xB8, 0x00, 0x02,
0x10, 0xB8, 0x00, 0x04, 0xDC, 0xB8, 0x00, 0x02, 0x10, 0xB8, 0x00, 0x06,
0xDC, 0x30, 0x31, 0x29, 0x01, 0x11, 0x21, 0x11, 0x21, 0x11, 0x21, 0x02,
0x00, 0xFE, 0x00, 0x07, 0x00, 0xFE, 0x00, 0xFD, 0x00, 0x0A, 0x00, 0xFD,
0x00, 0x02, 0x00, 0x00, 0x00, 0x01, 0x00, 0x00, 0x00, 0x00, 0x07, 0x00,
0x07, 0x00, 0x00, 0x0B, 0x00, 0x6E, 0xB8, 0x00, 0x0C, 0x2F, 0xB8, 0x00,
0x00, 0x2F, 0xB8, 0x00, 0x0C, 0x10, 0xB8, 0x00, 0x03, 0xD0, 0xB8, 0x00,
0x03, 0x2F, 0xB8, 0x00, 0x02, 0xDC, 0xB8, 0x00, 0x00, 0x10, 0xB8, 0x00,
0x09, 0xDC, 0x00, 0xB8, 0x00, 0x00, 0x45, 0x58, 0xB8, 0x00, 0x06, 0x2F,
0x1B, 0xB9, 0x00, 0x06, 0x00, 0x05, 0x3E, 0x59, 0xB8, 0x00, 0x00, 0x45,
0x58, 0xB8, 0x00, 0x02, 0x2F, 0x1B, 0xB9, 0x00, 0x02, 0x00, 0x01, 0x3E,
0x59, 0xB8, 0x00, 0x00, 0x45, 0x58, 0xB8, 0x00, 0x0A, 0x2F, 0x1B, 0xB9,
0x00, 0x0A, 0x00, 0x01, 0x3E, 0x59, 0xB8, 0x00, 0x06, 0x10, 0xB8, 0x00,
0x00, 0xDC, 0xB8, 0x00, 0x04, 0xD0, 0xB8, 0x00, 0x05, 0xD0, 0xB8, 0x00,
0x08, 0xD0, 0xB8, 0x00, 0x09, 0xD0, 0x30, 0x31, 0x01, 0x21, 0x11, 0x21,
0x11, 0x21, 0x11, 0x21, 0x11, 0x21, 0x11, 0x21, 0x04, 0x00, 0xFF, 0x00,
0xFE, 0x00, 0xFF, 0x00, 0x07, 0x00, 0xFF, 0x00, 0xFE, 0x00, 0x06, 0x00,
0xFA, 0x00, 0x06, 0x00, 0x01, 0x00, 0xFF, 0x00, 0xFA, 0x00, 0x00, 0x00,
0x00, 0x01, 0x00, 0x00, 0x00, 0x00, 0x07, 0x00, 0x0A, 0x00, 0x00, 0x23,
0x01, 0x65, 0xBA, 0x00, 0x1D, 0x00, 0x00, 0x00, 0x03, 0x2B, 0xBA, 0x00,
0x1C, 0x00, 0x01, 0x00, 0x03, 0x2B, 0xB8, 0x00, 0x1D, 0x10, 0xB8, 0x00,
0x03, 0xD0, 0xB8, 0x00, 0x1C, 0x10, 0xB8, 0x00, 0x05, 0xD0, 0xB8, 0x00,
0x1D, 0x10, 0xB8, 0x00, 0x07, 0xD0, 0xB8, 0x00, 0x03, 0x10, 0xB8, 0x00,
0x08, 0xD0, 0xB8, 0x00, 0x01, 0x10, 0xB8, 0x00, 0x09, 0xD0, 0xB8, 0x00,
0x00, 0x10, 0xB8, 0x00, 0x0B, 0xD0, 0xB8, 0x00, 0x1C, 0x10, 0xB8, 0x00,
0x18, 0xDC, 0xB8, 0x00, 0x0E, 0xDC, 0xB8, 0x00, 0x18, 0x10, 0xB8, 0x00,
0x0F, 0xD0, 0xB8, 0x00, 0x1D, 0x10, 0xB8, 0x00, 0x11, 0xD0, 0xB8, 0x00,
0x03, 0x10, 0xB8, 0x00, 0x12, 0xD0, 0xB8, 0x00, 0x1C, 0x10, 0xB8, 0x00,
0x13, 0xD0, 0xB8, 0x00, 0x05, 0x10, 0xB8, 0x00, 0x14, 0xD0, 0xB8, 0x00,
0x1D, 0x10, 0xB8, 0x00, 0x1A, 0xDC, 0xB8, 0x00, 0x15, 0xD0, 0xB8, 0x00,
0x0F, 0x10, 0xB8, 0x00, 0x17, 0xD0, 0xB8, 0x00, 0x18, 0x10, 0xB8, 0x00,
0x1F, 0xD0, 0xB8, 0x00, 0x0F, 0x10, 0xB8, 0x00, 0x20, 0xD0, 0xB8, 0x00,
0x0E, 0x10, 0xB8, 0x00, 0x21, 0xD0, 0x00, 0xB8, 0x00, 0x00, 0x45, 0x58,
0xB8, 0x00, 0x0C, 0x2F, 0x1B, 0xB9, 0x00, 0x0C, 0x00, 0x07, 0x3E, 0x59,
0xB8, 0x00, 0x00, 0x45, 0x58, 0xB8, 0x00, 0x22, 0x2F, 0x1B, 0xB9, 0x00,
0x22, 0x00, 0x01, 0x3E, 0x59, 0xB8, 0x00, 0x00, 0xDC, 0xB8, 0x00, 0x1C,
0xD0, 0xB8, 0x00, 0x1D, 0xD0, 0xB8, 0x00, 0x01, 0xD0, 0xB8, 0x00, 0x22,
0x10, 0xB8, 0x00, 0x02, 0xDC, 0xB8, 0x00, 0x1D, 0x10, 0xB8, 0x00, 0x04,
0xDC, 0xB8, 0x00, 0x0C, 0x10, 0xB8, 0x00, 0x0A, 0xDC, 0xB8, 0x00, 0x0E,
0xD0, 0xB8, 0x00, 0x0F, 0xD0, 0xB8, 0x00, 0x12, 0xD0, 0xB8, 0x00, 0x13,
0xD0, 0xB8, 0x00, 0x06, 0xDC, 0xB8, 0x00, 0x04, 0x10, 0xB8, 0x00, 0x07,
0xDC, 0xB8, 0x00, 0x0C, 0x10, 0xB8, 0x00, 0x08, 0xDC, 0xB8, 0x00, 0x13,
0x10, 0xB8, 0x00, 0x0B, 0xD0, 0xB8, 0x00, 0x0C, 0x10, 0xB8, 0x00, 0x10,
0xDC, 0xB8, 0x00, 0x08, 0x10, 0xB8, 0x00, 0x14, 0xD0, 0xB8, 0x00, 0x15,
0xD0, 0xB8, 0x00, 0x07, 0x10, 0xB8, 0x00, 0x16, 0xD0, 0xB8, 0x00, 0x06,
0x10, 0xB8, 0x00, 0x17, 0xD0, 0xB8, 0x00, 0x04, 0x10, 0xB8, 0x00, 0x18,
0xD0, 0xB8, 0x00, 0x02, 0x10, 0xB8, 0x00, 0x1A, 0xD0, 0xB8, 0x00, 0x1B,
0xD0, 0xB8, 0x00, 0x22, 0x10, 0xB8, 0x00, 0x1E, 0xDC, 0xB8, 0x00, 0x1D,
0x10, 0xB8, 0x00, 0x20, 0xD0, 0xB8, 0x00, 0x21, 0xD0, 0x30, 0x31, 0x11,
0x21, 0x11, 0x21, 0x11, 0x21, 0x11, 0x21, 0x11, 0x21, 0x11, 0x21, 0x11,
0x21, 0x11, 0x21, 0x11, 0x21, 0x11, 0x21, 0x11, 0x21, 0x11, 0x21, 0x11,
0x21, 0x11, 0x21, 0x11, 0x21, 0x11, 0x21, 0x11, 0x21, 0x11, 0x21, 0x01,
0x00, 0x01, 0x00, 0x01, 0x00, 0xFF, 0x00, 0xFF, 0x00, 0xFF, 0x00, 0x07,
0x00, 0xFE, 0x00, 0xFD, 0x00, 0x01, 0x00, 0x01, 0x00, 0x01, 0x00, 0xFF,
0x00, 0xFF, 0x00, 0xFF, 0x00, 0x03, 0x00, 0x02, 0x00, 0xF9, 0x00, 0x02,
0x00, 0x01, 0x00, 0x01, 0x00, 0x02, 0x00, 0x01, 0x00, 0x01, 0x00, 0x02,
0x00, 0xFE, 0x00, 0x01, 0x00, 0xFF, 0x00, 0xFF, 0x00, 0xFF, 0x00, 0xFE,
0x00, 0xFF, 0x00, 0xFF, 0x00, 0xFF, 0x00, 0x01, 0x00, 0xFE, 0x00, 0x00,
0x00, 0x02, 0x00, 0x00, 0x00, 0x00, 0x07, 0x00, 0x07, 0x00, 0x00, 0x03,
0x00, 0x0F, 0x00, 0x7D, 0xBA, 0x00, 0x01, 0x00, 0x04, 0x00, 0x03, 0x2B,
0xBA, 0x00, 0x0B, 0x00, 0x0E, 0x00, 0x03, 0x2B, 0xBA, 0x00, 0x09, 0x00,
0x00, 0x00, 0x03, 0x2B, 0xB8, 0x00, 0x0E, 0x10, 0xB8, 0x00, 0x05, 0xD0,
0x00, 0xB8, 0x00, 0x00, 0x45, 0x58, 0xB8, 0x00, 0x06, 0x2F, 0x1B, 0xB9,
0x00, 0x06, 0x00, 0x05, 0x3E, 0x59, 0xB8, 0x00, 0x00, 0x45, 0x58, 0xB8,
0x00, 0x0C, 0x2F, 0x1B, 0xB9, 0x00, 0x0C, 0x00, 0x01, 0x3E, 0x59, 0xB8,
0x00, 0x06, 0x10, 0xB8, 0x00, 0x00, 0xDC, 0xB8, 0x00, 0x0C, 0x10, 0xB8,
0x00, 0x02, 0xDC, 0xB8, 0x00, 0x00, 0x10, 0xB8, 0x00, 0x04, 0xD0, 0xB8,
0x00, 0x05, 0xD0, 0xB8, 0x00, 0x08, 0xD0, 0xB8, 0x00, 0x09, 0xD0, 0xB8,
0x00, 0x02, 0x10, 0xB8, 0x00, 0x0A, 0xD0, 0xB8, 0x00, 0x0B, 0xD0, 0xB8,
0x00, 0x0E, 0xD0, 0xB8, 0x00, 0x0F, 0xD0, 0x30, 0x31, 0x01, 0x21, 0x11,
0x21, 0x01, 0x21, 0x11, 0x21, 0x11, 0x21, 0x11, 0x21, 0x11, 0x21, 0x11,
0x21, 0x03, 0x00, 0xFF, 0x00, 0x01, 0x00, 0xFD, 0x00, 0x01, 0x00, 0x06,
0x00, 0xFE, 0x00, 0xFF, 0x00, 0xFD, 0x00, 0xFF, 0x00, 0x06, 0x00, 0xFB,
0x00, 0x05, 0x00, 0x01, 0x00, 0xFF, 0x00, 0xFB, 0x00, 0xFF, 0x00, 0x01,
0x00, 0x00, 0x00, 0x00, 0x00, 0x01, 0x00, 0x00, 0xFD, 0x00, 0x07, 0x00,
0x07, 0x00, 0x00, 0x0F, 0x00, 0x8B, 0xBA, 0x00, 0x0D, 0x00, 0x00, 0x00,
0x03, 0x2B, 0xBA, 0x00, 0x0C, 0x00, 0x01, 0x00, 0x03, 0x2B, 0xBA, 0x00,
0x08, 0x00, 0x05, 0x00, 0x03, 0x2B, 0xB8, 0x00, 0x0C, 0x10, 0xB8, 0x00,
0x03, 0xD0, 0x00, 0xB8, 0x00, 0x00, 0x45, 0x58, 0xB8, 0x00, 0x02, 0x2F,
0x1B, 0xB9, 0x00, 0x02, 0x00, 0x05, 0x3E, 0x59, 0xB8, 0x00, 0x00, 0x45,
0x58, 0xB8, 0x00, 0x06, 0x2F, 0x1B, 0xB9, 0x00, 0x06, 0x00, 0x05, 0x3E,
0x59, 0xB8, 0x00, 0x00, 0x45, 0x58, 0xB8, 0x00, 0x0E, 0x2F, 0x1B, 0xB9,
0x00, 0x0E, 0x00, 0x03, 0x3E, 0x59, 0xB8, 0x00, 0x00, 0x45, 0x58, 0xB8,
0x00, 0x0A, 0x2F, 0x1B, 0xB9, 0x00, 0x0A, 0x00, 0x01, 0x3E, 0x59, 0xB8,
0x00, 0x0E, 0x10, 0xB8, 0x00, 0x00, 0xDC, 0xB8, 0x00, 0x0A, 0x10, 0xB8,
0x00, 0x04, 0xDC, 0xB8, 0x00, 0x08, 0xD0, 0xB8, 0x00, 0x09, 0xD0, 0xB8,
0x00, 0x00, 0x10, 0xB8, 0x00, 0x0C, 0xD0, 0xB8, 0x00, 0x0D, 0xD0, 0x30,
0x31, 0x11, 0x21, 0x11, 0x21, 0x11, 0x21, 0x11, 0x21, 0x11, 0x21, 0x11,
0x21, 0x11, 0x21, 0x11, 0x21, 0x01, 0x00, 0x02, 0x00, 0x02, 0x00, 0x02,
0x00, 0xFF, 0x00, 0xFD, 0x00, 0xFF, 0x00, 0xFE, 0x00, 0xFE, 0x00, 0x09,
0x00, 0xFA, 0x00, 0x06, 0x00, 0xFA, 0x00, 0xFF, 0x00, 0xFE, 0x00, 0xFF,
0x00, 0x00, 0x00, 0x00, 0x00, 0x01, 0x00, 0x00, 0x00, 0x00, 0x07, 0x00,
0x08, 0x00, 0x00, 0x11, 0x00, 0xBC, 0xBA, 0x00, 0x02, 0x00, 0x03, 0x00,
0x03, 0x2B, 0xBA, 0x00, 0x09, 0x00, 0x00, 0x00, 0x03, 0x2B, 0xB8, 0x00,
0x09, 0x10, 0xB8, 0x00, 0x0C, 0xDC, 0xB8, 0x00, 0x00, 0x10, 0xB8, 0x00,
0x0D, 0xDC, 0xB8, 0x00, 0x09, 0x10, 0xB8, 0x00, 0x0F, 0xD0, 0x00, 0xB8,
0x00, 0x00, 0x45, 0x58, 0xB8, 0x00, 0x00, 0x2F, 0x1B, 0xB9, 0x00, 0x00,
0x00, 0x05, 0x3E, 0x59, 0xB8, 0x00, 0x00, 0x45, 0x58, 0xB8, 0x00, 0x04,
0x2F, 0x1B, 0xB9, 0x00, 0x04, 0x00, 0x05, 0x3E, 0x59, 0xB8, 0x00, 0x00,
0x45, 0x58, 0xB8, 0x00, 0x08, 0x2F, 0x1B, 0xB9, 0x00, 0x08, 0x00, 0x05,
0x3E, 0x59, 0xB8, 0x00, 0x00, 0x45, 0x58, 0xB8, 0x00, 0x0C, 0x2F, 0x1B,
0xB9, 0x00, 0x0C, 0x00, 0x05, 0x3E, 0x59, 0xB8, 0x00, 0x00, 0x45, 0x58,
0xB8, 0x00, 0x10, 0x2F, 0x1B, 0xB9, 0x00, 0x10, 0x00, 0x01, 0x3E, 0x59,
0xB8, 0x00, 0x08, 0x10, 0xB8, 0x00, 0x01, 0xD0, 0xB8, 0x00, 0x00, 0x10,
0xB8, 0x00, 0x02, 0xDC, 0xB8, 0x00, 0x03, 0xD0, 0xB8, 0x00, 0x08, 0x10,
0xB8, 0x00, 0x05, 0xD0, 0xB8, 0x00, 0x08, 0x10, 0xB8, 0x00, 0x07, 0xDC,
0xB8, 0x00, 0x0A, 0xD0, 0xB8, 0x00, 0x08, 0x10, 0xB8, 0x00, 0x0D, 0xD0,
0xB8, 0x00, 0x03, 0x10, 0xB8, 0x00, 0x0E, 0xD0, 0xB8, 0x00, 0x0F, 0xD0,
0x30, 0x31, 0x01, 0x21, 0x11, 0x21, 0x11, 0x21, 0x11, 0x21, 0x11, 0x21,
0x11, 0x21, 0x11, 0x21, 0x11, 0x21, 0x11, 0x21, 0x03, 0x00, 0xFF, 0x00,
0xFE, 0x00, 0x01, 0x00, 0x03, 0x00, 0x01, 0x00, 0x02, 0x00, 0xFF, 0x00,
0xFF, 0x00, 0xFE, 0x00, 0x07, 0x00, 0xFF, 0x00, 0x01, 0x00, 0x01, 0x00,
0xFF, 0x00, 0x01, 0x00, 0xFF, 0x00, 0xFF, 0x00, 0xFA, 0x00, 0x00, 0x00,
0x00, 0x02, 0x01, 0x00, 0x00, 0x00, 0x07, 0x00, 0x0A, 0x00, 0x00, 0x03,
0x00, 0x1F, 0x01, 0x0A, 0xBA, 0x00, 0x01, 0x00, 0x04, 0x00, 0x03, 0x2B,
0xBA, 0x00, 0x10, 0x00, 0x05, 0x00, 0x03, 0x2B, 0xB8, 0x00, 0x01, 0x10,
0xB8, 0x00, 0x00, 0xDC, 0xB8, 0x00, 0x01, 0x10, 0xB8, 0x00, 0x07, 0xD0,
0xB8, 0x00, 0x04, 0x10, 0xB8, 0x00, 0x09, 0xD0, 0xB8, 0x00, 0x00, 0x10,
0xB8, 0x00, 0x11, 0xDC, 0xB8, 0x00, 0x0B, 0xD0, 0xB8, 0x00, 0x00, 0x10,
0xB8, 0x00, 0x0D, 0xD0, 0xB8, 0x00, 0x10, 0x10, 0xB8, 0x00, 0x13, 0xD0,
0xB8, 0x00, 0x00, 0x10, 0xB8, 0x00, 0x15, 0xD0, 0xB8, 0x00, 0x11, 0x10,
0xB8, 0x00, 0x17, 0xD0, 0xB8, 0x00, 0x04, 0x10, 0xB8, 0x00, 0x19, 0xD0,
0xB8, 0x00, 0x01, 0x10, 0xB8, 0x00, 0x1B, 0xD0, 0xB8, 0x00, 0x05, 0x10,
0xB8, 0x00, 0x1D, 0xD0, 0x00, 0xB8, 0x00, 0x00, 0x45, 0x58, 0xB8, 0x00,
0x0A, 0x2F, 0x1B, 0xB9, 0x00, 0x0A, 0x00, 0x07, 0x3E, 0x59, 0xB8, 0x00,
0x00, 0x45, 0x58, 0xB8, 0x00, 0x01, 0x2F, 0x1B, 0xB9, 0x00, 0x01, 0x00,
0x05, 0x3E, 0x59, 0xB8, 0x00, 0x00, 0x45, 0x58, 0xB8, 0x00, 0x18, 0x2F,
0x1B, 0xB9, 0x00, 0x18, 0x00, 0x01, 0x3E, 0x59, 0xB8, 0x00, 0x0A, 0x10,
0xB8, 0x00, 0x00, 0xDC, 0xB8, 0x00, 0x18, 0x10, 0xB8, 0x00, 0x02, 0xDC,
0xB8, 0x00, 0x01, 0x10, 0xB8, 0x00, 0x03, 0xDC, 0xB8, 0x00, 0x00, 0x10,
0xB8, 0x00, 0x04, 0xD0, 0xB8, 0x00, 0x05, 0xD0, 0xB8, 0x00, 0x0A, 0x10,
0xB8, 0x00, 0x08, 0xDC, 0xB8, 0x00, 0x0C, 0xD0, 0xB8, 0x00, 0x0D, 0xD0,
0xB8, 0x00, 0x05, 0x10, 0xB8, 0x00, 0x10, 0xD0, 0xB8, 0x00, 0x11, 0xD0,
0xB8, 0x00, 0x02, 0x10, 0xB8, 0x00, 0x12, 0xD0, 0xB8, 0x00, 0x13, 0xD0,
0xB8, 0x00, 0x18, 0x10, 0xB8, 0x00, 0x16, 0xDC, 0xB8, 0x00, 0x1A, 0xD0,
0xB8, 0x00, 0x1B, 0xD0, 0xB8, 0x00, 0x13, 0x10, 0xB8, 0x00, 0x1E, 0xD0,
0xB8, 0x00, 0x1F, 0xD0, 0x30, 0x31, 0x01, 0x21, 0x11, 0x21, 0x01, 0x21,
0x11, 0x21, 0x11, 0x21, 0x11, 0x21, 0x11, 0x21, 0x11, 0x21, 0x11, 0x21,
0x11, 0x21, 0x11, 0x21, 0x11, 0x21, 0x11, 0x21, 0x11, 0x21, 0x11, 0x21,
0x11, 0x21, 0x05, 0x00, 0xFE, 0x00, 0x02, 0x00, 0xFC, 0x00, 0x01, 0x00,
0x01, 0x00, 0xFE, 0x00, 0x06, 0x00, 0xFE, 0x00, 0x01, 0x00, 0x01, 0x00,
0xFF, 0x00, 0xFF, 0x00, 0x02, 0x00, 0xFA, 0x00, 0x02, 0x00, 0xFF, 0x00,
0xFF, 0x00, 0x07, 0x00, 0xFC, 0x00, 0x04, 0x00, 0x01, 0x00, 0x01, 0x00,
0x01, 0x00, 0xFF, 0x00, 0xFF, 0x00, 0xFF, 0x00, 0xFC, 0x00, 0xFF, 0x00,
0xFF, 0x00, 0xFF, 0x00, 0x01, 0x00, 0x01, 0x00, 0x01, 0x00, 0x00, 0x00,
0x00, 0x03, 0x00, 0x00, 0x00, 0x00, 0x07, 0x00, 0x0A, 0x00, 0x00, 0x07,
0x00, 0x0F, 0x00, 0x23, 0x01, 0x61, 0xBA, 0x00, 0x08, 0x00, 0x13, 0x00,
0x03, 0x2B, 0xBA, 0x00, 0x0A, 0x00, 0x11, 0x00, 0x03, 0x2B, 0xBA, 0x00,
0x1C, 0x00, 0x03, 0x00, 0x03, 0x2B, 0xB8, 0x00, 0x08, 0x10, 0xB8, 0x00,
0x00, 0xD0, 0xB8, 0x00, 0x08, 0x10, 0xB8, 0x00, 0x01, 0xDC, 0xB8, 0x00,
0x0A, 0x10, 0xB8, 0x00, 0x05, 0xD0, 0xB8, 0x00, 0x03, 0x10, 0xB8, 0x00,
0x0B, 0xD0, 0xB8, 0x00, 0x01, 0x10, 0xB8, 0x00, 0x0D, 0xD0, 0xB8, 0x00,
0x02, 0x10, 0xB8, 0x00, 0x0E, 0xD0, 0xB8, 0x00, 0x08, 0x10, 0xB8, 0x00,
0x10, 0xD0, 0xB8, 0x00, 0x11, 0x10, 0xB8, 0x00, 0x15, 0xD0, 0xB8, 0x00,
0x08, 0x10, 0xB8, 0x00, 0x17, 0xD0, 0xB8, 0x00, 0x00, 0x10, 0xB8, 0x00,
0x18, 0xD0, 0xB8, 0x00, 0x01, 0x10, 0xB8, 0x00, 0x19, 0xD0, 0xB8, 0x00,
0x02, 0x10, 0xB8, 0x00, 0x1A, 0xD0, 0xB8, 0x00, 0x01, 0x10, 0xB8, 0x00,
0x1D, 0xDC, 0xB8, 0x00, 0x1C, 0x10, 0xB8, 0x00, 0x1F, 0xD0, 0xB8, 0x00,
0x01, 0x10, 0xB8, 0x00, 0x21, 0xD0, 0xB8, 0x00, 0x02, 0x10, 0xB8, 0x00,
0x22, 0xD0, 0xB8, 0x00, 0x00, 0x10, 0xB8, 0x00, 0x23, 0xD0, 0x00, 0xB8,
0x00, 0x00, 0x45, 0x58, 0xB8, 0x00, 0x18, 0x2F, 0x1B, 0xB9, 0x00, 0x18,
0x00, 0x07, 0x3E, 0x59, 0xB8, 0x00, 0x00, 0x45, 0x58, 0xB8, 0x00, 0x22,
0x2F, 0x1B, 0xB9, 0x00, 0x22, 0x00, 0x01, 0x3E, 0x59, 0xBA, 0x00, 0x01,
0x00, 0x0E, 0x00, 0x03, 0x2B, 0xB8, 0x00, 0x18, 0x10, 0xB8, 0x00, 0x02,
0xDC, 0xB8, 0x00, 0x18, 0x10, 0xB8, 0x00, 0x04, 0xDC, 0xB8, 0x00, 0x02,
0x10, 0xB8, 0x00, 0x06, 0xD0, 0xB8, 0x00, 0x07, 0xD0, 0xB8, 0x00, 0x22,
0x10, 0xB8, 0x00, 0x08, 0xDC, 0xB8, 0x00, 0x22, 0x10, 0xB8, 0x00, 0x0A,
0xDC, 0xB8, 0x00, 0x08, 0x10, 0xB8, 0x00, 0x0C, 0xD0, 0xB8, 0x00, 0x0D,
0xD0, 0xB8, 0x00, 0x0A, 0x10, 0xB8, 0x00, 0x10, 0xD0, 0xB8, 0x00, 0x11,
0xD0, 0xB8, 0x00, 0x0D, 0x10, 0xB8, 0x00, 0x12, 0xD0, 0xB8, 0x00, 0x13,
0xD0, 0xB8, 0x00, 0x07, 0x10, 0xB8, 0x00, 0x14, 0xD0, 0xB8, 0x00, 0x15,
0xD0, 0xB8, 0x00, 0x04, 0x10, 0xB8, 0x00, 0x16, 0xD0, 0xB8, 0x00, 0x17,
0xD0, 0xB8, 0x00, 0x1A, 0xD0, 0xB8, 0x00, 0x1B, 0xD0, 0xB8, 0x00, 0x15,
0x10, 0xB8, 0x00, 0x1C, 0xD0, 0xB8, 0x00, 0x1D, 0xD0, 0xB8, 0x00, 0x13,
0x10, 0xB8, 0x00, 0x1E, 0xD0, 0xB8, 0x00, 0x1F, 0xD0, 0xB8, 0x00, 0x11,
0x10, 0xB8, 0x00, 0x20, 0xD0, 0xB8, 0x00, 0x21, 0xD0, 0x30, 0x31, 0x01,
0x21, 0x11, 0x21, 0x11, 0x21, 0x11, 0x21, 0x11, 0x21, 0x11, 0x21, 0x11,
0x21, 0x11, 0x21, 0x11, 0x21, 0x11, 0x21, 0x11, 0x21, 0x11, 0x21, 0x11,
0x21, 0x11, 0x21, 0x11, 0x21, 0x11, 0x21, 0x11, 0x21, 0x11, 0x21, 0x02,
0x00, 0x03, 0x00, 0xFF, 0x00, 0xFF, 0x00, 0xFF, 0x00, 0x01, 0x00, 0x01,
0x00, 0x01, 0x00, 0xFD, 0x00, 0xFF, 0x00, 0xFF, 0x00, 0x01, 0x00, 0x01,
0x00, 0x03, 0x00, 0x01, 0x00, 0x01, 0x00, 0xFF, 0x00, 0xFF, 0x00, 0xFD,
0x00, 0x06, 0x00, 0x02, 0x00, 0x01, 0x00, 0xFF, 0x00, 0xFA, 0x00, 0xFF,
0x00, 0x01, 0x00, 0x03, 0x00, 0xFC, 0x00, 0x01, 0x00, 0x06, 0x00, 0x01,
0x00, 0x01, 0x00, 0xFF, 0x00, 0xFF, 0x00, 0xFA, 0x00, 0xFF, 0x00, 0xFF,
0x00, 0x00, 0x00, 0x00, 0x00, 0x01, 0x00, 0x00, 0x00, 0x00, 0x07, 0x00,
0x0A, 0x00, 0x00, 0x1F, 0x01, 0x12, 0xBA, 0x00, 0x04, 0x00, 0x0B, 0x00,
0x03, 0x2B, 0xBA, 0x00, 0x06, 0x00, 0x09, 0x00, 0x03, 0x2B, 0xBA, 0x00,
0x13, 0x00, 0x00, 0x00, 0x03, 0x2B, 0xBA, 0x00, 0x15, 0x00, 0x1E, 0x00,
0x03, 0x2B, 0xB8, 0x00, 0x06, 0x10, 0xB8, 0x00, 0x01, 0xD0, 0xB8, 0x00,
0x0B, 0x10, 0xB8, 0x00, 0x07, 0xD0, 0xB8, 0x00, 0x09, 0x10, 0xB8, 0x00,
0x0D, 0xD0, 0xB8, 0x00, 0x04, 0x10, 0xB8, 0x00, 0x0F, 0xD0, 0xB8, 0x00,
0x1E, 0x10, 0xB8, 0x00, 0x11, 0xD0, 0xB8, 0x00, 0x13, 0x10, 0xB8, 0x00,
0x17, 0xD0, 0xB8, 0x00, 0x15, 0x10, 0xB8, 0x00, 0x19, 0xD0, 0xB8, 0x00,
0x00, 0x10, 0xB8, 0x00, 0x1B, 0xD0, 0x00, 0xB8, 0x00, 0x00, 0x45, 0x58,
0xB8, 0x00, 0x10, 0x2F, 0x1B, 0xB9, 0x00, 0x10, 0x00, 0x07, 0x3E, 0x59,
0xB8, 0x00, 0x00, 0x45, 0x58, 0xB8, 0x00, 0x06, 0x2F, 0x1B, 0xB9, 0x00,
0x06, 0x00, 0x01, 0x3E, 0x59, 0xB8, 0x00, 0x00, 0x45, 0x58, 0xB8, 0x00,
0x1A, 0x2F, 0x1B, 0xB9, 0x00, 0x1A, 0x00, 0x01, 0x3E, 0x59, 0xBA, 0x00,
0x03, 0x00, 0x04, 0x00, 0x03, 0x2B, 0xB8, 0x00, 0x10, 0x10, 0xB8, 0x00,
0x00, 0xDC, 0xB8, 0x00, 0x10, 0x10, 0xB8, 0x00, 0x02, 0xDC, 0xB8, 0x00,
0x06, 0x10, 0xB8, 0x00, 0x08, 0xDC, 0xB8, 0x00, 0x04, 0x10, 0xB8, 0x00,
0x0A, 0xD0, 0xB8, 0x00, 0x02, 0x10, 0xB8, 0x00, 0x0C, 0xD0, 0xB8, 0x00,
0x0D, 0xD0, 0xB8, 0x00, 0x00, 0x10, 0xB8, 0x00, 0x0E, 0xD0, 0xB8, 0x00,
0x0F, 0xD0, 0xB8, 0x00, 0x12, 0xD0, 0xB8, 0x00, 0x13, 0xD0, 0xB8, 0x00,
0x0D, 0x10, 0xB8, 0x00, 0x14, 0xD0, 0xB8, 0x00, 0x15, 0xD0, 0xB8, 0x00,
0x04, 0x10, 0xB8, 0x00, 0x16, 0xD0, 0xB8, 0x00, 0x08, 0x10, 0xB8, 0x00,
0x18, 0xD0, 0xB8, 0x00, 0x19, 0xD0, 0xB8, 0x00, 0x04, 0x10, 0xB8, 0x00,
0x1C, 0xD0, 0xB8, 0x00, 0x15, 0x10, 0xB8, 0x00, 0x1E, 0xD0, 0xB8, 0x00,
0x1F, 0xD0, 0x30, 0x31, 0x01, 0x21, 0x11, 0x21, 0x11, 0x21, 0x11, 0x21,
0x11, 0x21, 0x11, 0x21, 0x11, 0x21, 0x11, 0x21, 0x11, 0x21, 0x11, 0x21,
0x11, 0x21, 0x11, 0x21, 0x11, 0x21, 0x11, 0x21, 0x11, 0x21, 0x11, 0x21,
0x04, 0x00, 0xFF, 0x00, 0xFF, 0x00, 0x01, 0x00, 0xFD, 0x00, 0x01, 0x00,
0xFF, 0x00, 0x01, 0x00, 0x01, 0x00, 0x03, 0x00, 0x01, 0x00, 0x01, 0x00,
0xFF, 0x00, 0x01, 0x00, 0xFD, 0x00, 0x01, 0x00, 0xFF, 0x00, 0x09, 0x00,
0xFF, 0x00, 0xFD, 0x00, 0xFB, 0x00, 0x01, 0x00, 0x04, 0x00, 0x03, 0x00,
0x01, 0x00, 0x01, 0x00, 0xFF, 0x00, 0xFF, 0x00, 0xFD, 0x00, 0xFC, 0x00,
0xFF, 0x00, 0x05, 0x00, 0x03, 0x00, 0x00, 0x00, 0x00, 0x02, 0x01, 0x00,
0x00, 0x00, 0x07, 0x00, 0x0A, 0x00, 0x00, 0x03, 0x00, 0x1D, 0x01, 0x25,
0xBA, 0x00, 0x02, 0x00, 0x13, 0x00, 0x03, 0x2B, 0xBA, 0x00, 0x17, 0x00,
0x16, 0x00, 0x03, 0x2B, 0xB8, 0x00, 0x02, 0x10, 0xB8, 0x00, 0x00, 0xDC,
0xB8, 0x00, 0x02, 0x10, 0xB8, 0x00, 0x04, 0xD0, 0xB8, 0x00, 0x00, 0x10,
0xB8, 0x00, 0x0D, 0xDC, 0xB8, 0x00, 0x05, 0xD0, 0xB8, 0x00, 0x17, 0x10,
0xB8, 0x00, 0x07, 0xD0, 0xB8, 0x00, 0x18, 0x10, 0xB8, 0x00, 0x08, 0xD0,
0xB8, 0x00, 0x00, 0x10, 0xB8, 0x00, 0x09, 0xD0, 0xB8, 0x00, 0x17, 0x10,
0xB8, 0x00, 0x0B, 0xDC, 0xB8, 0x00, 0x0F, 0xD0, 0xB8, 0x00, 0x16, 0x10,
0xB8, 0x00, 0x11, 0xD0, 0xB8, 0x00, 0x02, 0x10, 0xB8, 0x00, 0x19, 0xD0,
0xB8, 0x00, 0x01, 0x10, 0xB8, 0x00, 0x1A, 0xD0, 0xB8, 0x00, 0x16, 0x10,
0xB8, 0x00, 0x1B, 0xD0, 0xB8, 0x00, 0x01, 0x10, 0xB8, 0x00, 0x1D, 0xD0,
0x00, 0xB8, 0x00, 0x00, 0x45, 0x58, 0xB8, 0x00, 0x04, 0x2F, 0x1B, 0xB9,
0x00, 0x04, 0x00, 0x07, 0x3E, 0x59, 0xB8, 0x00, 0x00, 0x45, 0x58, 0xB8,
0x00, 0x10, 0x2F, 0x1B, 0xB9, 0x00, 0x10, 0x00, 0x01, 0x3E, 0x59, 0xBA,
0x00, 0x07, 0x00, 0x08, 0x00, 0x03, 0x2B, 0xBA, 0x00, 0x09, 0x00, 0x00,
0x00, 0x03, 0x2B, 0xB8, 0x00, 0x10, 0x10, 0xB8, 0x00, 0x02, 0xDC, 0xB8,
0x00, 0x01, 0xDC, 0xB8, 0x00, 0x04, 0x10, 0xB8, 0x00, 0x06, 0xDC, 0xB8,
0x00, 0x04, 0x10, 0xB8, 0x00, 0x0A, 0xDC, 0xB8, 0x00, 0x00, 0x10, 0xB8,
0x00, 0x0C, 0xDC, 0xB8, 0x00, 0x02, 0x10, 0xB8, 0x00, 0x0E, 0xD0, 0xB8,
0x00, 0x0F, 0xD0, 0xB8, 0x00, 0x12, 0xD0, 0xB8, 0x00, 0x13, 0xD0, 0xB8,
0x00, 0x01, 0x10, 0xB8, 0x00, 0x14, 0xD0, 0xB8, 0x00, 0x00, 0x10, 0xB8,
0x00, 0x15, 0xD0, 0xB8, 0x00, 0x0C, 0x10, 0xB8, 0x00, 0x16, 0xD0, 0xB8,
0x00, 0x0A, 0x10, 0xB8, 0x00, 0x18, 0xD0, 0xB8, 0x00, 0x19, 0xD0, 0xB8,
0x00, 0x08, 0x10, 0xB8, 0x00, 0x1A, 0xD0, 0xB8, 0x00, 0x09, 0x10, 0xB8,
0x00, 0x1B, 0xD0, 0xB8, 0x00, 0x06, 0x10, 0xB8, 0x00, 0x1C, 0xD0, 0xB8,
0x00, 0x1D, 0xD0, 0x30, 0x31, 0x01, 0x21, 0x11, 0x21, 0x01, 0x21, 0x11,
0x21, 0x11, 0x21, 0x11, 0x21, 0x11, 0x21, 0x11, 0x21, 0x11, 0x21, 0x11,
0x21, 0x11, 0x21, 0x11, 0x21, 0x11, 0x21, 0x11, 0x21, 0x11, 0x21, 0x05,
0x00, 0xFE, 0x00, 0x02, 0x00, 0xFE, 0x00, 0x04, 0x00, 0xFD, 0x00, 0x01,
0x00, 0x01, 0x00, 0x01, 0x00, 0xFF, 0x00, 0xFC, 0x00, 0xFF, 0x00, 0x01,
0x00, 0x02, 0x00, 0xFF, 0x00, 0xFF, 0x00, 0x01, 0x00, 0x05, 0x00, 0xFC,
0x00, 0x09, 0x00, 0xFF, 0x00, 0xFF, 0x00, 0xFF, 0x00, 0xFF, 0x00, 0xFB,
0x00, 0xFF, 0x00, 0x01, 0x00, 0x04, 0x00, 0x01, 0x00, 0x01, 0x00, 0x01,
0x00, 0x01, 0x00, 0x00, 0x00, 0x03, 0x00, 0x00, 0x02, 0x00, 0x09, 0x00,
0x07, 0x00, 0x00, 0x03, 0x00, 0x07, 0x00, 0x13, 0x00, 0x88, 0xBA, 0x00,
0x02, 0x00, 0x0B, 0x00, 0x03, 0x2B, 0xBA, 0x00, 0x05, 0x00, 0x00, 0x00,
0x03, 0x2B, 0xBA, 0x00, 0x11, 0x00, 0x04, 0x00, 0x03, 0x2B, 0x00, 0xB8,
0x00, 0x00, 0x45, 0x58, 0xB8, 0x00, 0x0E, 0x2F, 0x1B, 0xB9, 0x00, 0x0E,
0x00, 0x05, 0x3E, 0x59, 0xBA, 0x00, 0x13, 0x00, 0x08, 0x00, 0x03, 0x2B,
0xB8, 0x00, 0x0E, 0x10, 0xB8, 0x00, 0x00, 0xDC, 0xB8, 0x00, 0x13, 0x10,
0xB8, 0x00, 0x02, 0xD0, 0xB8, 0x00, 0x01, 0xDC, 0xB8, 0x00, 0x00, 0x10,
0xB8, 0x00, 0x04, 0xD0, 0xB8, 0x00, 0x05, 0xD0, 0xB8, 0x00, 0x13, 0x10,
0xB8, 0x00, 0x06, 0xD0, 0xB8, 0x00, 0x02, 0x10, 0xB8, 0x00, 0x07, 0xD0,
0xB8, 0x00, 0x13, 0x10, 0xB8, 0x00, 0x0A, 0xD0, 0xB8, 0x00, 0x02, 0x10,
0xB8, 0x00, 0x0B, 0xD0, 0xB8, 0x00, 0x05, 0x10, 0xB8, 0x00, 0x0C, 0xD0,
0xB8, 0x00, 0x0D, 0xD0, 0xB8, 0x00, 0x10, 0xD0, 0xB8, 0x00, 0x11, 0xD0,
0x30, 0x31, 0x01, 0x21, 0x11, 0x21, 0x01, 0x21, 0x11, 0x21, 0x01, 0x21,
0x11, 0x21, 0x11, 0x21, 0x11, 0x21, 0x11, 0x21, 0x11, 0x21, 0x03, 0x00,
0xFF, 0x00, 0x01, 0x00, 0x03, 0x00, 0xFF, 0x00, 0x01, 0x00, 0x01, 0x00,
0xFA, 0x00, 0xFF, 0x00, 0x01, 0x00, 0x06, 0x00, 0x02, 0x00, 0xFE, 0x00,
0x06, 0x00, 0xFD, 0x00, 0x03, 0x00, 0xFD, 0x00, 0xFF, 0x00, 0x01, 0x00,
0x03, 0x00, 0x01, 0x00, 0xFF, 0x00, 0xFD, 0x00, 0x00, 0x03, 0x00, 0x00,
0x00, 0x00, 0x09, 0x00, 0x09, 0x00, 0x00, 0x03, 0x00, 0x09, 0x00, 0x21,
0x01, 0x1D, 0xBA, 0x00, 0x0F, 0x00, 0x10, 0x00, 0x03, 0x2B, 0xBA, 0x00,
0x0D, 0x00, 0x12, 0x00, 0x03, 0x2B, 0xBA, 0x00, 0x20, 0x00, 0x04, 0x00,
0x03, 0x2B, 0xB8, 0x00, 0x0D, 0x10, 0xB8, 0x00, 0x00, 0xD0, 0xB8, 0x00,
0x0F, 0x10, 0xB8, 0x00, 0x01, 0xD0, 0xB8, 0x00, 0x0D, 0x10, 0xB8, 0x00,
0x05, 0xDC, 0xB8, 0x00, 0x10, 0x10, 0xB8, 0x00, 0x08, 0xDC, 0xB8, 0x00,
0x05, 0x10, 0xB8, 0x00, 0x1F, 0xDC, 0xB8, 0x00, 0x0A, 0xD0, 0xB8, 0x00,
0x10, 0x10, 0xB8, 0x00, 0x14, 0xD0, 0xB8, 0x00, 0x12, 0x10, 0xB8, 0x00,
0x16, 0xD0, 0xB8, 0x00, 0x05, 0x10, 0xB8, 0x00, 0x18, 0xD0, 0xB8, 0x00,
0x04, 0x10, 0xB8, 0x00, 0x1A, 0xD0, 0xB8, 0x00, 0x20, 0x10, 0xB8, 0x00,
0x1C, 0xD0, 0x00, 0xB8, 0x00, 0x00, 0x45, 0x58, 0xB8, 0x00, 0x17, 0x2F,
0x1B, 0xB9, 0x00, 0x17, 0x00, 0x05, 0x3E, 0x59, 0xB8, 0x00, 0x00, 0x45,
0x58, 0xB8, 0x00, 0x0F, 0x2F, 0x1B, 0xB9, 0x00, 0x0F, 0x00, 0x01, 0x3E,
0x59, 0xBA, 0x00, 0x1B, 0x00, 0x1A, 0x00, 0x03, 0x2B, 0xBA, 0x00, 0x0A,
0x00, 0x0B, 0x00, 0x03, 0x2B, 0xB8, 0x00, 0x17, 0x10, 0xB8, 0x00, 0x00,
0xDC, 0xB8, 0x00, 0x04, 0xD0, 0xB8, 0x00, 0x05, 0xD0, 0xB8, 0x00, 0x01,
0xD0, 0xB8, 0x00, 0x17, 0x10, 0xB8, 0x00, 0x02, 0xDC, 0xB8, 0x00, 0x06,
0xD0, 0xB8, 0x00, 0x07, 0xD0, 0xB8, 0x00, 0x0A, 0x10, 0xB8, 0x00, 0x08,
0xD0, 0xB8, 0x00, 0x0F, 0x10, 0xB8, 0x00, 0x0D, 0xDC, 0xB8, 0x00, 0x11,
0xD0, 0xB8, 0x00, 0x12, 0xD0, 0xB8, 0x00, 0x0A, 0x10, 0xB8, 0x00, 0x13,
0xD0, 0xB8, 0x00, 0x08, 0x10, 0xB8, 0x00, 0x14, 0xD0, 0xB8, 0x00, 0x05,
0x10, 0xB8, 0x00, 0x15, 0xD0, 0xB8, 0x00, 0x16, 0xD0, 0xB8, 0x00, 0x05,
0x10, 0xB8, 0x00, 0x19, 0xDC, 0xB8, 0x00, 0x1A, 0x10, 0xB8, 0x00, 0x1D,
0xD0, 0xB8, 0x00, 0x19, 0x10, 0xB8, 0x00, 0x1E, 0xD0, 0xB8, 0x00, 0x16,
0x10, 0xB8, 0x00, 0x1F, 0xD0, 0xB8, 0x00, 0x20, 0xD0, 0x30, 0x31, 0x01,
0x21, 0x11, 0x21, 0x01, 0x21, 0x11, 0x21, 0x11, 0x29, 0x01, 0x11, 0x21,
0x11, 0x21, 0x11, 0x21, 0x11, 0x21, 0x11, 0x21, 0x11, 0x21, 0x11, 0x21,
0x11, 0x21, 0x11, 0x21, 0x11, 0x21, 0x11, 0x21, 0x11, 0x03, 0x00, 0xFF,
0x00, 0x01, 0x00, 0x03, 0x00, 0xFF, 0x00, 0xFF, 0x00, 0x02, 0x00, 0x01,
0x00, 0xFC, 0x00, 0xFF, 0x00, 0xFE, 0x00, 0x01, 0x00, 0xFF, 0x00, 0x01,
0x00, 0x04, 0x00, 0x01, 0x00, 0x03, 0x00, 0xFE, 0x00, 0x02, 0x00, 0x06,
0x00, 0xFE, 0x00, 0x02, 0x00, 0xFE, 0x00, 0xFF, 0x00, 0xFF, 0x00, 0xFF,
0x00, 0xFF, 0x00, 0x01, 0x00, 0x02, 0x00, 0x03, 0x00, 0x01, 0x00, 0x01,
0x00, 0x01, 0x00, 0xFF, 0x00, 0xFE, 0x00, 0xFD, 0x00, 0x00, 0x00, 0x00,
0x00, 0x01, 0x01, 0x00, 0x00, 0x00, 0x06, 0x00, 0x0A, 0x00, 0x00, 0x17,
0x00, 0xD5, 0xBA, 0x00, 0x00, 0x00, 0x09, 0x00, 0x03, 0x2B, 0xBA, 0x00,
0x02, 0x00, 0x07, 0x00, 0x03, 0x2B, 0xB8, 0x00, 0x00, 0x10, 0xB8, 0x00,
0x03, 0xDC, 0xB8, 0x00, 0x00, 0x10, 0xB8, 0x00, 0x05, 0xD0, 0xB8, 0x00,
0x07, 0x10, 0xB8, 0x00, 0x0B, 0xD0, 0xB8, 0x00, 0x00, 0x10, 0xB8, 0x00,
0x0D, 0xD0, 0xB8, 0x00, 0x06, 0x10, 0xB8, 0x00, 0x0E, 0xD0, 0xB8, 0x00,
0x03, 0x10, 0xB8, 0x00, 0x0F, 0xD0, 0xB8, 0x00, 0x02, 0x10, 0xB8, 0x00,
0x11, 0xD0, 0xB8, 0x00, 0x00, 0x10, 0xB8, 0x00, 0x13, 0xD0, 0xB8, 0x00,
0x06, 0x10, 0xB8, 0x00, 0x14, 0xD0, 0xB8, 0x00, 0x03, 0x10, 0xB8, 0x00,
0x15, 0xD0, 0x00, 0xB8, 0x00, 0x00, 0x45, 0x58, 0xB8, 0x00, 0x0E, 0x2F,
0x1B, 0xB9, 0x00, 0x0E, 0x00, 0x07, 0x3E, 0x59, 0xB8, 0x00, 0x00, 0x45,
0x58, 0xB8, 0x00, 0x04, 0x2F, 0x1B, 0xB9, 0x00, 0x04, 0x00, 0x01, 0x3E,
0x59, 0xBA, 0x00, 0x15, 0x00, 0x16, 0x00, 0x03, 0x2B, 0xB8, 0x00, 0x04,
0x10, 0xB8, 0x00, 0x00, 0xDC, 0xB8, 0x00, 0x04, 0x10, 0xB8, 0x00, 0x02,
0xDC, 0xB8, 0x00, 0x06, 0xD0, 0xB8, 0x00, 0x07, 0xD0, 0xB8, 0x00, 0x00,
0x10, 0xB8, 0x00, 0x08, 0xD0, 0xB8, 0x00, 0x09, 0xD0, 0xB8, 0x00, 0x0E,
0x10, 0xB8, 0x00, 0x0A, 0xDC, 0xB8, 0x00, 0x0E, 0x10, 0xB8, 0x00, 0x0C,
0xDC, 0xB8, 0x00, 0x10, 0xD0, 0xB8, 0x00, 0x11, 0xD0, 0xB8, 0x00, 0x0A,
0x10, 0xB8, 0x00, 0x12, 0xD0, 0xB8, 0x00, 0x13, 0xD0, 0x30, 0x31, 0x01,
0x21, 0x11, 0x21, 0x11, 0x21, 0x11, 0x21, 0x11, 0x21, 0x11, 0x21, 0x11,
0x21, 0x11, 0x21, 0x11, 0x21, 0x11, 0x21, 0x11, 0x21, 0x11, 0x21, 0x03,
0x00, 0x01, 0x00, 0x02, 0x00, 0xFD, 0x00, 0xFF, 0x00, 0xFF, 0x00, 0x01,
0x00, 0x01, 0x00, 0x03, 0x00, 0xFE, 0x00, 0xFF, 0x00, 0x03, 0x00, 0xFD,
0x00, 0x02, 0x00, 0xFF, 0x00, 0xFF, 0x00, 0x01, 0x00, 0x01, 0x00, 0x06,
0x00, 0x01, 0x00, 0x01, 0x00, 0xFF, 0x00, 0xFF, 0x00, 0xFE, 0x00, 0xFF,
0x00, 0x00, 0x00, 0x00, 0x00, 0x01, 0x00, 0x00, 0x00, 0x00, 0x07, 0x00,
0x09, 0x00, 0x00, 0x0B, 0x00, 0x5D, 0xB8, 0x00, 0x0C, 0x2F, 0xB8, 0x00,
0x00, 0x2F, 0xB8, 0x00, 0x0C, 0x10, 0xB8, 0x00, 0x03, 0xD0, 0xB8, 0x00,
0x03, 0x2F, 0xB8, 0x00, 0x02, 0xDC, 0xB8, 0x00, 0x00, 0x10, 0xB8, 0x00,
0x09, 0xDC, 0x00, 0xB8, 0x00, 0x00, 0x45, 0x58, 0xB8, 0x00, 0x02, 0x2F,
0x1B, 0xB9, 0x00, 0x02, 0x00, 0x01, 0x3E, 0x59, 0xB8, 0x00, 0x00, 0x45,
0x58, 0xB8, 0x00, 0x0A, 0x2F, 0x1B, 0xB9, 0x00, 0x0A, 0x00, 0x01, 0x3E,
0x59, 0xBA, 0x00, 0x07, 0x00, 0x08, 0x00, 0x03, 0x2B, 0xB8, 0x00, 0x08,
0x10, 0xB8, 0x00, 0x00, 0xD0, 0xB8, 0x00, 0x08, 0x10, 0xB8, 0x00, 0x04,
0xD0, 0x30, 0x31, 0x01, 0x21, 0x11, 0x21, 0x11, 0x21, 0x11, 0x21, 0x11,
0x21, 0x11, 0x21, 0x05, 0x00, 0xFD, 0x00, 0xFE, 0x00, 0x01, 0x00, 0x05,
0x00, 0x01, 0x00, 0xFE, 0x00, 0x08, 0x00, 0xF8, 0x00, 0x08, 0x00, 0x01,
0x00, 0xFF, 0x00, 0xF8, 0x00, 0x00, 0x00, 0x00, 0x00, 0x03, 0x00, 0x00,
0x01, 0x00, 0x07, 0x00, 0x08, 0x00, 0x00, 0x03, 0x00, 0x07, 0x00, 0x0B,
0x00, 0x1B, 0x00, 0xBA, 0x00, 0x09, 0x00, 0x0A, 0x00, 0x03, 0x2B, 0xBA,
0x00, 0x05, 0x00, 0x06, 0x00, 0x03, 0x2B, 0xBA, 0x00, 0x01, 0x00, 0x02,
0x00, 0x03, 0x2B, 0x30, 0x31, 0x11, 0x21, 0x11, 0x21, 0x11, 0x21, 0x11,
0x21, 0x11, 0x21, 0x11, 0x21, 0x07, 0x00, 0xF9, 0x00, 0x07, 0x00, 0xF9,
0x00, 0x07, 0x00, 0xF9, 0x00, 0x05, 0x00, 0xFF, 0x00, 0x04, 0x00, 0xFF,
0x00, 0xFB, 0x00, 0xFF, 0x00, 0x00, 0x00, 0x00, 0x00, 0x02, 0x01, 0x00,
0x00, 0x00, 0x07, 0x00, 0x08, 0x00, 0x00, 0x03, 0x00, 0x0F, 0x00, 0x50,
0xBA, 0x00, 0x08, 0x00, 0x05, 0x00, 0x03, 0x2B, 0xB8, 0x00, 0x08, 0x10,
0xB8, 0x00, 0x0B, 0xD0, 0xB8, 0x00, 0x05, 0x10, 0xB8, 0x00, 0x0D, 0xD0,
0x00, 0xB8, 0x00, 0x06, 0x2F, 0xB8, 0x00, 0x00, 0x45, 0x58, 0xB8, 0x00,
0x02, 0x2F, 0x1B, 0xB9, 0x00, 0x02, 0x00, 0x01, 0x3E, 0x59, 0xBA, 0x00,
0x09, 0x00, 0x0A, 0x00, 0x03, 0x2B, 0xB8, 0x00, 0x02, 0x10, 0xB8, 0x00,
0x00, 0xDC, 0xB8, 0x00, 0x09, 0x10, 0xB8, 0x00, 0x04, 0xD0, 0xB8, 0x00,
0x0A, 0x10, 0xB8, 0x00, 0x0E, 0xD0, 0x30, 0x31, 0x01, 0x21, 0x11, 0x21,
0x11, 0x21, 0x11, 0x21, 0x11, 0x21, 0x11, 0x21, 0x11, 0x21, 0x11, 0x21,
0x01, 0x00, 0x06, 0x00, 0xFA, 0x00, 0x02, 0x00, 0x02, 0x00, 0x02, 0x00,
0xFE, 0x00, 0xFE, 0x00, 0xFE, 0x00, 0x01, 0x00, 0xFF, 0x00, 0x06, 0x00,
0x02, 0x00, 0xFE, 0x00, 0xFF, 0x00, 0xFE, 0x00, 0x02, 0x00, 0x00, 0x00,
0x00, 0x02, 0x01, 0x00, 0x00, 0x00, 0x07, 0x00, 0x09, 0x00, 0x00, 0x03,
0x00, 0x1F, 0x01, 0x04, 0xBA, 0x00, 0x05, 0x00, 0x04, 0x00, 0x03, 0x2B,
0xBA, 0x00, 0x10, 0x00, 0x15, 0x00, 0x03, 0x2B, 0xB8, 0x00, 0x10, 0x10,
0xB8, 0x00, 0x0B, 0xDC, 0xB8, 0x00, 0x01, 0xD0, 0xB8, 0x00, 0x10, 0x10,
0xB8, 0x00, 0x07, 0xD0, 0xB8, 0x00, 0x1A, 0x10, 0xB8, 0x00, 0x08, 0xD0,
0xB8, 0x00, 0x05, 0x10, 0xB8, 0x00, 0x09, 0xDC, 0xB8, 0x00, 0x0D, 0xD0,
0xB8, 0x00, 0x05, 0x10, 0xB8, 0x00, 0x11, 0xD0, 0xB8, 0x00, 0x1C, 0x10,
0xB8, 0x00, 0x12, 0xD0, 0xB8, 0x00, 0x04, 0x10, 0xB8, 0x00, 0x13, 0xD0,
0xB8, 0x00, 0x05, 0x10, 0xB8, 0x00, 0x17, 0xD0, 0xB8, 0x00, 0x1C, 0x10,
0xB8, 0x00, 0x18, 0xD0, 0xB8, 0x00, 0x10, 0x10, 0xB8, 0x00, 0x19, 0xD0,
0xB8, 0x00, 0x05, 0x10, 0xB8, 0x00, 0x1B, 0xD0, 0xB8, 0x00, 0x15, 0x10,
0xB8, 0x00, 0x1D, 0xD0, 0x00, 0xB8, 0x00, 0x00, 0x45, 0x58, 0xB8, 0x00,
0x02, 0x2F, 0x1B, 0xB9, 0x00, 0x02, 0x00, 0x01, 0x3E, 0x59, 0xBA, 0x00,
0x05, 0x00, 0x06, 0x00, 0x03, 0x2B, 0xBA, 0x00, 0x17, 0x00, 0x12, 0x00,
0x03, 0x2B, 0xBA, 0x00, 0x19, 0x00, 0x10, 0x00, 0x03, 0x2B, 0xB8, 0x00,
0x02, 0x10, 0xB8, 0x00, 0x00, 0xDC, 0xB8, 0x00, 0x05, 0x10, 0xB8, 0x00,
0x1C, 0xDC, 0xB8, 0x00, 0x08, 0xD0, 0xB8, 0x00, 0x06, 0x10, 0xB8, 0x00,
0x1A, 0xDC, 0xB8, 0x00, 0x0A, 0xD0, 0xB8, 0x00, 0x19, 0x10, 0xB8, 0x00,
0x0C, 0xD0, 0xB8, 0x00, 0x0B, 0xDC, 0xB8, 0x00, 0x17, 0x10, 0xB8, 0x00,
0x0E, 0xD0, 0xB8, 0x00, 0x12, 0x10, 0xB8, 0x00, 0x11, 0xDC, 0xB8, 0x00,
0x14, 0xD0, 0xB8, 0x00, 0x10, 0x10, 0xB8, 0x00, 0x15, 0xD0, 0xB8, 0x00,
0x0B, 0x10, 0xB8, 0x00, 0x1B, 0xD0, 0xB8, 0x00, 0x06, 0x10, 0xB8, 0x00,
0x1E, 0xD0, 0xB8, 0x00, 0x07, 0x10, 0xB8, 0x00, 0x1F, 0xD0, 0x30, 0x31,
0x01, 0x21, 0x11, 0x21, 0x01, 0x21, 0x11, 0x21, 0x11, 0x21, 0x11, 0x21,
0x11, 0x21, 0x11, 0x21, 0x11, 0x21, 0x11, 0x21, 0x11, 0x21, 0x11, 0x21,
0x11, 0x21, 0x11, 0x21, 0x11, 0x21, 0x11, 0x21, 0x01, 0x00, 0x06, 0x00,
0xFA, 0x00, 0x01, 0x00, 0x02, 0x00, 0x01, 0x00, 0x01, 0x00, 0x01, 0x00,
0xFF, 0x00, 0xFF, 0x00, 0xFF, 0x00, 0xFE, 0x00, 0x01, 0x00, 0x01, 0x00,
0x01, 0x00, 0xFF, 0x00, 0xFF, 0x00, 0xFF, 0x00, 0x01, 0x00, 0xFF, 0x00,
0x09, 0x00, 0xFF, 0x00, 0xFF, 0x00, 0xFF, 0x00, 0xFF, 0x00, 0xFF, 0x00,
0xFF, 0x00, 0xFF, 0x00, 0x01, 0x00, 0x01, 0x00, 0x01, 0x00, 0x01, 0x00,
0x01, 0x00, 0x01, 0x00, 0x00, 0x02, 0x01, 0x00, 0x00, 0x00, 0x07, 0x00,
0x09, 0x00, 0x00, 0x03, 0x00, 0x1F, 0x01, 0x10, 0xBA, 0x00, 0x15, 0x00,
0x00, 0x00, 0x03, 0x2B, 0xBA, 0x00, 0x0E, 0x00, 0x17, 0x00, 0x03, 0x2B,
0xB8, 0x00, 0x0E, 0x10, 0xB8, 0x00, 0x04, 0xD0, 0xB8, 0x00, 0x0E, 0x10,
0xB8, 0x00, 0x05, 0xDC, 0xB8, 0x00, 0x15, 0x10, 0xB8, 0x00, 0x08, 0xDC,
0xB8, 0x00, 0x0E, 0x10, 0xB8, 0x00, 0x09, 0xD0, 0xB8, 0x00, 0x04, 0x10,
0xB8, 0x00, 0x0A, 0xD0, 0xB8, 0x00, 0x15, 0x10, 0xB8, 0x00, 0x0B, 0xD0,
0xB8, 0x00, 0x15, 0x10, 0xB8, 0x00, 0x1D, 0xD0, 0xB8, 0x00, 0x0C, 0xD0,
0xB8, 0x00, 0x08, 0x10, 0xB8, 0x00, 0x0F, 0xD0, 0xB8, 0x00, 0x05, 0x10,
0xB8, 0x00, 0x11, 0xD0, 0xB8, 0x00, 0x0E, 0x10, 0xB8, 0x00, 0x13, 0xD0,
0xB8, 0x00, 0x04, 0x10, 0xB8, 0x00, 0x14, 0xD0, 0xB8, 0x00, 0x00, 0x10,
0xB8, 0x00, 0x19, 0xD0, 0xB8, 0x00, 0x17, 0x10, 0xB8, 0x00, 0x1B, 0xD0,
0x00, 0xB8, 0x00, 0x00, 0x45, 0x58, 0xB8, 0x00, 0x02, 0x2F, 0x1B, 0xB9,
0x00, 0x02, 0x00, 0x01, 0x3E, 0x59, 0xBA, 0x00, 0x05, 0x00, 0x06, 0x00,
0x03, 0x2B, 0xBA, 0x00, 0x0F, 0x00, 0x12, 0x00, 0x03, 0x2B, 0xBA, 0x00,
0x1F, 0x00, 0x0A, 0x00, 0x03, 0x2B, 0xB8, 0x00, 0x02, 0x10, 0xB8, 0x00,
0x00, 0xDC, 0xB8, 0x00, 0x05, 0x10, 0xB8, 0x00, 0x09, 0xDC, 0xB8, 0x00,
0x0A, 0x10, 0xB8, 0x00, 0x0C, 0xDC, 0xB8, 0x00, 0x12, 0x10, 0xB8, 0x00,
0x11, 0xDC, 0xB8, 0x00, 0x14, 0xD0, 0xB8, 0x00, 0x0D, 0xDC, 0xB8, 0x00,
0x14, 0x10, 0xB8, 0x00, 0x10, 0xD0, 0xB8, 0x00, 0x0F, 0x10, 0xB8, 0x00,
0x16, 0xD0, 0xB8, 0x00, 0x0D, 0x10, 0xB8, 0x00, 0x18, 0xD0, 0xB8, 0x00,
0x0C, 0x10, 0xB8, 0x00, 0x19, 0xD0, 0xB8, 0x00, 0x0A, 0x10, 0xB8, 0x00,
0x1A, 0xD0, 0xB8, 0x00, 0x0B, 0x10, 0xB8, 0x00, 0x1B, 0xD0, 0xB8, 0x00,
0x09, 0x10, 0xB8, 0x00, 0x1C, 0xD0, 0xB8, 0x00, 0x06, 0x10, 0xB8, 0x00,
0x1E, 0xD0, 0x30, 0x31, 0x01, 0x21, 0x11, 0x21, 0x01, 0x21, 0x11, 0x21,
0x11, 0x21, 0x11, 0x21, 0x11, 0x21, 0x11, 0x21, 0x11, 0x21, 0x11, 0x21,
0x11, 0x21, 0x11, 0x21, 0x11, 0x21, 0x11, 0x21, 0x11, 0x21, 0x11, 0x21,
0x01, 0x00, 0x06, 0x00, 0xFA, 0x00, 0x03, 0x00, 0x02, 0x00, 0xFF, 0x00,
0xFF, 0x00, 0xFF, 0x00, 0x01, 0x00, 0x01, 0x00, 0x01, 0x00, 0xFE, 0x00,
0xFF, 0x00, 0xFF, 0x00, 0xFF, 0x00, 0x01, 0x00, 0x01, 0x00, 0x01, 0x00,
0x01, 0x00, 0xFF, 0x00, 0x09, 0x00, 0xFF, 0x00, 0xFF, 0x00, 0xFF, 0x00,
0xFF, 0x00, 0xFF, 0x00, 0xFF, 0x00, 0xFF, 0x00, 0x01, 0x00, 0x01, 0x00,
0x01, 0x00, 0x01, 0x00, 0x01, 0x00, 0x01, 0x00, 0x00, 0x01, 0x03, 0x00,
0xFC, 0x00, 0x08, 0x00, 0x0A, 0x00, 0x00, 0x0B, 0x00, 0x58, 0xB8, 0x00,
0x0C, 0x2F, 0xB8, 0x00, 0x00, 0x2F, 0xB8, 0x00, 0x0C, 0x10, 0xB8, 0x00,
0x03, 0xD0, 0xB8, 0x00, 0x03, 0x2F, 0xB8, 0x00, 0x02, 0xDC, 0xB8, 0x00,
0x00, 0x10, 0xB8, 0x00, 0x09, 0xDC, 0x00, 0xB8, 0x00, 0x02, 0x2F, 0xB8,
0x00, 0x00, 0x45, 0x58, 0xB8, 0x00, 0x06, 0x2F, 0x1B, 0xB9, 0x00, 0x06,
0x00, 0x07, 0x3E, 0x59, 0xB8, 0x00, 0x00, 0xDC, 0xB8, 0x00, 0x04, 0xD0,
0xB8, 0x00, 0x05, 0xD0, 0xB8, 0x00, 0x08, 0xD0, 0xB8, 0x00, 0x09, 0xD0,
0xB8, 0x00, 0x01, 0xD0, 0xB8, 0x00, 0x09, 0x10, 0xB8, 0x00, 0x0A, 0xDC,
0x30, 0x31, 0x01, 0x21, 0x11, 0x21, 0x11, 0x21, 0x11, 0x21, 0x11, 0x21,
0x11, 0x21, 0x06, 0x00, 0xFF, 0x00, 0xFE, 0x00, 0x01, 0x00, 0x03, 0x00,
0x01, 0x00, 0xFE, 0x00, 0x09, 0x00, 0xF3, 0x00, 0x0D, 0x00, 0x01, 0x00,
0xFF, 0x00, 0xFE, 0x00, 0x00, 0x01, 0x00, 0x00, 0xFF, 0x00, 0x05, 0x00,
0x0C, 0x00, 0x00, 0x0B, 0x00, 0x7E, 0xB8, 0x00, 0x0C, 0x2F, 0xB8, 0x00,
0x03, 0x2F, 0xB8, 0x00, 0x0C, 0x10, 0xB8, 0x00, 0x00, 0xD0, 0xB8, 0x00,
0x00, 0x2F, 0xB8, 0x00, 0x01, 0xDC, 0xB8, 0x00, 0x03, 0x10, 0xB8, 0x00,
0x06, 0xDC, 0x00, 0xB8, 0x00, 0x04, 0x2F, 0xB8, 0x00, 0x00, 0x45, 0x58,
0xB8, 0x00, 0x02, 0x2F, 0x1B, 0xB9, 0x00, 0x02, 0x00, 0x01, 0x3E, 0x59,
0xB8, 0x00, 0x00, 0x45, 0x58, 0xB8, 0x00, 0x06, 0x2F, 0x1B, 0xB9, 0x00,
0x06, 0x00, 0x01, 0x3E, 0x59, 0xB8, 0x00, 0x00, 0x45, 0x58, 0xB8, 0x00,
0x0A, 0x2F, 0x1B, 0xB9, 0x00, 0x0A, 0x00, 0x01, 0x3E, 0x59, 0xBA, 0x00,
0x07, 0x00, 0x08, 0x00, 0x03, 0x2B, 0xB8, 0x00, 0x0A, 0x10, 0xB8, 0x00,
0x00, 0xDC, 0xB8, 0x00, 0x01, 0xD0, 0xB8, 0x00, 0x07, 0x10, 0xB8, 0x00,
0x03, 0xD0, 0xB8, 0x00, 0x07, 0x10, 0xB8, 0x00, 0x0B, 0xD0, 0x30, 0x31,
0x11, 0x21, 0x11, 0x21, 0x11, 0x21, 0x11, 0x21, 0x11, 0x21, 0x11, 0x21,
0x02, 0x00, 0x01, 0x00, 0x02, 0x00, 0xFF, 0x00, 0xFD, 0x00, 0xFF, 0x00,
0x02, 0x00, 0xFE, 0x00, 0x0C, 0x00, 0xF4, 0x00, 0xFF, 0x00, 0x01, 0x00,
0x00, 0x03, 0x01, 0x00, 0x02, 0x00, 0x07, 0x00, 0x07, 0x00, 0x00, 0x03,
0x00, 0x07, 0x00, 0x0B, 0x00, 0x44, 0xBA, 0x00, 0x01, 0x00, 0x00, 0x00,
0x03, 0x2B, 0xB8, 0x00, 0x00, 0x10, 0xB8, 0x00, 0x04, 0xD0, 0xB8, 0x00,
0x01, 0x10, 0xB8, 0x00, 0x05, 0xD0, 0x00, 0xB8, 0x00, 0x00, 0x45, 0x58,
0xB8, 0x00, 0x04, 0x2F, 0x1B, 0xB9, 0x00, 0x04, 0x00, 0x05, 0x3E, 0x59,
0xBA, 0x00, 0x01, 0x00, 0x02, 0x00, 0x03, 0x2B, 0xBA, 0x00, 0x09, 0x00,
0x0A, 0x00, 0x03, 0x2B, 0xB8, 0x00, 0x04, 0x10, 0xB8, 0x00, 0x06, 0xDC,
0x30, 0x31, 0x01, 0x21, 0x11, 0x21, 0x11, 0x21, 0x11, 0x21, 0x01, 0x21,
0x11, 0x21, 0x03, 0x00, 0x02, 0x00, 0xFE, 0x00, 0x02, 0x00, 0xFE, 0x00,
0xFE, 0x00, 0x06, 0x00, 0xFA, 0x00, 0x03, 0x00, 0xFF, 0x00, 0x05, 0x00,
0xFF, 0x00, 0xFF, 0x00, 0xFF, 0x00, 0x00, 0x00, 0x00, 0x02, 0x00, 0x00,
0x02, 0x00, 0x07, 0x00, 0x07, 0x00, 0x00, 0x0F, 0x00, 0x1F, 0x01, 0x09,
0xBA, 0x00, 0x08, 0x00, 0x09, 0x00, 0x03, 0x2B, 0xBA, 0x00, 0x0E, 0x00,
0x0B, 0x00, 0x03, 0x2B, 0xBA, 0x00, 0x04, 0x00, 0x05, 0x00, 0x03, 0x2B,
0xBA, 0x00, 0x01, 0x00, 0x00, 0x00, 0x03, 0x2B, 0xB8, 0x00, 0x00, 0x10,
0xB8, 0x00, 0x10, 0xD0, 0xB8, 0x00, 0x01, 0x10, 0xB8, 0x00, 0x11, 0xD0,
0xB8, 0x00, 0x04, 0x10, 0xB8, 0x00, 0x13, 0xD0, 0xB8, 0x00, 0x05, 0x10,
0xB8, 0x00, 0x15, 0xD0, 0xB8, 0x00, 0x08, 0x10, 0xB8, 0x00, 0x17, 0xD0,
0xB8, 0x00, 0x09, 0x10, 0xB8, 0x00, 0x19, 0xD0, 0xB8, 0x00, 0x0B, 0x10,
0xB8, 0x00, 0x1B, 0xD0, 0xB8, 0x00, 0x0E, 0x10, 0xB8, 0x00, 0x1D, 0xD0,
0x00, 0xB8, 0x00, 0x00, 0x45, 0x58, 0xB8, 0x00, 0x00, 0x2F, 0x1B, 0xB9,
0x00, 0x00, 0x00, 0x05, 0x3E, 0x59, 0xB8, 0x00, 0x00, 0x45, 0x58, 0xB8,
0x00, 0x0C, 0x2F, 0x1B, 0xB9, 0x00, 0x0C, 0x00, 0x05, 0x3E, 0x59, 0xBA,
0x00, 0x13, 0x00, 0x14, 0x00, 0x03, 0x2B, 0xBA, 0x00, 0x03, 0x00, 0x04,
0x00, 0x03, 0x2B, 0xB8, 0x00, 0x00, 0x10, 0xB8, 0x00, 0x02, 0xDC, 0xB8,
0x00, 0x06, 0xD0, 0xB8, 0x00, 0x07, 0xD0, 0xB8, 0x00, 0x04, 0x10, 0xB8,
0x00, 0x08, 0xD0, 0xB8, 0x00, 0x07, 0x10, 0xB8, 0x00, 0x0A, 0xD0, 0xB8,
0x00, 0x0B, 0xD0, 0xB8, 0x00, 0x0E, 0xD0, 0xB8, 0x00, 0x0F, 0xD0, 0xB8,
0x00, 0x13, 0x10, 0xB8, 0x00, 0x11, 0xDC, 0xB8, 0x00, 0x13, 0x10, 0xB8,
0x00, 0x16, 0xD0, 0xB8, 0x00, 0x12, 0x10, 0xB8, 0x00, 0x17, 0xD0, 0xB8,
0x00, 0x14, 0x10, 0xB8, 0x00, 0x18, 0xD0, 0xB8, 0x00, 0x13, 0x10, 0xB8,
0x00, 0x1A, 0xD0, 0xB8, 0x00, 0x12, 0x10, 0xB8, 0x00, 0x1B, 0xD0, 0xB8,
0x00, 0x11, 0x10, 0xB8, 0x00, 0x1C, 0xD0, 0xB8, 0x00, 0x13, 0x10, 0xB8,
0x00, 0x1E, 0xD0, 0xB8, 0x00, 0x12, 0x10, 0xB8, 0x00, 0x1F, 0xD0, 0x30,
0x31, 0x01, 0x21, 0x11, 0x21, 0x11, 0x21, 0x11, 0x21, 0x11, 0x21, 0x11,
0x21, 0x11, 0x21, 0x11, 0x21, 0x11, 0x21, 0x11, 0x21, 0x11, 0x21, 0x11,
0x21, 0x11, 0x21, 0x11, 0x21, 0x11, 0x21, 0x11, 0x21, 0x05, 0x00, 0x02,
0x00, 0xFF, 0x00, 0xFD, 0x00, 0xFF, 0x00, 0xFE, 0x00, 0x01, 0x00, 0x03,
0x00, 0x01, 0x00, 0x02, 0x00, 0xFF, 0x00, 0xFD, 0x00, 0xFF, 0x00, 0xFE,
0x00, 0x01, 0x00, 0x03, 0x00, 0x01, 0x00, 0x07, 0x00, 0xFF, 0x00, 0xFF,
0x00, 0x01, 0x00, 0xFF, 0x00, 0x01, 0x00, 0x01, 0x00, 0xFF, 0x00, 0xFE,
0x00, 0xFF, 0x00, 0xFF, 0x00, 0x01, 0x00, 0xFF, 0x00, 0x01, 0x00, 0x01,
0x00, 0xFF, 0x00, 0x00, 0x00, 0x02, 0x01, 0x00, 0x07, 0x00, 0x06, 0x00,
0x0B, 0x00, 0x00, 0x03, 0x00, 0x0F, 0x00, 0x96, 0xBA, 0x00, 0x02, 0x00,
0x05, 0x00, 0x03, 0x2B, 0xBA, 0x00, 0x0D, 0x00, 0x04, 0x00, 0x03, 0x2B,
0xBA, 0x00, 0x0B, 0x00, 0x00, 0x00, 0x03, 0x2B, 0xB8, 0x00, 0x04, 0x10,
0xB8, 0x00, 0x07, 0xD0, 0xB8, 0x00, 0x0D, 0x10, 0xB8, 0x00, 0x09, 0xD0,
0x00, 0xB8, 0x00, 0x00, 0x45, 0x58, 0xB8, 0x00, 0x00, 0x2F, 0x1B, 0xB9,
0x00, 0x00, 0x00, 0x07, 0x3E, 0x59, 0xB8, 0x00, 0x00, 0x45, 0x58, 0xB8,
0x00, 0x06, 0x2F, 0x1B, 0xB9, 0x00, 0x06, 0x00, 0x07, 0x3E, 0x59, 0xB8,
0x00, 0x00, 0x45, 0x58, 0xB8, 0x00, 0x0A, 0x2F, 0x1B, 0xB9, 0x00, 0x0A,
0x00, 0x07, 0x3E, 0x59, 0xB8, 0x00, 0x01, 0xD0, 0xB8, 0x00, 0x00, 0x10,
0xB8, 0x00, 0x02, 0xDC, 0xB8, 0x00, 0x04, 0xD0, 0xB8, 0x00, 0x05, 0xD0,
0xB8, 0x00, 0x0C, 0xD0, 0xB8, 0x00, 0x0D, 0xD0, 0xB8, 0x00, 0x03, 0xD0,
0xB8, 0x00, 0x0A, 0x10, 0xB8, 0x00, 0x07, 0xD0, 0xB8, 0x00, 0x0A, 0x10,
0xB8, 0x00, 0x09, 0xDC, 0xB8, 0x00, 0x0D, 0x10, 0xB8, 0x00, 0x0E, 0xDC,
0x30, 0x31, 0x01, 0x21, 0x11, 0x29, 0x02, 0x11, 0x21, 0x11, 0x21, 0x11,
0x21, 0x11, 0x21, 0x11, 0x21, 0x04, 0x00, 0xFF, 0x00, 0x01, 0x00, 0xFE,
0x00, 0xFF, 0x00, 0x01, 0x00, 0x03, 0x00, 0x01, 0x00, 0xFF, 0x00, 0xFD,
0x00, 0x0A, 0x00, 0xFE, 0x00, 0x02, 0x00, 0x01, 0x00, 0xFF, 0x00, 0xFE,
0x00, 0xFF, 0x00, 0x00, 0x00, 0x01, 0x03, 0x00, 0x03, 0x00, 0x05, 0x00,
0x05, 0x00, 0x00, 0x03, 0x00, 0x13, 0xBA, 0x00, 0x01, 0x00, 0x00, 0x00,
0x03, 0x2B, 0x00, 0xBA, 0x00, 0x01, 0x00, 0x02, 0x00, 0x03, 0x2B, 0x30,
0x31, 0x01, 0x21, 0x11, 0x21, 0x03, 0x00, 0x02, 0x00, 0xFE, 0x00, 0x05,
0x00, 0xFE, 0x00, 0x00, 0x00, 0x01, 0x03, 0x00, 0x04, 0x00, 0x05, 0x00,
0x05, 0x00, 0x00, 0x03, 0x00, 0x13, 0xBA, 0x00, 0x01, 0x00, 0x00, 0x00,
0x03, 0x2B, 0x00, 0xBA, 0x00, 0x01, 0x00, 0x02, 0x00, 0x03, 0x2B, 0x30,
0x31, 0x01, 0x21, 0x11, 0x21, 0x03, 0x00, 0x02, 0x00, 0xFE, 0x00, 0x05,
0x00, 0xFF, 0x00, 0x00, 0x00, 0x01, 0x00, 0x00, 0x00, 0x00, 0x08, 0x00,
0x0B, 0x00, 0x00, 0x0F, 0x00, 0x78, 0xBA, 0x00, 0x01, 0x00, 0x00, 0x00,
0x03, 0x2B, 0xBA, 0x00, 0x08, 0x00, 0x0B, 0x00, 0x03, 0x2B, 0xB8, 0x00,
0x08, 0x10, 0xB8, 0x00, 0x03, 0xDC, 0xB8, 0x00, 0x06, 0xDC, 0xB8, 0x00,
0x01, 0x10, 0xB8, 0x00, 0x07, 0xDC, 0xB8, 0x00, 0x01, 0x10, 0xB8, 0x00,
0x09, 0xD0, 0xB8, 0x00, 0x02, 0x10, 0xB8, 0x00, 0x0A, 0xD0, 0xB8, 0x00,
0x01, 0x10, 0xB8, 0x00, 0x0D, 0xDC, 0x00, 0xB8, 0x00, 0x00, 0x45, 0x58,
0xB8, 0x00, 0x08, 0x2F, 0x1B, 0xB9, 0x00, 0x08, 0x00, 0x01, 0x3E, 0x59,
0xBA, 0x00, 0x05, 0x00, 0x06, 0x00, 0x03, 0x2B, 0xBA, 0x00, 0x01, 0x00,
0x0A, 0x00, 0x03, 0x2B, 0xB8, 0x00, 0x08, 0x10, 0xB8, 0x00, 0x02, 0xDC,
0xB8, 0x00, 0x0C, 0xD0, 0xB8, 0x00, 0x0D, 0xD0, 0xB8, 0x00, 0x01, 0x10,
0xB8, 0x00, 0x0F, 0xDC, 0x30, 0x31, 0x11, 0x21, 0x11, 0x21, 0x11, 0x21,
0x11, 0x21, 0x11, 0x21, 0x11, 0x21, 0x11, 0x21, 0x11, 0x21, 0x03, 0x00,
0x01, 0x00, 0x04, 0x00, 0xFE, 0x00, 0xFD, 0x00, 0xFF, 0x00, 0xFF, 0x00,
0xFF, 0x00, 0x05, 0x00, 0xFD, 0x00, 0x09, 0x00, 0xFF, 0x00, 0xF6, 0x00,
0x01, 0x00, 0x01, 0x00, 0x02, 0x00, 0x00, 0x00, 0x00, 0x02, 0x01, 0x00,
0x05, 0x00, 0x07, 0x00, 0x0B, 0x00, 0x00, 0x07, 0x00, 0x0F, 0x00, 0x63,
0xBA, 0x00, 0x0C, 0x00, 0x09, 0x00, 0x03, 0x2B, 0xBA, 0x00, 0x07, 0x00,
0x08, 0x00, 0x03, 0x2B, 0xBA, 0x00, 0x04, 0x00, 0x05, 0x00, 0x03, 0x2B,
0xB8, 0x00, 0x07, 0x10, 0xB8, 0x00, 0x01, 0xDC, 0xB8, 0x00, 0x07, 0x10,
0xB8, 0x00, 0x0D, 0xD0, 0xB8, 0x00, 0x00, 0x10, 0xB8, 0x00, 0x0E, 0xD0,
0x00, 0xB8, 0x00, 0x04, 0x2F, 0xB8, 0x00, 0x0E, 0x2F, 0xBA, 0x00, 0x01,
0x00, 0x02, 0x00, 0x03, 0x2B, 0xB8, 0x00, 0x02, 0x10, 0xB8, 0x00, 0x06,
0xD0, 0xB8, 0x00, 0x02, 0x10, 0xB8, 0x00, 0x08, 0xD0, 0xB8, 0x00, 0x01,
0x10, 0xB8, 0x00, 0x0A, 0xD0, 0xB8, 0x00, 0x02, 0x10, 0xB8, 0x00, 0x0C,
0xD0, 0x30, 0x31, 0x01, 0x21, 0x11, 0x21, 0x11, 0x21, 0x11, 0x29, 0x02,
0x11, 0x21, 0x11, 0x21, 0x11, 0x21, 0x04, 0x00, 0x02, 0x00, 0x01, 0x00,
0xFE, 0x00, 0xFF, 0x00, 0xFE, 0x00, 0xFF, 0x00, 0x02, 0x00, 0x01, 0x00,
0xFE, 0x00, 0x0B, 0x00, 0xFF, 0x00, 0xFB, 0x00, 0x05, 0x00, 0x01, 0x00,
0xFF, 0x00, 0xFB, 0x00, 0x00, 0x01, 0x01, 0x00, 0x05, 0x00, 0x07, 0x00,
0x0B, 0x00, 0x00, 0x1D, 0x01, 0x79, 0xBA, 0x00, 0x03, 0x00, 0x00, 0x00,
0x03, 0x2B, 0xBA, 0x00, 0x18, 0x00, 0x01, 0x00, 0x03, 0x2B, 0xB8, 0x00,
0x18, 0x10, 0xB8, 0x00, 0x05, 0xD0, 0xB8, 0x00, 0x03, 0x10, 0xB8, 0x00,
0x16, 0xDC, 0xB8, 0x00, 0x07, 0xD0, 0xB8, 0x00, 0x03, 0x10, 0xB8, 0x00,
0x09, 0xD0, 0xB8, 0x00, 0x00, 0x10, 0xB8, 0x00, 0x0B, 0xD0, 0xB8, 0x00,
0x01, 0x10, 0xB8, 0x00, 0x0D, 0xD0, 0xB8, 0x00, 0x18, 0x10, 0xB8, 0x00,
0x14, 0xDC, 0xB8, 0x00, 0x0F, 0xD0, 0xB8, 0x00, 0x14, 0x10, 0xB8, 0x00,
0x11, 0xDC, 0xB8, 0x00, 0x16, 0x10, 0xB8, 0x00, 0x12, 0xDC, 0xB8, 0x00,
0x10, 0x10, 0xB8, 0x00, 0x13, 0xD0, 0xB8, 0x00, 0x07, 0x10, 0xB8, 0x00,
0x15, 0xD0, 0xB8, 0x00, 0x14, 0x10, 0xB8, 0x00, 0x19, 0xD0, 0xB8, 0x00,
0x10, 0x10, 0xB8, 0x00, 0x1A, 0xD0, 0xB8, 0x00, 0x12, 0x10, 0xB8, 0x00,
0x1B, 0xD0, 0xB8, 0x00, 0x11, 0x10, 0xB8, 0x00, 0x1C, 0xD0, 0x00, 0xB8,
0x00, 0x00, 0x45, 0x58, 0xB8, 0x00, 0x02, 0x2F, 0x1B, 0xB9, 0x00, 0x02,
0x00, 0x05, 0x3E, 0x59, 0xB8, 0x00, 0x00, 0x45, 0x58, 0xB8, 0x00, 0x16,
0x2F, 0x1B, 0xB9, 0x00, 0x16, 0x00, 0x05, 0x3E, 0x59, 0xB8, 0x00, 0x00,
0x45, 0x58, 0xB8, 0x00, 0x1A, 0x2F, 0x1B, 0xB9, 0x00, 0x1A, 0x00, 0x05,
0x3E, 0x59, 0xB8, 0x00, 0x00, 0x45, 0x58, 0xB8, 0x00, 0x08, 0x2F, 0x1B,
0xB9, 0x00, 0x08, 0x00, 0x07, 0x3E, 0x59, 0xB8, 0x00, 0x00, 0x45, 0x58,
0xB8, 0x00, 0x0C, 0x2F, 0x1B, 0xB9, 0x00, 0x0C, 0x00, 0x07, 0x3E, 0x59,
0xB8, 0x00, 0x00, 0x45, 0x58, 0xB8, 0x00, 0x10, 0x2F, 0x1B, 0xB9, 0x00,
0x10, 0x00, 0x07, 0x3E, 0x59, 0xB8, 0x00, 0x1A, 0x10, 0xB8, 0x00, 0x1C,
0xDC, 0xB8, 0x00, 0x19, 0xDC, 0xB8, 0x00, 0x00, 0xD0, 0xB8, 0x00, 0x08,
0x10, 0xB8, 0x00, 0x06, 0xDC, 0xB8, 0x00, 0x0A, 0xD0, 0xB8, 0x00, 0x03,
0xDC, 0xB8, 0x00, 0x1C, 0x10, 0xB8, 0x00, 0x14, 0xDC, 0xB8, 0x00, 0x04,
0xD0, 0xB8, 0x00, 0x0A, 0x10, 0xB8, 0x00, 0x07, 0xD0, 0xB8, 0x00, 0x10,
0x10, 0xB8, 0x00, 0x09, 0xD0, 0xB8, 0x00, 0x0A, 0x10, 0xB8, 0x00, 0x0B,
0xD0, 0xB8, 0x00, 0x10, 0x10, 0xB8, 0x00, 0x0D, 0xD0, 0xB8, 0x00, 0x04,
0x10, 0xB8, 0x00, 0x0E, 0xDC, 0xB8, 0x00, 0x10, 0x10, 0xB8, 0x00, 0x0F,
0xDC, 0xB8, 0x00, 0x0B, 0x10, 0xB8, 0x00, 0x12, 0xD0, 0xB8, 0x00, 0x13,
0xD0, 0xB8, 0x00, 0x04, 0x10, 0xB8, 0x00, 0x15, 0xD0, 0xB8, 0x00, 0x03,
0x10, 0xB8, 0x00, 0x17, 0xD0, 0xB8, 0x00, 0x03, 0x10, 0xB8, 0x00, 0x1B,
0xD0, 0xB8, 0x00, 0x1C, 0x10, 0xB8, 0x00, 0x1D, 0xD0, 0x30, 0x31, 0x01,
0x21, 0x11, 0x21, 0x11, 0x21, 0x11, 0x21, 0x11, 0x21, 0x11, 0x21, 0x11,
0x21, 0x11, 0x21, 0x11, 0x21, 0x11, 0x21, 0x11, 0x21, 0x11, 0x21, 0x11,
0x21, 0x11, 0x21, 0x11, 0x21, 0x01, 0x00, 0x01, 0x00, 0x01, 0x00, 0x01,
0x00, 0x01, 0x00, 0xFE, 0x00, 0xFE, 0x00, 0x01, 0x00, 0x04, 0x00, 0x01,
0x00, 0xFF, 0x00, 0xFF, 0x00, 0xFF, 0x00, 0x02, 0x00, 0x01, 0x00, 0xFA,
0x00, 0x06, 0x00, 0x01, 0x00, 0x01, 0x00, 0x01, 0x00, 0x01, 0x00, 0xFF,
0x00, 0x01, 0x00, 0x01, 0x00, 0xFF, 0x00, 0xFF, 0x00, 0xFF, 0x00, 0xFF,
0x00, 0xFF, 0x00, 0x01, 0x00, 0xFE, 0x00, 0x00, 0x00, 0x01, 0x01, 0x00,
0x01, 0x00, 0x07, 0x00, 0x08, 0x00, 0x00, 0x03, 0x00, 0x0B, 0x00, 0xB8,
0x00, 0x00, 0x2F, 0xB8, 0x00, 0x02, 0x2F, 0x30, 0x31, 0x01, 0x21, 0x11,
0x21, 0x01, 0x00, 0x06, 0x00, 0xFA, 0x00, 0x08, 0x00, 0xF9, 0x00, 0x00,
0x00, 0x05, 0x00, 0x00, 0x00, 0x00, 0x08, 0x00, 0x0A, 0x00, 0x00, 0x03,
0x00, 0x07, 0x00, 0x0F, 0x00, 0x17, 0x00, 0x20, 0x00, 0xED, 0xBA, 0x00,
0x11, 0x00, 0x10, 0x00, 0x03, 0x2B, 0xBA, 0x00, 0x05, 0x00, 0x04, 0x00,
0x03, 0x2B, 0xBA, 0x00, 0x1F, 0x00, 0x13, 0x00, 0x03, 0x2B, 0xB8, 0x00,
0x05, 0x10, 0xB8, 0x00, 0x00, 0xDC, 0xB8, 0x00, 0x01, 0xDC, 0xB8, 0x00,
0x04, 0x10, 0xB8, 0x00, 0x08, 0xD0, 0xB8, 0x00, 0x01, 0x10, 0xB8, 0x00,
0x09, 0xD0, 0xB8, 0x00, 0x00, 0x10, 0xB8, 0x00, 0x0B, 0xD0, 0xB8, 0x00,
0x05, 0x10, 0xB8, 0x00, 0x0D, 0xD0, 0xB8, 0x00, 0x11, 0x10, 0xB8, 0x00,
0x15, 0xD0, 0xB8, 0x00, 0x13, 0x10, 0xB8, 0x00, 0x18, 0xD0, 0xB8, 0x00,
0x11, 0x10, 0xB8, 0x00, 0x1A, 0xD0, 0xB8, 0x00, 0x13, 0x10, 0xB8, 0x00,
0x1C, 0xD0, 0x00, 0xB8, 0x00, 0x00, 0x45, 0x58, 0xB8, 0x00, 0x1B, 0x2F,
0x1B, 0xB9, 0x00, 0x1B, 0x00, 0x07, 0x3E, 0x59, 0xB8, 0x00, 0x00, 0x45,
0x58, 0xB8, 0x00, 0x14, 0x2F, 0x1B, 0xB9, 0x00, 0x14, 0x00, 0x01, 0x3E,
0x59, 0xBA, 0x00, 0x01, 0x00, 0x02, 0x00, 0x03, 0x2B, 0xBA, 0x00, 0x09,
0x00, 0x0C, 0x00, 0x03, 0x2B, 0xB8, 0x00, 0x01, 0x10, 0xB8, 0x00, 0x04,
0xD0, 0xB8, 0x00, 0x02, 0x10, 0xB8, 0x00, 0x06, 0xD0, 0xB8, 0x00, 0x09,
0x10, 0xB8, 0x00, 0x0A, 0xDC, 0xB8, 0x00, 0x0E, 0xD0, 0xB8, 0x00, 0x1B,
0x10, 0xB8, 0x00, 0x10, 0xDC, 0xB8, 0x00, 0x14, 0x10, 0xB8, 0x00, 0x12,
0xDC, 0xB8, 0x00, 0x16, 0xD0, 0xB8, 0x00, 0x17, 0xD0, 0xB8, 0x00, 0x10,
0x10, 0xB8, 0x00, 0x18, 0xD0, 0xB8, 0x00, 0x19, 0xD0, 0xB8, 0x00, 0x1D,
0xD0, 0xB8, 0x00, 0x1E, 0xD0, 0xB8, 0x00, 0x17, 0x10, 0xB8, 0x00, 0x1F,
0xD0, 0xB8, 0x00, 0x20, 0xD0, 0x30, 0x31, 0x01, 0x21, 0x11, 0x21, 0x01,
0x21, 0x11, 0x21, 0x11, 0x21, 0x11, 0x21, 0x11, 0x21, 0x11, 0x21, 0x01,
0x21, 0x11, 0x21, 0x11, 0x21, 0x11, 0x21, 0x01, 0x21, 0x27, 0x35, 0x21,
0x11, 0x21, 0x11, 0x21, 0x05, 0x00, 0x01, 0x00, 0xFF, 0x00, 0xFD, 0x00,
0x01, 0x00, 0xFF, 0x00, 0x04, 0x00, 0xFF, 0x00, 0xFE, 0x00, 0xFF, 0x00,
0xFE, 0x00, 0x01, 0x00, 0x06, 0x00, 0xFA, 0x00, 0xFF, 0x00, 0x07, 0x00,
0xFA, 0x02, 0x02, 0x06, 0x00, 0x01, 0x00, 0xFF, 0x00, 0x08, 0x00, 0xFF,
0x00, 0x01, 0x00, 0xFF, 0x00, 0xFE, 0x00, 0xFF, 0x00, 0xFF, 0x00, 0x01,
0x00, 0x05, 0x00, 0xF8, 0x00, 0xFF, 0x00, 0x01, 0x00, 0x08, 0x00, 0x02,
0xFE, 0xFF, 0x00, 0xF8, 0x00, 0x00, 0x00, 0x00, 0x00, 0x00, 0x00, 0x00,
0x00, 0xA2, 0x01, 0x1A, 0x01, 0x94, 0x02, 0x30, 0x02, 0xB4, 0x02, 0xF0,
0x03, 0x2E, 0x03, 0xC6, 0x04, 0x58, 0x05, 0x36, 0x05, 0xD8, 0x06, 0x30,
0x06, 0x98, 0x07, 0xA6, 0x08, 0x14, 0x08, 0x7E, 0x09, 0x08, 0x09, 0x78,
0x09, 0xE2, 0x0B, 0xCA, 0x0B, 0xE4, 0x0C, 0x82, 0x0C, 0xD4, 0x0D, 0x2C,
0x0D, 0x92, 0x0D, 0xF6, 0x0E, 0x14, 0x0E, 0xAA, 0x0E, 0xF4, 0x0F, 0x2E,
0x0F, 0x2E, 0x0F, 0x8C, 0x0F, 0xCE, 0x10, 0x86, 0x11, 0x8E, 0x12, 0x84,
0x13, 0xB6, 0x13, 0xE0, 0x14, 0x62, 0x14, 0xE4, 0x15, 0x84, 0x15, 0xC2,
0x15, 0xFE, 0x16, 0x12, 0x16, 0x30, 0x16, 0xDA, 0x17, 0xD2, 0x18, 0x26,
0x19, 0x1A, 0x19, 0xCA, 0x1A, 0x7E, 0x1A, 0xFA, 0x1B, 0x80, 0x1B, 0xF6,
0x1C, 0x9E, 0x1D, 0x38, 0x1D, 0x64, 0x1D, 0xAA, 0x1E, 0xA8, 0x1E, 0xD0,
0x1F, 0xC4, 0x20, 0x68, 0x20, 0xC4, 0x21, 0x6C, 0x21, 0xEE, 0x22, 0xBA,
0x23, 0x48, 0x23, 0xEA, 0x24, 0x76, 0x25, 0x72, 0x25, 0xC8, 0x26, 0x18,
0x26, 0x78, 0x27, 0x28, 0x27, 0x92, 0x28, 0x04, 0x28, 0x78, 0x28, 0xDA,
0x29, 0x48, 0x29, 0xCC, 0x2A, 0x62, 0x2B, 0x54, 0x2B, 0xB6, 0x2C, 0x04,
0x2C, 0x96, 0x2D, 0x02, 0x2D, 0xE6, 0x2E, 0x5E, 0x2F, 0x48, 0x2F, 0x80,
0x2F, 0xF4, 0x30, 0x2E, 0x30, 0xD4, 0x30, 0xE8, 0x31, 0x3C, 0x31, 0xDA,
0x32, 0x5C, 0x32, 0xCE, 0x33, 0x84, 0x34, 0x02, 0x34, 0x98, 0x35, 0x5C,
0x35, 0xE4, 0x36, 0x46, 0x36, 0xB6, 0x37, 0x66, 0x37, 0xAA, 0x38, 0x12,
0x38, 0x78, 0x38, 0xD8, 0x39, 0x76, 0x3A, 0x16, 0x3A, 0x98, 0x3B, 0x78,
0x3C, 0x04, 0x3C, 0x6A, 0x3C, 0xE4, 0x3D, 0x64, 0x3E, 0x50, 0x3E, 0xCE,
0x3F, 0x8E, 0x40, 0x08, 0x40, 0x2E, 0x40, 0xA8, 0x41, 0x1A, 0x41, 0xAA,
0x42, 0xAE, 0x43, 0x4E, 0x44, 0x28, 0x45, 0x3A, 0x46, 0x12, 0x47, 0x10,
0x48, 0x24, 0x48, 0xCA, 0x49, 0xBA, 0x4A, 0x70, 0x4B, 0x4E, 0x4B, 0xCA,
0x4C, 0x78, 0x4D, 0x14, 0x4D, 0xFA, 0x4F, 0x0C, 0x4F, 0xDA, 0x50, 0xCE,
0x51, 0x5A, 0x52, 0x2C, 0x52, 0xC2, 0x53, 0x72, 0x54, 0x4A, 0x55, 0x12,
0x55, 0xC8, 0x56, 0x48, 0x56, 0xB4, 0x57, 0x48, 0x58, 0x12, 0x58, 0xD2,
0x59, 0xA4, 0x5A, 0x52, 0x5B, 0x4C, 0x5B, 0xE0, 0x5C, 0x90, 0x5D, 0x56,
0x5E, 0x24, 0x5E, 0xEA, 0x5F, 0x6A, 0x5F, 0xF8, 0x60, 0x90, 0x60, 0xAE,
0x60, 0xCA, 0x62, 0x58, 0x63, 0xDC, 0x64, 0x42, 0x65, 0x72, 0x66, 0x8E,
0x6A, 0x56, 0x73, 0xAC, 0x77, 0x6C, 0x77, 0x84, 0x77, 0xAA, 0x77, 0xE6,
0x78, 0x1E, 0x78, 0x54, 0x78, 0x86, 0x78, 0xDA, 0x79, 0x08, 0x79, 0x48,
0x79, 0x88, 0x79, 0xBC, 0x79, 0xEE, 0x7A, 0x0A, 0x7A, 0x28, 0x7A, 0x4C,
0x7A, 0x70, 0x7A, 0x96, 0x7A, 0xAA, 0x7A, 0xE2, 0x7B, 0x1E, 0x7B, 0x56,
0x7B, 0x96, 0x7B, 0xDE, 0x7C, 0x3A, 0x7C, 0x92, 0x7C, 0xEC, 0x7D, 0x12,
0x7D, 0x9E, 0x7D, 0xE2, 0x7E, 0x1E, 0x7E, 0x54, 0x7E, 0x90, 0x7E, 0xC6,
0x7E, 0xFA, 0x7F, 0x2E, 0x7F, 0x64, 0x7F, 0xC6, 0x80, 0x2C, 0x80, 0x48,
0x80, 0x66, 0x80, 0x7A, 0x80, 0x8E, 0x80, 0xA6, 0x80, 0xBA, 0x80, 0xCE,
0x81, 0x80, 0x82, 0x24, 0x82, 0x62, 0x82, 0xB4, 0x83, 0xA4, 0x84, 0x06,
0x84, 0x6C, 0x84, 0xEE, 0x85, 0xAE, 0x86, 0xA0, 0x87, 0x62, 0x88, 0x2C,
0x88, 0x9A, 0x89, 0x68, 0x8A, 0x00, 0x8A, 0x4A, 0x8A, 0x74, 0x8A, 0xBE,
0x8B, 0x7A, 0x8C, 0x3C, 0x8C, 0x82, 0x8C, 0xDA, 0x8D, 0x1A, 0x8D, 0xD8,
0x8E, 0x44, 0x8E, 0x5C, 0x8E, 0x74, 0x8E, 0xD0, 0x8F, 0x22, 0x90, 0x14,
0x90, 0x28, 0x90, 0x28, 0x90, 0xE0, 0x00, 0x00, 0x00, 0x00, 0x00, 0x1A,
0x01, 0x3E, 0x00, 0x01, 0x00, 0x00, 0x00, 0x00, 0x00, 0x00, 0x00, 0x1B,
0x00, 0x00, 0x00, 0x01, 0x00, 0x00, 0x00, 0x00, 0x00, 0x01, 0x00, 0x13,
0x00, 0x1B, 0x00, 0x01, 0x00, 0x00, 0x00, 0x00, 0x00, 0x02, 0x00, 0x07,
0x00, 0x2E, 0x00, 0x01, 0x00, 0x00, 0x00, 0x00, 0x00, 0x03, 0x00, 0x21,
0x00, 0x35, 0x00, 0x01, 0x00, 0x00, 0x00, 0x00, 0x00, 0x04, 0x00, 0x13,
0x00, 0x56, 0x00, 0x01, 0x00, 0x00, 0x00, 0x00, 0x00, 0x05, 0x00, 0x09,
0x00, 0x69, 0x00, 0x01, 0x00, 0x00, 0x00, 0x00, 0x00, 0x06, 0x00, 0x10,
0x00, 0x72, 0x00, 0x01, 0x00, 0x00, 0x00, 0x00, 0x00, 0x07, 0x00, 0x1B,
0x00, 0x82, 0x00, 0x01, 0x00, 0x00, 0x00, 0x00, 0x00, 0x08, 0x00, 0x03,
0x00, 0x9D, 0x00, 0x01, 0x00, 0x00, 0x00, 0x00, 0x00, 0x09, 0x00, 0x1B,
0x00, 0xA0, 0x00, 0x01, 0x00, 0x00, 0x00, 0x00, 0x00, 0x0A, 0x00, 0x1B,
0x00, 0xBB, 0x00, 0x01, 0x00, 0x00, 0x00, 0x00, 0x00, 0x0B, 0x00, 0x1B,
0x00, 0xD6, 0x00, 0x01, 0x00, 0x00, 0x00, 0x00, 0x00, 0x0C, 0x00, 0x1B,
0x00, 0xF1, 0x00, 0x03, 0x00, 0x01, 0x04, 0x09, 0x00, 0x00, 0x00, 0x36,
0x01, 0x0C, 0x00, 0x03, 0x00, 0x01, 0x04, 0x09, 0x00, 0x01, 0x00, 0x26,
0x01, 0x42, 0x00, 0x03, 0x00, 0x01, 0x04, 0x09, 0x00, 0x02, 0x00, 0x0E,
0x01, 0x68, 0x00, 0x03, 0x00, 0x01, 0x04, 0x09, 0x00, 0x03, 0x00, 0x42,
0x01, 0x76, 0x00, 0x03, 0x00, 0x01, 0x04, 0x09, 0x00, 0x04, 0x00, 0x26,
0x01, 0xB8, 0x00, 0x03, 0x00, 0x01, 0x04, 0x09, 0x00, 0x05, 0x00, 0x12,
0x01, 0xDE, 0x00, 0x03, 0x00, 0x01, 0x04, 0x09, 0x00, 0x06, 0x00, 0x20,
0x01, 0xF0, 0x00, 0x03, 0x00, 0x01, 0x04, 0x09, 0x00, 0x07, 0x00, 0x36,
0x02, 0x10, 0x00, 0x03, 0x00, 0x01, 0x04, 0x09, 0x00, 0x08, 0x00, 0x06,
0x02, 0x46, 0x00, 0x03, 0x00, 0x01, 0x04, 0x09, 0x00, 0x09, 0x00, 0x36,
0x02, 0x4C, 0x00, 0x03, 0x00, 0x01, 0x04, 0x09, 0x00, 0x0A, 0x00, 0x36,
0x02, 0x82, 0x00, 0x03, 0x00, 0x01, 0x04, 0x09, 0x00, 0x0B, 0x00, 0x36,
0x02, 0xB8, 0x00, 0x03, 0x00, 0x01, 0x04, 0x09, 0x00, 0x0C, 0x00, 0x36,
0x02, 0xEE, 0x68, 0x74, 0x74, 0x70, 0x3A, 0x2F, 0x2F, 0x77, 0x77, 0x77,
0x2E, 0x66, 0x61, 0x74, 0x6F, 0x72, 0x63, 0x61, 0x6F, 0x73, 0x2E, 0x63,
0x6F, 0x6D, 0x2E, 0x62, 0x72, 0x50, 0x65, 0x72, 0x66, 0x65, 0x63, 0x74,
0x20, 0x44, 0x4F, 0x53, 0x20, 0x56, 0x47, 0x41, 0x20, 0x34, 0x33, 0x37,
0x52, 0x65, 0x67, 0x75, 0x6C, 0x61, 0x72, 0x7A, 0x65, 0x68, 0x3A, 0x20,
0x50, 0x69, 0x78, 0x65, 0x6C, 0x20, 0x50, 0x65, 0x72, 0x66, 0x65, 0x63,
0x74, 0x20, 0x54, 0x65, 0x6D, 0x70, 0x6C, 0x61, 0x74, 0x65, 0x3A, 0x20,
0x32, 0x30, 0x30, 0x32, 0x50, 0x65, 0x72, 0x66, 0x65, 0x63, 0x74, 0x20,
0x44, 0x4F, 0x53, 0x20, 0x56, 0x47, 0x41, 0x20, 0x34, 0x33, 0x37, 0x32,
0x30, 0x30, 0x33, 0x3B, 0x20, 0x31, 0x2E, 0x30, 0x50, 0x65, 0x72, 0x66,
0x65, 0x63, 0x74, 0x44, 0x4F, 0x53, 0x56, 0x47, 0x41, 0x34, 0x33, 0x37,
0x68, 0x74, 0x74, 0x70, 0x3A, 0x2F, 0x2F, 0x77, 0x77, 0x77, 0x2E, 0x66,
0x61, 0x74, 0x6F, 0x72, 0x63, 0x61, 0x6F, 0x73, 0x2E, 0x63, 0x6F, 0x6D,
0x2E, 0x62, 0x72, 0x7A, 0x65, 0x68, 0x68, 0x74, 0x74, 0x70, 0x3A, 0x2F,
0x2F, 0x77, 0x77, 0x77, 0x2E, 0x66, 0x61, 0x74, 0x6F, 0x72, 0x63, 0x61,
0x6F, 0x73, 0x2E, 0x63, 0x6F, 0x6D, 0x2E, 0x62, 0x72, 0x68, 0x74, 0x74,
0x70, 0x3A, 0x2F, 0x2F, 0x77, 0x77, 0x77, 0x2E, 0x66, 0x61, 0x74, 0x6F,
0x72, 0x63, 0x61, 0x6F, 0x73, 0x2E, 0x63, 0x6F, 0x6D, 0x2E, 0x62, 0x72,
0x68, 0x74, 0x74, 0x70, 0x3A, 0x2F, 0x2F, 0x77, 0x77, 0x77, 0x2E, 0x66,
0x61, 0x74, 0x6F, 0x72, 0x63, 0x61, 0x6F, 0x73, 0x2E, 0x63, 0x6F, 0x6D,
0x2E, 0x62, 0x72, 0x68, 0x74, 0x74, 0x70, 0x3A, 0x2F, 0x2F, 0x77, 0x77,
0x77, 0x2E, 0x66, 0x61, 0x74, 0x6F, 0x72, 0x63, 0x61, 0x6F, 0x73, 0x2E,
0x63, 0x6F, 0x6D, 0x2E, 0x62, 0x72, 0x00, 0x68, 0x00, 0x74, 0x00, 0x74,
0x00, 0x70, 0x00, 0x3A, 0x00, 0x2F, 0x00, 0x2F, 0x00, 0x77, 0x00, 0x77,
0x00, 0x77, 0x00, 0x2E, 0x00, 0x66, 0x00, 0x61, 0x00, 0x74, 0x00, 0x6F,
0x00, 0x72, 0x00, 0x63, 0x00, 0x61, 0x00, 0x6F, 0x00, 0x73, 0x00, 0x2E,
0x00, 0x63, 0x00, 0x6F, 0x00, 0x6D, 0x00, 0x2E, 0x00, 0x62, 0x00, 0x72,
0x00, 0x50, 0x00, 0x65, 0x00, 0x72, 0x00, 0x66, 0x00, 0x65, 0x00, 0x63,
0x00, 0x74, 0x00, 0x20, 0x00, 0x44, 0x00, 0x4F, 0x00, 0x53, 0x00, 0x20,
0x00, 0x56, 0x00, 0x47, 0x00, 0x41, 0x00, 0x20, 0x00, 0x34, 0x00, 0x33,
0x00, 0x37, 0x00, 0x52, 0x00, 0x65, 0x00, 0x67, 0x00, 0x75, 0x00, 0x6C,
0x00, 0x61, 0x00, 0x72, 0x00, 0x7A, 0x00, 0x65, 0x00, 0x68, 0x00, 0x3A,
0x00, 0x20, 0x00, 0x50, 0x00, 0x69, 0x00, 0x78, 0x00, 0x65, 0x00, 0x6C,
0x00, 0x20, 0x00, 0x50, 0x00, 0x65, 0x00, 0x72, 0x00, 0x66, 0x00, 0x65,
0x00, 0x63, 0x00, 0x74, 0x00, 0x20, 0x00, 0x54, 0x00, 0x65, 0x00, 0x6D,
0x00, 0x70, 0x00, 0x6C, 0x00, 0x61, 0x00, 0x74, 0x00, 0x65, 0x00, 0x3A,
0x00, 0x20, 0x00, 0x32, 0x00, 0x30, 0x00, 0x30, 0x00, 0x32, 0x00, 0x50,
0x00, 0x65, 0x00, 0x72, 0x00, 0x66, 0x00, 0x65, 0x00, 0x63, 0x00, 0x74,
0x00, 0x20, 0x00, 0x44, 0x00, 0x4F, 0x00, 0x53, 0x00, 0x20, 0x00, 0x56,
0x00, 0x47, 0x00, 0x41, 0x00, 0x20, 0x00, 0x34, 0x00, 0x33, 0x00, 0x37,
0x00, 0x32, 0x00, 0x30, 0x00, 0x30, 0x00, 0x33, 0x00, 0x3B, 0x00, 0x20,
0x00, 0x31, 0x00, 0x2E, 0x00, 0x30, 0x00, 0x50, 0x00, 0x65, 0x00, 0x72,
0x00, 0x66, 0x00, 0x65, 0x00, 0x63, 0x00, 0x74, 0x00, 0x44, 0x00, 0x4F,
0x00, 0x53, 0x00, 0x56, 0x00, 0x47, 0x00, 0x41, 0x00, 0x34, 0x00, 0x33,
0x00, 0x37, 0x00, 0x68, 0x00, 0x74, 0x00, 0x74, 0x00, 0x70, 0x00, 0x3A,
0x00, 0x2F, 0x00, 0x2F, 0x00, 0x77, 0x00, 0x77, 0x00, 0x77, 0x00, 0x2E,
0x00, 0x66, 0x00, 0x61, 0x00, 0x74, 0x00, 0x6F, 0x00, 0x72, 0x00, 0x63,
0x00, 0x61, 0x00, 0x6F, 0x00, 0x73, 0x00, 0x2E, 0x00, 0x63, 0x00, 0x6F,
0x00, 0x6D, 0x00, 0x2E, 0x00, 0x62, 0x00, 0x72, 0x00, 0x7A, 0x00, 0x65,
0x00, 0x68, 0x00, 0x68, 0x00, 0x74, 0x00, 0x74, 0x00, 0x70, 0x00, 0x3A,
0x00, 0x2F, 0x00, 0x2F, 0x00, 0x77, 0x00, 0x77, 0x00, 0x77, 0x00, 0x2E,
0x00, 0x66, 0x00, 0x61, 0x00, 0x74, 0x00, 0x6F, 0x00, 0x72, 0x00, 0x63,
0x00, 0x61, 0x00, 0x6F, 0x00, 0x73, 0x00, 0x2E, 0x00, 0x63, 0x00, 0x6F,
0x00, 0x6D, 0x00, 0x2E, 0x00, 0x62, 0x00, 0x72, 0x00, 0x68, 0x00, 0x74,
0x00, 0x74, 0x00, 0x70, 0x00, 0x3A, 0x00, 0x2F, 0x00, 0x2F, 0x00, 0x77,
0x00, 0x77, 0x00, 0x77, 0x00, 0x2E, 0x00, 0x66, 0x00, 0x61, 0x00, 0x74,
0x00, 0x6F, 0x00, 0x72, 0x00, 0x63, 0x00, 0x61, 0x00, 0x6F, 0x00, 0x73,
0x00, 0x2E, 0x00, 0x63, 0x00, 0x6F, 0x00, 0x6D, 0x00, 0x2E, 0x00, 0x62,
0x00, 0x72, 0x00, 0x68, 0x00, 0x74, 0x00, 0x74, 0x00, 0x70, 0x00, 0x3A,
0x00, 0x2F, 0x00, 0x2F, 0x00, 0x77, 0x00, 0x77, 0x00, 0x77, 0x00, 0x2E,
0x00, 0x66, 0x00, 0x61, 0x00, 0x74, 0x00, 0x6F, 0x00, 0x72, 0x00, 0x63,
0x00, 0x61, 0x00, 0x6F, 0x00, 0x73, 0x00, 0x2E, 0x00, 0x63, 0x00, 0x6F,
0x00, 0x6D, 0x00, 0x2E, 0x00, 0x62, 0x00, 0x72, 0x00, 0x68, 0x00, 0x74,
0x00, 0x74, 0x00, 0x70, 0x00, 0x3A, 0x00, 0x2F, 0x00, 0x2F, 0x00, 0x77,
0x00, 0x77, 0x00, 0x77, 0x00, 0x2E, 0x00, 0x66, 0x00, 0x61, 0x00, 0x74,
0x00, 0x6F, 0x00, 0x72, 0x00, 0x63, 0x00, 0x61, 0x00, 0x6F, 0x00, 0x73,
0x00, 0x2E, 0x00, 0x63, 0x00, 0x6F, 0x00, 0x6D, 0x00, 0x2E, 0x00, 0x62,
0x00, 0x72, 0x00, 0x00, 0x00, 0x02, 0x00, 0x00, 0x00, 0x00, 0x00, 0x00,
0xFF, 0x80, 0x01, 0x00, 0x00, 0x00, 0x00, 0x01, 0x00, 0x00, 0x00, 0x00,
0x00, 0x00, 0x00, 0x00, 0x00, 0x00, 0x00, 0x00, 0x00, 0x00, 0x00, 0x00,
0x01, 0x00, 0x00, 0x00, 0x01, 0x02, 0x01, 0x03, 0x01, 0x04, 0x01, 0x05,
0x01, 0x06, 0x01, 0x07, 0x01, 0x08, 0x01, 0x09, 0x01, 0x0A, 0x01, 0x0B,
0x01, 0x0C, 0x01, 0x0D, 0x01, 0x0E, 0x01, 0x0F, 0x01, 0x10, 0x01, 0x11,
0x01, 0x12, 0x01, 0x13, 0x01, 0x14, 0x01, 0x15, 0x01, 0x16, 0x01, 0x17,
0x01, 0x18, 0x01, 0x19, 0x01, 0x1A, 0x01, 0x1B, 0x01, 0x1C, 0x01, 0x1D,
0x01, 0x1E, 0x01, 0x1F, 0x01, 0x20, 0x00, 0x04, 0x00, 0x05, 0x00, 0x06,
0x00, 0x07, 0x01, 0x21, 0x00, 0x09, 0x00, 0x0A, 0x00, 0x0B, 0x00, 0x0C,
0x00, 0x0D, 0x00, 0x0E, 0x00, 0x0F, 0x00, 0x10, 0x00, 0x11, 0x00, 0x12,
0x00, 0x13, 0x00, 0x14, 0x00, 0x15, 0x00, 0x16, 0x00, 0x17, 0x00, 0x18,
0x00, 0x19, 0x00, 0x1A, 0x00, 0x1B, 0x00, 0x1C, 0x00, 0x1D, 0x00, 0x1E,
0x00, 0x1F, 0x00, 0x20, 0x00, 0x21, 0x00, 0x22, 0x00, 0x23, 0x00, 0x24,
0x00, 0x25, 0x00, 0x26, 0x00, 0x27, 0x00, 0x28, 0x00, 0x29, 0x00, 0x2A,
0x00, 0x2B, 0x00, 0x2C, 0x00, 0x2D, 0x00, 0x2E, 0x00, 0x2F, 0x00, 0x30,
0x00, 0x31, 0x00, 0x32, 0x00, 0x33, 0x00, 0x34, 0x00, 0x35, 0x00, 0x36,
0x00, 0x37, 0x00, 0x38, 0x00, 0x39, 0x00, 0x3A, 0x00, 0x3B, 0x00, 0x3C,
0x00, 0x3D, 0x00, 0x3E, 0x00, 0x3F, 0x00, 0x40, 0x00, 0x41, 0x00, 0x42,
0x00, 0x43, 0x00, 0x44, 0x00, 0x45, 0x00, 0x46, 0x00, 0x47, 0x00, 0x48,
0x00, 0x49, 0x00, 0x4A, 0x00, 0x4B, 0x00, 0x4C, 0x00, 0x4D, 0x00, 0x4E,
0x00, 0x4F, 0x00, 0x50, 0x00, 0x51, 0x00, 0x52, 0x00, 0x53, 0x00, 0x54,
0x00, 0x55, 0x00, 0x56, 0x00, 0x57, 0x00, 0x58, 0x00, 0x59, 0x00, 0x5A,
0x00, 0x5B, 0x00, 0x5C, 0x00, 0x5D, 0x00, 0x5E, 0x00, 0x5F, 0x00, 0x60,
0x00, 0x61, 0x01, 0x22, 0x01, 0x23, 0x01, 0x24, 0x00, 0xC4, 0x00, 0xA6,
0x00, 0xC5, 0x00, 0xAB, 0x00, 0x82, 0x00, 0xC2, 0x00, 0xD8, 0x00, 0xC6,
0x00, 0xE4, 0x00, 0xBE, 0x00, 0xB0, 0x01, 0x25, 0x01, 0x26, 0x01, 0x27,
0x01, 0x28, 0x00, 0xB6, 0x00, 0xB7, 0x00, 0xB4, 0x00, 0xB5, 0x00, 0x87,
0x00, 0xB2, 0x00, 0xB3, 0x00, 0xD9, 0x00, 0x8C, 0x00, 0xE5, 0x00, 0xBF,
0x00, 0xB1, 0x01, 0x29, 0x01, 0x2A, 0x00, 0xBB, 0x00, 0xAC, 0x00, 0xA3,
0x00, 0x84, 0x00, 0x85, 0x00, 0xBD, 0x00, 0x96, 0x00, 0xE8, 0x00, 0x86,
0x00, 0x8E, 0x00, 0x8B, 0x00, 0x9D, 0x00, 0xA9, 0x00, 0xA4, 0x01, 0x2B,
0x00, 0x8A, 0x01, 0x2C, 0x01, 0x2D, 0x00, 0x93, 0x00, 0xF2, 0x00, 0xF3,
0x00, 0x8D, 0x00, 0x97, 0x00, 0x88, 0x01, 0x2E, 0x00, 0xDE, 0x00, 0xF1,
0x00, 0x9E, 0x00, 0xAA, 0x00, 0xF5, 0x00, 0xF4, 0x00, 0xF6, 0x00, 0xA2,
0x00, 0xAD, 0x00, 0xC9, 0x00, 0xC7, 0x00, 0xAE, 0x01, 0x2F, 0x00, 0x63,
0x00, 0x90, 0x00, 0x64, 0x00, 0xCB, 0x00, 0x65, 0x00, 0xC8, 0x00, 0xCA,
0x00, 0xCF, 0x00, 0xCC, 0x00, 0xCD, 0x00, 0xCE, 0x00, 0xE9, 0x00, 0x66,
0x00, 0xD3, 0x00, 0xD0, 0x00, 0xD1, 0x00, 0xAF, 0x00, 0x67, 0x00, 0xF0,
0x00, 0x91, 0x00, 0xD6, 0x00, 0xD4, 0x00, 0xD5, 0x00, 0x68, 0x00, 0xEB,
0x00, 0xED, 0x00, 0x89, 0x00, 0x6A, 0x00, 0x69, 0x00, 0x6B, 0x00, 0x6D,
0x00, 0x6C, 0x00, 0x6E, 0x00, 0xA0, 0x00, 0x6F, 0x00, 0x71, 0x00, 0x70,
0x00, 0x72, 0x00, 0x73, 0x00, 0x75, 0x00, 0x74, 0x00, 0x76, 0x00, 0x77,
0x00, 0xEA, 0x00, 0x78, 0x00, 0x7A, 0x00, 0x79, 0x00, 0x7B, 0x00, 0x7D,
0x00, 0x7C, 0x00, 0xB8, 0x00, 0xA1, 0x00, 0x7F, 0x00, 0x7E, 0x00, 0x80,
0x00, 0x81, 0x00, 0xEC, 0x01, 0x30, 0x00, 0xBA, 0x01, 0x31, 0x07, 0x75,
0x6E, 0x69, 0x30, 0x30, 0x30, 0x32, 0x07, 0x75, 0x6E, 0x69, 0x30, 0x30,
0x30, 0x33, 0x07, 0x75, 0x6E, 0x69, 0x30, 0x30, 0x30, 0x34, 0x07, 0x75,
0x6E, 0x69, 0x30, 0x30, 0x30, 0x35, 0x07, 0x75, 0x6E, 0x69, 0x30, 0x30,
0x30, 0x36, 0x07, 0x75, 0x6E, 0x69, 0x30, 0x30, 0x30, 0x37, 0x07, 0x75,
0x6E, 0x69, 0x30, 0x30, 0x30, 0x38, 0x07, 0x75, 0x6E, 0x69, 0x30, 0x30,
0x30, 0x39, 0x07, 0x75, 0x6E, 0x69, 0x30, 0x30, 0x30, 0x41, 0x07, 0x75,
0x6E, 0x69, 0x30, 0x30, 0x30, 0x42, 0x07, 0x75, 0x6E, 0x69, 0x30, 0x30,
0x30, 0x43, 0x07, 0x75, 0x6E, 0x69, 0x30, 0x30, 0x30, 0x44, 0x07, 0x75,
0x6E, 0x69, 0x30, 0x30, 0x30, 0x45, 0x07, 0x75, 0x6E, 0x69, 0x30, 0x30,
0x30, 0x46, 0x07, 0x75, 0x6E, 0x69, 0x30, 0x30, 0x31, 0x30, 0x07, 0x75,
0x6E, 0x69, 0x30, 0x30, 0x31, 0x31, 0x07, 0x75, 0x6E, 0x69, 0x30, 0x30,
0x31, 0x32, 0x07, 0x75, 0x6E, 0x69, 0x30, 0x30, 0x31, 0x33, 0x07, 0x75,
0x6E, 0x69, 0x30, 0x30, 0x31, 0x34, 0x07, 0x75, 0x6E, 0x69, 0x30, 0x30,
0x31, 0x35, 0x07, 0x75, 0x6E, 0x69, 0x30, 0x30, 0x31, 0x36, 0x07, 0x75,
0x6E, 0x69, 0x30, 0x30, 0x31, 0x37, 0x07, 0x75, 0x6E, 0x69, 0x30, 0x30,
0x31, 0x38, 0x07, 0x75, 0x6E, 0x69, 0x30, 0x30, 0x31, 0x39, 0x07, 0x75,
0x6E, 0x69, 0x30, 0x30, 0x31, 0x41, 0x07, 0x75, 0x6E, 0x69, 0x30, 0x30,
0x31, 0x42, 0x07, 0x75, 0x6E, 0x69, 0x30, 0x30, 0x31, 0x43, 0x07, 0x75,
0x6E, 0x69, 0x30, 0x30, 0x31, 0x44, 0x07, 0x75, 0x6E, 0x69, 0x30, 0x30,
0x31, 0x45, 0x07, 0x75, 0x6E, 0x69, 0x30, 0x30, 0x31, 0x46, 0x0C, 0x76,
0x69, 0x73, 0x69, 0x62, 0x6C, 0x65, 0x73, 0x70, 0x61, 0x63, 0x65, 0x07,
0x75, 0x6E, 0x69, 0x30, 0x30, 0x32, 0x35, 0x07, 0x75, 0x6E, 0x69, 0x30,
0x30, 0x37, 0x46, 0x04, 0x45, 0x75, 0x72, 0x6F, 0x07, 0x75, 0x6E, 0x69,
0x30, 0x30, 0x38, 0x31, 0x07, 0x75, 0x6E, 0x69, 0x30, 0x30, 0x38, 0x44,
0x07, 0x75, 0x6E, 0x69, 0x30, 0x30, 0x38, 0x45, 0x07, 0x75, 0x6E, 0x69,
0x30, 0x30, 0x38, 0x46, 0x07, 0x75, 0x6E, 0x69, 0x30, 0x30, 0x39, 0x30,
0x07, 0x75, 0x6E, 0x69, 0x30, 0x30, 0x39, 0x44, 0x07, 0x75, 0x6E, 0x69,
0x30, 0x30, 0x39, 0x45, 0x07, 0x75, 0x6E, 0x69, 0x30, 0x30, 0x41, 0x44,
0x06, 0x6D, 0x61, 0x63, 0x72, 0x6F, 0x6E, 0x07, 0x6C, 0x74, 0x73, 0x68,
0x61, 0x64, 0x65, 0x0E, 0x70, 0x65, 0x72, 0x69, 0x6F, 0x64, 0x63, 0x65,
0x6E, 0x74, 0x65, 0x72, 0x65, 0x64, 0x08, 0x53, 0x46, 0x31, 0x30, 0x30,
0x30, 0x30, 0x30, 0x07, 0x75, 0x6E, 0x69, 0x32, 0x35, 0x41, 0x30, 0x07,
0x75, 0x6E, 0x69, 0x30, 0x30, 0x30, 0x31, 0x00, 0x00, 0x00, 0x00, 0x03,
0x00, 0x08, 0x00, 0x02, 0x00, 0x10, 0x00, 0x01, 0xFF, 0xFF, 0x00, 0x03
};
